{
"type": "FeatureCollection",
"name": "dc_plot_wgs84",
"crs": { "type": "name", "properties": { "name": "urn:ogc:def:crs:OGC:1.3:CRS84" } },
"features": [
{ "type": "Feature", "properties": { "Z_max": 16.4, "id": "0" }, "geometry": { "type": "Polygon", "coordinates": [ [ [ 13.84164, 52.8805 ], [ 13.84165, 52.8805 ], [ 13.84165, 52.88048 ], [ 13.84144, 52.88048 ], [ 13.84144, 52.8805 ], [ 13.84149, 52.88052 ], [ 13.84152, 52.88052 ], [ 13.84153, 52.88053 ], [ 13.84154, 52.88053 ], [ 13.84154, 52.88051 ], [ 13.84155, 52.8805 ], [ 13.84159, 52.8805 ], [ 13.84159, 52.88051 ], [ 13.8416, 52.88051 ], [ 13.84161, 52.88051 ], [ 13.84163, 52.88052 ], [ 13.84164, 52.8805 ] ] ] } },
{ "type": "Feature", "properties": { "Z_max": 17.1, "id": "1" }, "geometry": { "type": "Polygon", "coordinates": [ [ [ 13.84157, 52.88046 ], [ 13.84154, 52.88044 ], [ 13.84153, 52.88043 ], [ 13.84153, 52.88043 ], [ 13.84149, 52.88043 ], [ 13.84149, 52.88043 ], [ 13.84146, 52.88044 ], [ 13.84144, 52.88045 ], [ 13.84144, 52.88048 ], [ 13.84148, 52.88048 ], [ 13.84152, 52.88048 ], [ 13.84152, 52.88049 ], [ 13.84153, 52.88048 ], [ 13.84154, 52.88047 ], [ 13.84158, 52.88048 ], [ 13.84163, 52.88048 ], [ 13.84163, 52.88047 ], [ 13.84162, 52.88046 ], [ 13.84157, 52.88046 ] ] ] } },
{ "type": "Feature", "properties": { "Z_max": 15.0, "id": "2" }, "geometry": { "type": "Polygon", "coordinates": [ [ [ 13.84149, 52.88035 ], [ 13.84149, 52.88036 ], [ 13.8415, 52.88036 ], [ 13.8415, 52.88035 ], [ 13.84149, 52.88035 ] ] ] } },
{ "type": "Feature", "properties": { "Z_max": 24.9, "id": "3" }, "geometry": { "type": "Polygon", "coordinates": [ [ [ 13.8416, 52.8802 ], [ 13.8416, 52.8802 ], [ 13.84154, 52.88016 ], [ 13.84153, 52.88016 ], [ 13.84152, 52.88016 ], [ 13.84148, 52.88017 ], [ 13.84147, 52.88017 ], [ 13.84146, 52.8802 ], [ 13.84148, 52.88024 ], [ 13.84151, 52.88024 ], [ 13.84151, 52.88025 ], [ 13.84158, 52.88025 ], [ 13.84158, 52.88024 ], [ 13.8416, 52.88024 ], [ 13.84159, 52.88023 ], [ 13.84161, 52.88023 ], [ 13.84161, 52.88021 ], [ 13.8416, 52.8802 ] ] ] } },
{ "type": "Feature", "properties": { "Z_max": 24.8, "id": "4" }, "geometry": { "type": "Polygon", "coordinates": [ [ [ 13.84157, 52.88007 ], [ 13.84159, 52.88006 ], [ 13.84159, 52.88004 ], [ 13.84151, 52.88005 ], [ 13.84144, 52.88005 ], [ 13.84144, 52.88005 ], [ 13.84145, 52.88006 ], [ 13.84146, 52.88006 ], [ 13.84151, 52.88006 ], [ 13.84156, 52.88009 ], [ 13.84157, 52.88009 ], [ 13.84157, 52.88007 ] ] ] } },
{ "type": "Feature", "properties": { "Z_max": 27.6, "id": "5" }, "geometry": { "type": "Polygon", "coordinates": [ [ [ 13.84158, 52.88026 ], [ 13.84157, 52.88026 ], [ 13.84157, 52.88025 ], [ 13.84153, 52.88025 ], [ 13.84148, 52.88022 ], [ 13.84148, 52.88021 ], [ 13.84145, 52.88021 ], [ 13.84142, 52.88025 ], [ 13.84142, 52.88026 ], [ 13.84145, 52.88028 ], [ 13.84145, 52.88029 ], [ 13.84151, 52.88031 ], [ 13.84153, 52.88031 ], [ 13.84157, 52.88029 ], [ 13.84157, 52.88028 ], [ 13.84158, 52.88028 ], [ 13.84158, 52.88026 ] ] ] } },
{ "type": "Feature", "properties": { "Z_max": 17.0, "id": "6" }, "geometry": { "type": "Polygon", "coordinates": [ [ [ 13.84142, 52.88054 ], [ 13.84138, 52.88054 ], [ 13.84138, 52.88059 ], [ 13.84141, 52.8806 ], [ 13.84141, 52.88061 ], [ 13.84142, 52.88061 ], [ 13.84145, 52.88058 ], [ 13.84142, 52.88054 ] ] ] } },
{ "type": "Feature", "properties": { "Z_max": 28.3, "id": "7" }, "geometry": { "type": "Polygon", "coordinates": [ [ [ 13.84153, 52.88013 ], [ 13.84154, 52.88012 ], [ 13.84156, 52.88012 ], [ 13.84156, 52.88011 ], [ 13.84157, 52.88011 ], [ 13.84158, 52.8801 ], [ 13.84152, 52.88007 ], [ 13.84148, 52.88007 ], [ 13.84145, 52.88008 ], [ 13.84145, 52.88009 ], [ 13.84145, 52.8801 ], [ 13.84146, 52.8801 ], [ 13.84148, 52.88011 ], [ 13.84149, 52.88014 ], [ 13.84148, 52.88016 ], [ 13.84151, 52.88016 ], [ 13.84152, 52.88016 ], [ 13.84153, 52.88013 ] ] ] } },
{ "type": "Feature", "properties": { "Z_max": 18.9, "id": "8" }, "geometry": { "type": "Polygon", "coordinates": [ [ [ 13.8414, 52.88059 ], [ 13.84139, 52.88059 ], [ 13.84136, 52.88059 ], [ 13.84135, 52.88059 ], [ 13.84134, 52.88059 ], [ 13.84134, 52.8806 ], [ 13.84133, 52.88062 ], [ 13.84132, 52.88061 ], [ 13.84132, 52.88062 ], [ 13.84139, 52.88062 ], [ 13.8414, 52.88061 ], [ 13.84141, 52.88061 ], [ 13.84141, 52.8806 ], [ 13.8414, 52.88059 ] ] ] } },
{ "type": "Feature", "properties": { "Z_max": 25.3, "id": "9" }, "geometry": { "type": "Polygon", "coordinates": [ [ [ 13.84146, 52.88018 ], [ 13.84142, 52.88018 ], [ 13.84142, 52.88016 ], [ 13.84141, 52.88016 ], [ 13.84141, 52.88019 ], [ 13.84141, 52.88019 ], [ 13.84142, 52.88021 ], [ 13.84144, 52.88023 ], [ 13.84145, 52.88022 ], [ 13.84145, 52.88021 ], [ 13.84146, 52.88021 ], [ 13.84146, 52.88018 ] ] ] } },
{ "type": "Feature", "properties": { "Z_max": 15.9, "id": "10" }, "geometry": { "type": "Polygon", "coordinates": [ [ [ 13.84141, 52.88046 ], [ 13.84136, 52.88046 ], [ 13.84133, 52.88047 ], [ 13.84132, 52.88048 ], [ 13.84134, 52.88048 ], [ 13.84134, 52.8805 ], [ 13.84138, 52.8805 ], [ 13.84141, 52.88049 ], [ 13.84141, 52.88046 ] ] ] } },
{ "type": "Feature", "properties": { "Z_max": 15.4, "id": "11" }, "geometry": { "type": "Polygon", "coordinates": [ [ [ 13.84143, 52.88038 ], [ 13.84139, 52.88038 ], [ 13.84139, 52.8804 ], [ 13.8414, 52.88041 ], [ 13.8414, 52.88043 ], [ 13.84143, 52.88043 ], [ 13.84143, 52.88038 ] ] ] } },
{ "type": "Feature", "properties": { "Z_max": 19.5, "id": "12" }, "geometry": { "type": "Polygon", "coordinates": [ [ [ 13.84138, 52.88054 ], [ 13.84136, 52.88054 ], [ 13.84135, 52.88052 ], [ 13.84134, 52.88053 ], [ 13.84132, 52.88053 ], [ 13.84132, 52.88056 ], [ 13.84128, 52.88056 ], [ 13.84128, 52.88055 ], [ 13.84126, 52.88055 ], [ 13.84126, 52.88058 ], [ 13.84127, 52.88057 ], [ 13.84131, 52.88058 ], [ 13.84132, 52.88058 ], [ 13.84134, 52.88059 ], [ 13.84135, 52.88059 ], [ 13.84136, 52.88058 ], [ 13.84138, 52.88058 ], [ 13.84138, 52.88054 ] ] ] } },
{ "type": "Feature", "properties": { "Z_max": 15.5, "id": "13" }, "geometry": { "type": "Polygon", "coordinates": [ [ [ 13.84141, 52.88035 ], [ 13.84142, 52.88034 ], [ 13.84141, 52.88034 ], [ 13.8414, 52.88033 ], [ 13.84137, 52.88033 ], [ 13.84137, 52.88033 ], [ 13.84136, 52.88033 ], [ 13.84133, 52.88034 ], [ 13.84133, 52.88037 ], [ 13.84134, 52.88037 ], [ 13.84134, 52.88038 ], [ 13.84142, 52.88038 ], [ 13.84143, 52.88038 ], [ 13.84141, 52.88035 ] ] ] } },
{ "type": "Feature", "properties": { "Z_max": 16.3, "id": "14" }, "geometry": { "type": "Polygon", "coordinates": [ [ [ 13.84138, 52.8804 ], [ 13.84138, 52.88038 ], [ 13.84133, 52.88038 ], [ 13.84132, 52.88039 ], [ 13.84131, 52.88039 ], [ 13.84133, 52.8804 ], [ 13.84132, 52.88042 ], [ 13.8414, 52.88042 ], [ 13.8414, 52.88041 ], [ 13.84138, 52.8804 ] ] ] } },
{ "type": "Feature", "properties": { "Z_max": 17.7, "id": "15" }, "geometry": { "type": "Polygon", "coordinates": [ [ [ 13.84134, 52.88059 ], [ 13.84133, 52.88059 ], [ 13.84132, 52.88058 ], [ 13.84126, 52.88058 ], [ 13.84125, 52.88058 ], [ 13.84125, 52.88059 ], [ 13.84128, 52.88061 ], [ 13.84128, 52.88064 ], [ 13.84133, 52.88061 ], [ 13.84134, 52.88059 ] ] ] } },
{ "type": "Feature", "properties": { "Z_max": 21.7, "id": "16" }, "geometry": { "type": "Polygon", "coordinates": [ [ [ 13.8414, 52.8803 ], [ 13.84142, 52.8803 ], [ 13.84141, 52.88029 ], [ 13.84139, 52.88029 ], [ 13.84139, 52.88028 ], [ 13.84138, 52.88027 ], [ 13.84137, 52.88029 ], [ 13.84136, 52.88029 ], [ 13.84136, 52.8803 ], [ 13.84138, 52.88031 ], [ 13.84137, 52.88032 ], [ 13.84139, 52.88032 ], [ 13.8414, 52.88032 ], [ 13.8414, 52.8803 ] ] ] } },
{ "type": "Feature", "properties": { "Z_max": 17.3, "id": "17" }, "geometry": { "type": "Polygon", "coordinates": [ [ [ 13.84132, 52.88053 ], [ 13.84129, 52.88053 ], [ 13.84126, 52.88054 ], [ 13.84128, 52.88056 ], [ 13.8413, 52.88057 ], [ 13.8413, 52.88056 ], [ 13.84131, 52.88056 ], [ 13.84132, 52.88056 ], [ 13.84132, 52.88053 ] ] ] } },
{ "type": "Feature", "properties": { "Z_max": 17.5, "id": "18" }, "geometry": { "type": "Polygon", "coordinates": [ [ [ 13.84134, 52.88048 ], [ 13.84133, 52.88048 ], [ 13.84132, 52.88046 ], [ 13.8413, 52.88046 ], [ 13.84127, 52.88048 ], [ 13.84124, 52.88048 ], [ 13.84123, 52.88049 ], [ 13.84124, 52.88049 ], [ 13.84127, 52.88049 ], [ 13.84128, 52.8805 ], [ 13.84133, 52.8805 ], [ 13.84134, 52.88048 ] ] ] } },
{ "type": "Feature", "properties": { "Z_max": 16.3, "id": "19" }, "geometry": { "type": "Polygon", "coordinates": [ [ [ 13.84122, 52.88071 ], [ 13.84119, 52.88072 ], [ 13.84116, 52.88072 ], [ 13.84115, 52.88073 ], [ 13.84118, 52.88075 ], [ 13.84123, 52.88074 ], [ 13.84124, 52.88074 ], [ 13.8413, 52.88074 ], [ 13.8413, 52.88073 ], [ 13.84127, 52.88071 ], [ 13.84122, 52.88071 ] ] ] } },
{ "type": "Feature", "properties": { "Z_max": 18.6, "id": "20" }, "geometry": { "type": "Polygon", "coordinates": [ [ [ 13.8413, 52.8805 ], [ 13.84128, 52.8805 ], [ 13.84123, 52.88049 ], [ 13.84122, 52.8805 ], [ 13.84121, 52.88051 ], [ 13.84121, 52.88051 ], [ 13.8412, 52.88052 ], [ 13.84122, 52.88052 ], [ 13.84125, 52.88054 ], [ 13.84128, 52.88054 ], [ 13.84129, 52.88053 ], [ 13.84133, 52.88053 ], [ 13.84134, 52.88052 ], [ 13.84135, 52.88052 ], [ 13.84135, 52.88051 ], [ 13.84134, 52.88051 ], [ 13.8413, 52.8805 ] ] ] } },
{ "type": "Feature", "properties": { "Z_max": 26.4, "id": "21" }, "geometry": { "type": "Polygon", "coordinates": [ [ [ 13.84145, 52.87999 ], [ 13.84145, 52.87999 ], [ 13.84147, 52.87998 ], [ 13.84147, 52.87996 ], [ 13.84144, 52.87994 ], [ 13.84144, 52.87991 ], [ 13.84141, 52.87991 ], [ 13.8414, 52.87993 ], [ 13.84139, 52.87994 ], [ 13.84137, 52.87995 ], [ 13.84135, 52.87996 ], [ 13.84135, 52.87999 ], [ 13.84136, 52.87999 ], [ 13.84137, 52.88 ], [ 13.84138, 52.88 ], [ 13.84138, 52.88001 ], [ 13.8414, 52.88001 ], [ 13.84141, 52.88002 ], [ 13.84144, 52.88002 ], [ 13.84145, 52.88001 ], [ 13.84145, 52.87999 ] ] ] } },
{ "type": "Feature", "properties": { "Z_max": 15.7, "id": "22" }, "geometry": { "type": "Polygon", "coordinates": [ [ [ 13.84137, 52.8803 ], [ 13.84136, 52.8803 ], [ 13.84133, 52.88028 ], [ 13.84132, 52.88028 ], [ 13.84132, 52.8803 ], [ 13.8413, 52.88031 ], [ 13.84131, 52.88032 ], [ 13.84134, 52.88032 ], [ 13.84134, 52.88033 ], [ 13.84134, 52.88034 ], [ 13.84136, 52.88034 ], [ 13.84136, 52.88033 ], [ 13.84137, 52.88033 ], [ 13.84137, 52.8803 ] ] ] } },
{ "type": "Feature", "properties": { "Z_max": 20.2, "id": "23" }, "geometry": { "type": "Polygon", "coordinates": [ [ [ 13.84145, 52.88007 ], [ 13.84144, 52.88005 ], [ 13.84144, 52.88002 ], [ 13.84142, 52.88002 ], [ 13.8414, 52.88001 ], [ 13.84137, 52.88003 ], [ 13.84136, 52.88003 ], [ 13.84138, 52.88004 ], [ 13.84137, 52.88006 ], [ 13.84135, 52.88006 ], [ 13.84135, 52.88006 ], [ 13.84139, 52.88009 ], [ 13.84141, 52.88009 ], [ 13.84146, 52.88007 ], [ 13.84146, 52.88007 ], [ 13.84145, 52.88007 ] ] ] } },
{ "type": "Feature", "properties": { "Z_max": 18.7, "id": "24" }, "geometry": { "type": "Polygon", "coordinates": [ [ [ 13.84121, 52.88058 ], [ 13.84119, 52.88058 ], [ 13.84119, 52.8806 ], [ 13.8412, 52.88063 ], [ 13.8412, 52.88064 ], [ 13.84127, 52.88064 ], [ 13.84128, 52.8806 ], [ 13.84124, 52.88058 ], [ 13.84121, 52.88058 ] ] ] } },
{ "type": "Feature", "properties": { "Z_max": 17.0, "id": "25" }, "geometry": { "type": "Polygon", "coordinates": [ [ [ 13.84123, 52.88069 ], [ 13.84122, 52.88068 ], [ 13.8412, 52.88068 ], [ 13.84119, 52.88069 ], [ 13.84119, 52.88072 ], [ 13.84121, 52.88072 ], [ 13.84123, 52.88071 ], [ 13.84127, 52.88071 ], [ 13.84128, 52.8807 ], [ 13.84129, 52.8807 ], [ 13.84129, 52.8807 ], [ 13.84123, 52.88069 ] ] ] } },
{ "type": "Feature", "properties": { "Z_max": 26.6, "id": "26" }, "geometry": { "type": "Polygon", "coordinates": [ [ [ 13.84134, 52.88034 ], [ 13.84133, 52.88033 ], [ 13.84127, 52.88033 ], [ 13.84126, 52.88034 ], [ 13.84125, 52.88034 ], [ 13.84125, 52.88035 ], [ 13.84124, 52.88035 ], [ 13.84123, 52.88036 ], [ 13.84122, 52.88037 ], [ 13.84122, 52.88038 ], [ 13.84124, 52.88039 ], [ 13.84124, 52.88041 ], [ 13.84126, 52.88041 ], [ 13.8413, 52.88039 ], [ 13.84131, 52.8804 ], [ 13.84131, 52.88038 ], [ 13.84132, 52.88039 ], [ 13.84132, 52.88038 ], [ 13.84134, 52.88038 ], [ 13.84134, 52.88034 ] ] ] } },
{ "type": "Feature", "properties": { "Z_max": 16.8, "id": "27" }, "geometry": { "type": "Polygon", "coordinates": [ [ [ 13.84118, 52.8807 ], [ 13.84119, 52.88069 ], [ 13.8412, 52.88069 ], [ 13.8412, 52.88068 ], [ 13.84117, 52.88067 ], [ 13.84117, 52.88067 ], [ 13.84114, 52.88067 ], [ 13.84112, 52.88069 ], [ 13.84112, 52.88071 ], [ 13.84114, 52.88072 ], [ 13.84118, 52.88072 ], [ 13.84118, 52.8807 ] ] ] } },
{ "type": "Feature", "properties": { "Z_max": 20.5, "id": "28" }, "geometry": { "type": "Polygon", "coordinates": [ [ [ 13.84134, 52.88015 ], [ 13.84133, 52.88014 ], [ 13.84131, 52.88014 ], [ 13.84131, 52.88016 ], [ 13.8413, 52.88017 ], [ 13.84132, 52.88017 ], [ 13.84132, 52.8802 ], [ 13.84133, 52.8802 ], [ 13.84133, 52.88019 ], [ 13.84135, 52.88019 ], [ 13.84134, 52.88015 ] ] ] } },
{ "type": "Feature", "properties": { "Z_max": 23.9, "id": "29" }, "geometry": { "type": "Polygon", "coordinates": [ [ [ 13.84139, 52.88008 ], [ 13.84138, 52.88008 ], [ 13.84137, 52.88007 ], [ 13.84134, 52.88007 ], [ 13.84132, 52.88008 ], [ 13.84131, 52.88009 ], [ 13.8413, 52.88009 ], [ 13.8413, 52.88012 ], [ 13.84132, 52.88012 ], [ 13.84134, 52.88012 ], [ 13.84135, 52.88011 ], [ 13.84138, 52.88011 ], [ 13.84138, 52.88011 ], [ 13.84139, 52.8801 ], [ 13.84139, 52.88008 ] ] ] } },
{ "type": "Feature", "properties": { "Z_max": 24.1, "id": "30" }, "geometry": { "type": "Polygon", "coordinates": [ [ [ 13.84135, 52.88006 ], [ 13.84133, 52.88006 ], [ 13.84129, 52.88004 ], [ 13.84126, 52.88004 ], [ 13.84123, 52.88005 ], [ 13.8412, 52.88005 ], [ 13.8412, 52.88007 ], [ 13.84127, 52.88007 ], [ 13.8413, 52.88009 ], [ 13.84132, 52.88009 ], [ 13.84136, 52.88007 ], [ 13.84136, 52.88007 ], [ 13.84135, 52.88006 ] ] ] } },
{ "type": "Feature", "properties": { "Z_max": 26.9, "id": "31" }, "geometry": { "type": "Polygon", "coordinates": [ [ [ 13.84139, 52.88001 ], [ 13.84135, 52.87998 ], [ 13.84134, 52.87999 ], [ 13.84134, 52.88001 ], [ 13.84133, 52.88001 ], [ 13.84131, 52.88001 ], [ 13.84131, 52.88004 ], [ 13.84131, 52.88004 ], [ 13.84132, 52.88005 ], [ 13.84133, 52.88005 ], [ 13.84133, 52.88005 ], [ 13.84135, 52.88004 ], [ 13.84135, 52.88003 ], [ 13.84138, 52.88002 ], [ 13.84139, 52.88001 ] ] ] } },
{ "type": "Feature", "properties": { "Z_max": 17.8, "id": "32" }, "geometry": { "type": "Polygon", "coordinates": [ [ [ 13.84117, 52.88054 ], [ 13.84116, 52.88053 ], [ 13.84114, 52.88054 ], [ 13.84115, 52.88056 ], [ 13.84113, 52.88057 ], [ 13.84113, 52.88059 ], [ 13.84118, 52.88059 ], [ 13.84122, 52.88057 ], [ 13.84117, 52.88054 ] ] ] } },
{ "type": "Feature", "properties": { "Z_max": 17.0, "id": "33" }, "geometry": { "type": "Polygon", "coordinates": [ [ [ 13.8412, 52.88065 ], [ 13.8412, 52.88064 ], [ 13.84115, 52.88063 ], [ 13.84114, 52.88062 ], [ 13.84113, 52.88062 ], [ 13.8411, 52.88064 ], [ 13.84108, 52.88064 ], [ 13.84108, 52.88064 ], [ 13.84109, 52.88064 ], [ 13.8411, 52.88065 ], [ 13.84111, 52.88066 ], [ 13.84111, 52.88066 ], [ 13.84112, 52.88066 ], [ 13.84113, 52.88067 ], [ 13.8412, 52.88065 ] ] ] } },
{ "type": "Feature", "properties": { "Z_max": 16.9, "id": "34" }, "geometry": { "type": "Polygon", "coordinates": [ [ [ 13.84126, 52.88021 ], [ 13.84126, 52.88022 ], [ 13.84127, 52.88022 ], [ 13.84127, 52.88021 ], [ 13.84126, 52.88021 ] ] ] } },
{ "type": "Feature", "properties": { "Z_max": 20.7, "id": "35" }, "geometry": { "type": "Polygon", "coordinates": [ [ [ 13.8413, 52.88013 ], [ 13.84126, 52.88013 ], [ 13.84123, 52.88015 ], [ 13.84123, 52.88016 ], [ 13.84127, 52.88016 ], [ 13.8413, 52.88015 ], [ 13.8413, 52.88013 ] ] ] } },
{ "type": "Feature", "properties": { "Z_max": 22.6, "id": "36" }, "geometry": { "type": "Polygon", "coordinates": [ [ [ 13.84129, 52.88007 ], [ 13.84118, 52.88007 ], [ 13.84117, 52.88007 ], [ 13.84117, 52.88009 ], [ 13.84119, 52.8801 ], [ 13.84126, 52.8801 ], [ 13.84126, 52.88011 ], [ 13.84128, 52.88011 ], [ 13.84127, 52.88013 ], [ 13.84128, 52.88013 ], [ 13.8413, 52.88013 ], [ 13.8413, 52.88009 ], [ 13.84129, 52.88007 ] ] ] } },
{ "type": "Feature", "properties": { "Z_max": 27.5, "id": "37" }, "geometry": { "type": "Polygon", "coordinates": [ [ [ 13.8412, 52.88035 ], [ 13.84118, 52.88035 ], [ 13.84115, 52.88035 ], [ 13.84113, 52.88037 ], [ 13.84112, 52.88037 ], [ 13.84112, 52.88037 ], [ 13.8411, 52.88038 ], [ 13.8411, 52.88039 ], [ 13.84111, 52.88039 ], [ 13.84113, 52.88041 ], [ 13.84114, 52.88041 ], [ 13.84117, 52.88045 ], [ 13.8412, 52.88045 ], [ 13.8412, 52.88043 ], [ 13.84124, 52.88042 ], [ 13.84124, 52.88038 ], [ 13.8412, 52.88035 ] ] ] } },
{ "type": "Feature", "properties": { "Z_max": 15.0, "id": "38" }, "geometry": { "type": "Polygon", "coordinates": [ [ [ 13.84112, 52.88072 ], [ 13.84108, 52.88071 ], [ 13.84108, 52.88071 ], [ 13.84105, 52.88072 ], [ 13.84104, 52.88073 ], [ 13.84104, 52.88073 ], [ 13.84105, 52.88074 ], [ 13.84105, 52.88074 ], [ 13.84111, 52.88074 ], [ 13.84112, 52.88073 ], [ 13.84112, 52.88072 ] ] ] } },
{ "type": "Feature", "properties": { "Z_max": 23.8, "id": "39" }, "geometry": { "type": "Polygon", "coordinates": [ [ [ 13.84132, 52.88032 ], [ 13.84128, 52.88029 ], [ 13.84126, 52.88029 ], [ 13.84125, 52.88028 ], [ 13.84125, 52.88027 ], [ 13.84124, 52.88027 ], [ 13.84123, 52.88028 ], [ 13.84123, 52.88028 ], [ 13.84121, 52.88028 ], [ 13.8412, 52.88029 ], [ 13.8412, 52.8803 ], [ 13.84118, 52.8803 ], [ 13.84118, 52.88031 ], [ 13.84114, 52.88031 ], [ 13.84113, 52.88031 ], [ 13.84112, 52.88031 ], [ 13.84112, 52.88033 ], [ 13.84115, 52.88035 ], [ 13.8412, 52.88035 ], [ 13.84122, 52.88036 ], [ 13.84123, 52.88036 ], [ 13.84129, 52.88033 ], [ 13.84134, 52.88033 ], [ 13.84134, 52.88033 ], [ 13.84132, 52.88032 ] ] ] } },
{ "type": "Feature", "properties": { "Z_max": 16.4, "id": "40" }, "geometry": { "type": "Polygon", "coordinates": [ [ [ 13.84109, 52.88065 ], [ 13.84108, 52.88065 ], [ 13.84108, 52.88066 ], [ 13.84107, 52.88066 ], [ 13.84107, 52.88067 ], [ 13.84105, 52.88068 ], [ 13.84105, 52.8807 ], [ 13.84106, 52.8807 ], [ 13.84107, 52.88071 ], [ 13.84107, 52.88071 ], [ 13.84109, 52.8807 ], [ 13.84112, 52.8807 ], [ 13.84112, 52.88069 ], [ 13.84114, 52.88068 ], [ 13.84109, 52.88065 ] ] ] } },
{ "type": "Feature", "properties": { "Z_max": 20.7, "id": "41" }, "geometry": { "type": "Polygon", "coordinates": [ [ [ 13.84125, 52.8801 ], [ 13.8412, 52.8801 ], [ 13.8412, 52.88012 ], [ 13.84125, 52.88013 ], [ 13.84127, 52.88013 ], [ 13.84127, 52.88011 ], [ 13.84125, 52.8801 ] ] ] } },
{ "type": "Feature", "properties": { "Z_max": 16.3, "id": "42" }, "geometry": { "type": "Polygon", "coordinates": [ [ [ 13.84112, 52.88058 ], [ 13.84108, 52.88058 ], [ 13.84107, 52.8806 ], [ 13.84106, 52.88061 ], [ 13.84105, 52.88061 ], [ 13.84108, 52.88064 ], [ 13.84111, 52.88064 ], [ 13.84112, 52.88063 ], [ 13.84112, 52.88058 ] ] ] } },
{ "type": "Feature", "properties": { "Z_max": 18.7, "id": "43" }, "geometry": { "type": "Polygon", "coordinates": [ [ [ 13.84114, 52.88054 ], [ 13.84112, 52.88054 ], [ 13.8411, 52.88054 ], [ 13.8411, 52.88055 ], [ 13.84107, 52.88055 ], [ 13.84107, 52.88056 ], [ 13.84108, 52.88056 ], [ 13.84109, 52.88057 ], [ 13.84108, 52.88058 ], [ 13.84113, 52.88058 ], [ 13.84113, 52.88056 ], [ 13.84114, 52.88056 ], [ 13.84114, 52.88054 ] ] ] } },
{ "type": "Feature", "properties": { "Z_max": 28.4, "id": "44" }, "geometry": { "type": "Polygon", "coordinates": [ [ [ 13.84137, 52.87982 ], [ 13.84136, 52.87982 ], [ 13.84135, 52.87981 ], [ 13.8413, 52.87981 ], [ 13.84127, 52.87983 ], [ 13.84126, 52.87985 ], [ 13.84125, 52.87985 ], [ 13.84125, 52.87986 ], [ 13.84127, 52.87986 ], [ 13.84127, 52.87987 ], [ 13.84131, 52.87989 ], [ 13.84131, 52.87988 ], [ 13.84132, 52.87988 ], [ 13.84137, 52.87986 ], [ 13.84137, 52.87982 ] ] ] } },
{ "type": "Feature", "properties": { "Z_max": 20.9, "id": "45" }, "geometry": { "type": "Polygon", "coordinates": [ [ [ 13.84122, 52.88012 ], [ 13.84119, 52.88012 ], [ 13.84118, 52.88011 ], [ 13.84116, 52.88012 ], [ 13.84115, 52.88013 ], [ 13.84114, 52.88013 ], [ 13.84116, 52.88014 ], [ 13.84118, 52.88014 ], [ 13.8412, 52.88016 ], [ 13.8412, 52.88016 ], [ 13.84121, 52.88016 ], [ 13.84121, 52.88017 ], [ 13.84123, 52.88017 ], [ 13.84123, 52.88014 ], [ 13.84124, 52.88014 ], [ 13.84124, 52.88013 ], [ 13.84122, 52.88012 ] ] ] } },
{ "type": "Feature", "properties": { "Z_max": 15.2, "id": "46" }, "geometry": { "type": "Polygon", "coordinates": [ [ [ 13.84113, 52.88047 ], [ 13.8411, 52.88047 ], [ 13.8411, 52.88049 ], [ 13.84111, 52.88049 ], [ 13.84113, 52.88047 ], [ 13.84113, 52.88047 ] ] ] } },
{ "type": "Feature", "properties": { "Z_max": 19.1, "id": "47" }, "geometry": { "type": "Polygon", "coordinates": [ [ [ 13.84111, 52.8805 ], [ 13.8411, 52.8805 ], [ 13.84109, 52.8805 ], [ 13.84109, 52.88053 ], [ 13.8411, 52.88053 ], [ 13.8411, 52.88054 ], [ 13.84116, 52.88054 ], [ 13.84116, 52.88052 ], [ 13.84111, 52.8805 ] ] ] } },
{ "type": "Feature", "properties": { "Z_max": 26.4, "id": "48" }, "geometry": { "type": "Polygon", "coordinates": [ [ [ 13.84129, 52.87997 ], [ 13.84128, 52.87997 ], [ 13.84127, 52.87996 ], [ 13.84123, 52.87996 ], [ 13.84123, 52.87997 ], [ 13.84122, 52.87997 ], [ 13.84119, 52.88 ], [ 13.84122, 52.88005 ], [ 13.84124, 52.88005 ], [ 13.84126, 52.88005 ], [ 13.84126, 52.88003 ], [ 13.84128, 52.88004 ], [ 13.84127, 52.88001 ], [ 13.84128, 52.88 ], [ 13.84129, 52.88 ], [ 13.84129, 52.87997 ] ] ] } },
{ "type": "Feature", "properties": { "Z_max": 32.7, "id": "49" }, "geometry": { "type": "Polygon", "coordinates": [ [ [ 13.84131, 52.87972 ], [ 13.84131, 52.8797 ], [ 13.84129, 52.87969 ], [ 13.84124, 52.8797 ], [ 13.84124, 52.87974 ], [ 13.84126, 52.87975 ], [ 13.84126, 52.87976 ], [ 13.84127, 52.87976 ], [ 13.8413, 52.87978 ], [ 13.84134, 52.87977 ], [ 13.84134, 52.87974 ], [ 13.84131, 52.87972 ] ] ] } },
{ "type": "Feature", "properties": { "Z_max": 16.7, "id": "50" }, "geometry": { "type": "Polygon", "coordinates": [ [ [ 13.84108, 52.88063 ], [ 13.84107, 52.88063 ], [ 13.84106, 52.88062 ], [ 13.84104, 52.88062 ], [ 13.84102, 52.88063 ], [ 13.84099, 52.88063 ], [ 13.84099, 52.88065 ], [ 13.84108, 52.88065 ], [ 13.84108, 52.88063 ] ] ] } },
{ "type": "Feature", "properties": { "Z_max": 15.5, "id": "51" }, "geometry": { "type": "Polygon", "coordinates": [ [ [ 13.84104, 52.88065 ], [ 13.84099, 52.88065 ], [ 13.84099, 52.88068 ], [ 13.84102, 52.88068 ], [ 13.84102, 52.88069 ], [ 13.84105, 52.88069 ], [ 13.84106, 52.88067 ], [ 13.84106, 52.88067 ], [ 13.84107, 52.88066 ], [ 13.84104, 52.88065 ] ] ] } },
{ "type": "Feature", "properties": { "Z_max": 26.3, "id": "52" }, "geometry": { "type": "Polygon", "coordinates": [ [ [ 13.84135, 52.87979 ], [ 13.84136, 52.87979 ], [ 13.84134, 52.87978 ], [ 13.84126, 52.87978 ], [ 13.84125, 52.87978 ], [ 13.8412, 52.87979 ], [ 13.84119, 52.87979 ], [ 13.84118, 52.87979 ], [ 13.84118, 52.87981 ], [ 13.84119, 52.87981 ], [ 13.84122, 52.87983 ], [ 13.84127, 52.87983 ], [ 13.84129, 52.87982 ], [ 13.84134, 52.87981 ], [ 13.84135, 52.87979 ], [ 13.84135, 52.87979 ] ] ] } },
{ "type": "Feature", "properties": { "Z_max": 18.8, "id": "53" }, "geometry": { "type": "Polygon", "coordinates": [ [ [ 13.84125, 52.87986 ], [ 13.84124, 52.87986 ], [ 13.8412, 52.87988 ], [ 13.84119, 52.8799 ], [ 13.84121, 52.8799 ], [ 13.84122, 52.87991 ], [ 13.84122, 52.87992 ], [ 13.84127, 52.87992 ], [ 13.84129, 52.87991 ], [ 13.84129, 52.87989 ], [ 13.84125, 52.87986 ] ] ] } },
{ "type": "Feature", "properties": { "Z_max": 20.5, "id": "54" }, "geometry": { "type": "Polygon", "coordinates": [ [ [ 13.84126, 52.87992 ], [ 13.84124, 52.87992 ], [ 13.84122, 52.87991 ], [ 13.84121, 52.87991 ], [ 13.84121, 52.87993 ], [ 13.84119, 52.87994 ], [ 13.84119, 52.87996 ], [ 13.84122, 52.87996 ], [ 13.84125, 52.87995 ], [ 13.84126, 52.87995 ], [ 13.84126, 52.87992 ] ] ] } },
{ "type": "Feature", "properties": { "Z_max": 30.2, "id": "55" }, "geometry": { "type": "Polygon", "coordinates": [ [ [ 13.84112, 52.88032 ], [ 13.84112, 52.88031 ], [ 13.8411, 52.8803 ], [ 13.84111, 52.8803 ], [ 13.84106, 52.8803 ], [ 13.84102, 52.88032 ], [ 13.84102, 52.88033 ], [ 13.841, 52.88033 ], [ 13.841, 52.88038 ], [ 13.84103, 52.88038 ], [ 13.8411, 52.88038 ], [ 13.84115, 52.88036 ], [ 13.84115, 52.88034 ], [ 13.84112, 52.88032 ] ] ] } },
{ "type": "Feature", "properties": { "Z_max": 13.4, "id": "56" }, "geometry": { "type": "Polygon", "coordinates": [ [ [ 13.84105, 52.88049 ], [ 13.84104, 52.88049 ], [ 13.84098, 52.88051 ], [ 13.84095, 52.88051 ], [ 13.84095, 52.88052 ], [ 13.84101, 52.88052 ], [ 13.84103, 52.88053 ], [ 13.84104, 52.88053 ], [ 13.84105, 52.88052 ], [ 13.84105, 52.88049 ] ] ] } },
{ "type": "Feature", "properties": { "Z_max": 23.1, "id": "57" }, "geometry": { "type": "Polygon", "coordinates": [ [ [ 13.84128, 52.87976 ], [ 13.84126, 52.87976 ], [ 13.84125, 52.87975 ], [ 13.84124, 52.87975 ], [ 13.84122, 52.87975 ], [ 13.8412, 52.87977 ], [ 13.84119, 52.87978 ], [ 13.8412, 52.87978 ], [ 13.84124, 52.87978 ], [ 13.84126, 52.87977 ], [ 13.84129, 52.87977 ], [ 13.84128, 52.87976 ] ] ] } },
{ "type": "Feature", "properties": { "Z_max": 21.4, "id": "58" }, "geometry": { "type": "Polygon", "coordinates": [ [ [ 13.84122, 52.87996 ], [ 13.8412, 52.87997 ], [ 13.84118, 52.87995 ], [ 13.84113, 52.87995 ], [ 13.84113, 52.87999 ], [ 13.8412, 52.87999 ], [ 13.84122, 52.87998 ], [ 13.84122, 52.87996 ] ] ] } },
{ "type": "Feature", "properties": { "Z_max": 21.2, "id": "59" }, "geometry": { "type": "Polygon", "coordinates": [ [ [ 13.84118, 52.87999 ], [ 13.8411, 52.87999 ], [ 13.8411, 52.87999 ], [ 13.8411, 52.88001 ], [ 13.84114, 52.88001 ], [ 13.84115, 52.88001 ], [ 13.84115, 52.88003 ], [ 13.84119, 52.88003 ], [ 13.8412, 52.88002 ], [ 13.84118, 52.87999 ] ] ] } },
{ "type": "Feature", "properties": { "Z_max": 15.6, "id": "60" }, "geometry": { "type": "Polygon", "coordinates": [ [ [ 13.841, 52.88057 ], [ 13.84101, 52.88054 ], [ 13.84099, 52.88053 ], [ 13.84098, 52.88053 ], [ 13.84098, 52.88055 ], [ 13.84097, 52.88055 ], [ 13.84092, 52.88057 ], [ 13.84087, 52.88057 ], [ 13.84086, 52.88058 ], [ 13.8409, 52.88058 ], [ 13.84091, 52.88059 ], [ 13.84093, 52.88059 ], [ 13.84098, 52.8806 ], [ 13.84102, 52.88058 ], [ 13.841, 52.88057 ] ] ] } },
{ "type": "Feature", "properties": { "Z_max": 14.8, "id": "61" }, "geometry": { "type": "Polygon", "coordinates": [ [ [ 13.84099, 52.88065 ], [ 13.84098, 52.88065 ], [ 13.84098, 52.88066 ], [ 13.84097, 52.88066 ], [ 13.84093, 52.88066 ], [ 13.84093, 52.88068 ], [ 13.84097, 52.88068 ], [ 13.84098, 52.88069 ], [ 13.84099, 52.88069 ], [ 13.84099, 52.88065 ] ] ] } },
{ "type": "Feature", "properties": { "Z_max": 20.8, "id": "62" }, "geometry": { "type": "Polygon", "coordinates": [ [ [ 13.84122, 52.87982 ], [ 13.84121, 52.87982 ], [ 13.84121, 52.87981 ], [ 13.8412, 52.87981 ], [ 13.84118, 52.87981 ], [ 13.84117, 52.87982 ], [ 13.84115, 52.87982 ], [ 13.84115, 52.87986 ], [ 13.84116, 52.87986 ], [ 13.84116, 52.87988 ], [ 13.8412, 52.87988 ], [ 13.84121, 52.87987 ], [ 13.84122, 52.87987 ], [ 13.84122, 52.87982 ] ] ] } },
{ "type": "Feature", "properties": { "Z_max": 21.0, "id": "63" }, "geometry": { "type": "Polygon", "coordinates": [ [ [ 13.84121, 52.88003 ], [ 13.84117, 52.88003 ], [ 13.84114, 52.88002 ], [ 13.84114, 52.88001 ], [ 13.84111, 52.88001 ], [ 13.84111, 52.88003 ], [ 13.84108, 52.88004 ], [ 13.84108, 52.88007 ], [ 13.8411, 52.88007 ], [ 13.8411, 52.88008 ], [ 13.84113, 52.88008 ], [ 13.84117, 52.88006 ], [ 13.8412, 52.88006 ], [ 13.8412, 52.88005 ], [ 13.84121, 52.88005 ], [ 13.84121, 52.88003 ] ] ] } },
{ "type": "Feature", "properties": { "Z_max": 16.6, "id": "64" }, "geometry": { "type": "Polygon", "coordinates": [ [ [ 13.84096, 52.88059 ], [ 13.84091, 52.88059 ], [ 13.84091, 52.88061 ], [ 13.84092, 52.88062 ], [ 13.84099, 52.88063 ], [ 13.84099, 52.88062 ], [ 13.84099, 52.88061 ], [ 13.84096, 52.88059 ] ] ] } },
{ "type": "Feature", "properties": { "Z_max": 14.9, "id": "65" }, "geometry": { "type": "Polygon", "coordinates": [ [ [ 13.84099, 52.88063 ], [ 13.84092, 52.88063 ], [ 13.8409, 52.88064 ], [ 13.84092, 52.88066 ], [ 13.84097, 52.88066 ], [ 13.84098, 52.88065 ], [ 13.84099, 52.88064 ], [ 13.84099, 52.88063 ] ] ] } },
{ "type": "Feature", "properties": { "Z_max": 27.7, "id": "66" }, "geometry": { "type": "Polygon", "coordinates": [ [ [ 13.84124, 52.87974 ], [ 13.84124, 52.87973 ], [ 13.84124, 52.87971 ], [ 13.84123, 52.87971 ], [ 13.84123, 52.8797 ], [ 13.84121, 52.8797 ], [ 13.84121, 52.87969 ], [ 13.84118, 52.87969 ], [ 13.84118, 52.87969 ], [ 13.84117, 52.8797 ], [ 13.84112, 52.87972 ], [ 13.84112, 52.87976 ], [ 13.84114, 52.87976 ], [ 13.84115, 52.87976 ], [ 13.84118, 52.87977 ], [ 13.84125, 52.87975 ], [ 13.84125, 52.87974 ], [ 13.84124, 52.87974 ] ] ] } },
{ "type": "Feature", "properties": { "Z_max": 17.6, "id": "67" }, "geometry": { "type": "Polygon", "coordinates": [ [ [ 13.84116, 52.87981 ], [ 13.84116, 52.87982 ], [ 13.84118, 52.87982 ], [ 13.84118, 52.87981 ], [ 13.84116, 52.87981 ] ] ] } },
{ "type": "Feature", "properties": { "Z_max": 18.8, "id": "68" }, "geometry": { "type": "Polygon", "coordinates": [ [ [ 13.84115, 52.87987 ], [ 13.84114, 52.87986 ], [ 13.84115, 52.87984 ], [ 13.84114, 52.87984 ], [ 13.84113, 52.87986 ], [ 13.84113, 52.87987 ], [ 13.84112, 52.87986 ], [ 13.84112, 52.87988 ], [ 13.84113, 52.87989 ], [ 13.84113, 52.87991 ], [ 13.84114, 52.87991 ], [ 13.84115, 52.8799 ], [ 13.84118, 52.87986 ], [ 13.84115, 52.87987 ] ] ] } },
{ "type": "Feature", "properties": { "Z_max": 33.2, "id": "69" }, "geometry": { "type": "Polygon", "coordinates": [ [ [ 13.8411, 52.88028 ], [ 13.84108, 52.88026 ], [ 13.84101, 52.88024 ], [ 13.84097, 52.88026 ], [ 13.84097, 52.88027 ], [ 13.84096, 52.88027 ], [ 13.84096, 52.88028 ], [ 13.84094, 52.88028 ], [ 13.84095, 52.88029 ], [ 13.84096, 52.8803 ], [ 13.84096, 52.88031 ], [ 13.84097, 52.88031 ], [ 13.84097, 52.88032 ], [ 13.84099, 52.88033 ], [ 13.84099, 52.88033 ], [ 13.84101, 52.88033 ], [ 13.84104, 52.88031 ], [ 13.8411, 52.88029 ], [ 13.8411, 52.88028 ] ] ] } },
{ "type": "Feature", "properties": { "Z_max": 18.8, "id": "70" }, "geometry": { "type": "Polygon", "coordinates": [ [ [ 13.84113, 52.87995 ], [ 13.84111, 52.87994 ], [ 13.84106, 52.87996 ], [ 13.84104, 52.87996 ], [ 13.84104, 52.87998 ], [ 13.84106, 52.87999 ], [ 13.84113, 52.87999 ], [ 13.84113, 52.87995 ] ] ] } },
{ "type": "Feature", "properties": { "Z_max": 28.6, "id": "71" }, "geometry": { "type": "Polygon", "coordinates": [ [ [ 13.84093, 52.88048 ], [ 13.84094, 52.88046 ], [ 13.84095, 52.88046 ], [ 13.84095, 52.88045 ], [ 13.84088, 52.88045 ], [ 13.84088, 52.88046 ], [ 13.84089, 52.88046 ], [ 13.8409, 52.88047 ], [ 13.84089, 52.88051 ], [ 13.8409, 52.88051 ], [ 13.84091, 52.88052 ], [ 13.84094, 52.88051 ], [ 13.84093, 52.88048 ] ] ] } },
{ "type": "Feature", "properties": { "Z_max": 29.8, "id": "72" }, "geometry": { "type": "Polygon", "coordinates": [ [ [ 13.841, 52.88033 ], [ 13.84096, 52.8803 ], [ 13.84094, 52.8803 ], [ 13.84094, 52.88032 ], [ 13.84091, 52.88035 ], [ 13.84091, 52.88037 ], [ 13.84093, 52.88038 ], [ 13.84093, 52.88038 ], [ 13.84094, 52.88038 ], [ 13.84095, 52.88039 ], [ 13.84096, 52.88039 ], [ 13.84097, 52.88038 ], [ 13.84098, 52.88038 ], [ 13.84099, 52.88037 ], [ 13.841, 52.88037 ], [ 13.841, 52.88033 ] ] ] } },
{ "type": "Feature", "properties": { "Z_max": 29.1, "id": "73" }, "geometry": { "type": "Polygon", "coordinates": [ [ [ 13.84112, 52.87962 ], [ 13.8411, 52.87961 ], [ 13.84109, 52.8796 ], [ 13.84106, 52.8796 ], [ 13.84107, 52.8796 ], [ 13.84105, 52.8796 ], [ 13.84105, 52.87964 ], [ 13.84101, 52.87964 ], [ 13.841, 52.87963 ], [ 13.84099, 52.87963 ], [ 13.84099, 52.87967 ], [ 13.84101, 52.87967 ], [ 13.84108, 52.8797 ], [ 13.84109, 52.8797 ], [ 13.84109, 52.87971 ], [ 13.84112, 52.87972 ], [ 13.84113, 52.87972 ], [ 13.84114, 52.87971 ], [ 13.84114, 52.87971 ], [ 13.8412, 52.87968 ], [ 13.84121, 52.87968 ], [ 13.84121, 52.87967 ], [ 13.84112, 52.87962 ] ] ] } },
{ "type": "Feature", "properties": { "Z_max": 27.1, "id": "74" }, "geometry": { "type": "Polygon", "coordinates": [ [ [ 13.84113, 52.87976 ], [ 13.84112, 52.87975 ], [ 13.84112, 52.87974 ], [ 13.84111, 52.87974 ], [ 13.84111, 52.87975 ], [ 13.84108, 52.87977 ], [ 13.84107, 52.87978 ], [ 13.84106, 52.87979 ], [ 13.84106, 52.87981 ], [ 13.84107, 52.87981 ], [ 13.84113, 52.87977 ], [ 13.84113, 52.87976 ] ] ] } },
{ "type": "Feature", "properties": { "Z_max": 29.9, "id": "75" }, "geometry": { "type": "Polygon", "coordinates": [ [ [ 13.84093, 52.88023 ], [ 13.84087, 52.88023 ], [ 13.84084, 52.88025 ], [ 13.84084, 52.88026 ], [ 13.84087, 52.88027 ], [ 13.84092, 52.88028 ], [ 13.84094, 52.88028 ], [ 13.84094, 52.88028 ], [ 13.84096, 52.88027 ], [ 13.84096, 52.88025 ], [ 13.84093, 52.88023 ] ] ] } },
{ "type": "Feature", "properties": { "Z_max": 33.2, "id": "76" }, "geometry": { "type": "Polygon", "coordinates": [ [ [ 13.84112, 52.87972 ], [ 13.84105, 52.87968 ], [ 13.84099, 52.87967 ], [ 13.84099, 52.87972 ], [ 13.84096, 52.87973 ], [ 13.84096, 52.87974 ], [ 13.841, 52.87977 ], [ 13.841, 52.87978 ], [ 13.84103, 52.87979 ], [ 13.84107, 52.87979 ], [ 13.84107, 52.87978 ], [ 13.8411, 52.87975 ], [ 13.8411, 52.87974 ], [ 13.84112, 52.87974 ], [ 13.84112, 52.87972 ] ] ] } },
{ "type": "Feature", "properties": { "Z_max": 23.3, "id": "77" }, "geometry": { "type": "Polygon", "coordinates": [ [ [ 13.84097, 52.87992 ], [ 13.84096, 52.87992 ], [ 13.84094, 52.87992 ], [ 13.84094, 52.87992 ], [ 13.84096, 52.87993 ], [ 13.84097, 52.87992 ] ] ] } },
{ "type": "Feature", "properties": { "Z_max": 14.5, "id": "78" }, "geometry": { "type": "Polygon", "coordinates": [ [ [ 13.84101, 52.87961 ], [ 13.84101, 52.87962 ], [ 13.84102, 52.87962 ], [ 13.84102, 52.87961 ], [ 13.84101, 52.87961 ] ] ] } },
{ "type": "Feature", "properties": { "Z_max": 30.3, "id": "79" }, "geometry": { "type": "Polygon", "coordinates": [ [ [ 13.84104, 52.87984 ], [ 13.84104, 52.87982 ], [ 13.84106, 52.87981 ], [ 13.84106, 52.87979 ], [ 13.84104, 52.87979 ], [ 13.841, 52.87977 ], [ 13.84094, 52.87977 ], [ 13.8409, 52.87978 ], [ 13.84087, 52.8798 ], [ 13.84087, 52.87982 ], [ 13.8409, 52.87983 ], [ 13.84091, 52.87983 ], [ 13.84095, 52.87985 ], [ 13.84095, 52.87987 ], [ 13.84097, 52.87987 ], [ 13.84097, 52.87988 ], [ 13.841, 52.87988 ], [ 13.84101, 52.87987 ], [ 13.84104, 52.87987 ], [ 13.84106, 52.87984 ], [ 13.84104, 52.87984 ] ] ] } },
{ "type": "Feature", "properties": { "Z_max": 31.9, "id": "80" }, "geometry": { "type": "Polygon", "coordinates": [ [ [ 13.84095, 52.87973 ], [ 13.84093, 52.87973 ], [ 13.84093, 52.87973 ], [ 13.84091, 52.87974 ], [ 13.84089, 52.87976 ], [ 13.84088, 52.87977 ], [ 13.8409, 52.87977 ], [ 13.8409, 52.87978 ], [ 13.84094, 52.87978 ], [ 13.84094, 52.87977 ], [ 13.84095, 52.87977 ], [ 13.841, 52.87977 ], [ 13.841, 52.87976 ], [ 13.84095, 52.87973 ] ] ] } },
{ "type": "Feature", "properties": { "Z_max": 15.1, "id": "81" }, "geometry": { "type": "Polygon", "coordinates": [ [ [ 13.84097, 52.8796 ], [ 13.84096, 52.87959 ], [ 13.84095, 52.87959 ], [ 13.84094, 52.87959 ], [ 13.84092, 52.87959 ], [ 13.84092, 52.8796 ], [ 13.84093, 52.87961 ], [ 13.84096, 52.87961 ], [ 13.84097, 52.87961 ], [ 13.84098, 52.8796 ], [ 13.84097, 52.8796 ] ] ] } },
{ "type": "Feature", "properties": { "Z_max": 17.0, "id": "82" }, "geometry": { "type": "Polygon", "coordinates": [ [ [ 13.84099, 52.87956 ], [ 13.84095, 52.87956 ], [ 13.84095, 52.87957 ], [ 13.84092, 52.87957 ], [ 13.84091, 52.87958 ], [ 13.8409, 52.87958 ], [ 13.8409, 52.87959 ], [ 13.84095, 52.87959 ], [ 13.84094, 52.87958 ], [ 13.84097, 52.87958 ], [ 13.84099, 52.87957 ], [ 13.84099, 52.87956 ] ] ] } },
{ "type": "Feature", "properties": { "Z_max": 2.6, "id": "83" }, "geometry": { "type": "Polygon", "coordinates": [ [ [ 13.84093, 52.87961 ], [ 13.84093, 52.87962 ], [ 13.84094, 52.87962 ], [ 13.84095, 52.87961 ], [ 13.84093, 52.87961 ] ] ] } },
{ "type": "Feature", "properties": { "Z_max": 12.2, "id": "84" }, "geometry": { "type": "Polygon", "coordinates": [ [ [ 13.84097, 52.88094 ], [ 13.84097, 52.88094 ], [ 13.84095, 52.88094 ], [ 13.84095, 52.88092 ], [ 13.8409, 52.88092 ], [ 13.84085, 52.88094 ], [ 13.84084, 52.88094 ], [ 13.84082, 52.88096 ], [ 13.84082, 52.88098 ], [ 13.84085, 52.88098 ], [ 13.84094, 52.88096 ], [ 13.84097, 52.88094 ] ] ] } },
{ "type": "Feature", "properties": { "Z_max": 15.2, "id": "85" }, "geometry": { "type": "Polygon", "coordinates": [ [ [ 13.84097, 52.88088 ], [ 13.84097, 52.88086 ], [ 13.84096, 52.88086 ], [ 13.84095, 52.88085 ], [ 13.8409, 52.88085 ], [ 13.84089, 52.88086 ], [ 13.84087, 52.88086 ], [ 13.84087, 52.88088 ], [ 13.8409, 52.8809 ], [ 13.84094, 52.8809 ], [ 13.84097, 52.88088 ] ] ] } },
{ "type": "Feature", "properties": { "Z_max": 15.5, "id": "86" }, "geometry": { "type": "Polygon", "coordinates": [ [ [ 13.84093, 52.8808 ], [ 13.84094, 52.88079 ], [ 13.84093, 52.88078 ], [ 13.8409, 52.88078 ], [ 13.84087, 52.8808 ], [ 13.84087, 52.8808 ], [ 13.84088, 52.8808 ], [ 13.84089, 52.88081 ], [ 13.84091, 52.88081 ], [ 13.84093, 52.88081 ], [ 13.84093, 52.8808 ] ] ] } },
{ "type": "Feature", "properties": { "Z_max": 15.7, "id": "87" }, "geometry": { "type": "Polygon", "coordinates": [ [ [ 13.84094, 52.88081 ], [ 13.84092, 52.88081 ], [ 13.8409, 52.88082 ], [ 13.8409, 52.88083 ], [ 13.84091, 52.88084 ], [ 13.84092, 52.88085 ], [ 13.84095, 52.88085 ], [ 13.84096, 52.88084 ], [ 13.84097, 52.88084 ], [ 13.84097, 52.88083 ], [ 13.84094, 52.88081 ] ] ] } },
{ "type": "Feature", "properties": { "Z_max": 15.1, "id": "88" }, "geometry": { "type": "Polygon", "coordinates": [ [ [ 13.84099, 52.88076 ], [ 13.84098, 52.88075 ], [ 13.84097, 52.88076 ], [ 13.84095, 52.88076 ], [ 13.84093, 52.88077 ], [ 13.84093, 52.88079 ], [ 13.84095, 52.88079 ], [ 13.84096, 52.88079 ], [ 13.84097, 52.88079 ], [ 13.84097, 52.88078 ], [ 13.84099, 52.88078 ], [ 13.84099, 52.88076 ] ] ] } },
{ "type": "Feature", "properties": { "Z_max": 12.6, "id": "89" }, "geometry": { "type": "Polygon", "coordinates": [ [ [ 13.84108, 52.88089 ], [ 13.8411, 52.88089 ], [ 13.8411, 52.88088 ], [ 13.84105, 52.88088 ], [ 13.84104, 52.88087 ], [ 13.84101, 52.88086 ], [ 13.841, 52.88085 ], [ 13.841, 52.88086 ], [ 13.84098, 52.88086 ], [ 13.84097, 52.88087 ], [ 13.84096, 52.88088 ], [ 13.84094, 52.8809 ], [ 13.84094, 52.88091 ], [ 13.84098, 52.88091 ], [ 13.841, 52.8809 ], [ 13.84101, 52.8809 ], [ 13.84102, 52.88088 ], [ 13.84105, 52.88089 ], [ 13.84106, 52.8809 ], [ 13.84108, 52.88089 ] ] ] } },
{ "type": "Feature", "properties": { "Z_max": 10.9, "id": "90" }, "geometry": { "type": "Polygon", "coordinates": [ [ [ 13.841, 52.88084 ], [ 13.84098, 52.88084 ], [ 13.84096, 52.88084 ], [ 13.84096, 52.88086 ], [ 13.841, 52.88086 ], [ 13.841, 52.88084 ] ] ] } },
{ "type": "Feature", "properties": { "Z_max": 17.8, "id": "91" }, "geometry": { "type": "Polygon", "coordinates": [ [ [ 13.84098, 52.88068 ], [ 13.84092, 52.88068 ], [ 13.84089, 52.8807 ], [ 13.84089, 52.88071 ], [ 13.8409, 52.88071 ], [ 13.8409, 52.88072 ], [ 13.84092, 52.88072 ], [ 13.84096, 52.88072 ], [ 13.84096, 52.88073 ], [ 13.84097, 52.88073 ], [ 13.84098, 52.88068 ] ] ] } },
{ "type": "Feature", "properties": { "Z_max": 14.6, "id": "92" }, "geometry": { "type": "Polygon", "coordinates": [ [ [ 13.84101, 52.8808 ], [ 13.84096, 52.8808 ], [ 13.84095, 52.88081 ], [ 13.84094, 52.88081 ], [ 13.84097, 52.88083 ], [ 13.84101, 52.88083 ], [ 13.84102, 52.88082 ], [ 13.84103, 52.88082 ], [ 13.84103, 52.88081 ], [ 13.84101, 52.8808 ] ] ] } },
{ "type": "Feature", "properties": { "Z_max": 16.1, "id": "93" }, "geometry": { "type": "Polygon", "coordinates": [ [ [ 13.84098, 52.88052 ], [ 13.84093, 52.88052 ], [ 13.84093, 52.88051 ], [ 13.84092, 52.88051 ], [ 13.84086, 52.88056 ], [ 13.84086, 52.88057 ], [ 13.84086, 52.88057 ], [ 13.84094, 52.88057 ], [ 13.84096, 52.88056 ], [ 13.84097, 52.88055 ], [ 13.84098, 52.88055 ], [ 13.84098, 52.88052 ] ] ] } },
{ "type": "Feature", "properties": { "Z_max": 15.7, "id": "94" }, "geometry": { "type": "Polygon", "coordinates": [ [ [ 13.841, 52.88077 ], [ 13.84098, 52.88078 ], [ 13.84098, 52.88079 ], [ 13.84101, 52.8808 ], [ 13.84101, 52.88079 ], [ 13.841, 52.88077 ] ] ] } },
{ "type": "Feature", "properties": { "Z_max": 28.8, "id": "95" }, "geometry": { "type": "Polygon", "coordinates": [ [ [ 13.84095, 52.88042 ], [ 13.84095, 52.8804 ], [ 13.84094, 52.88039 ], [ 13.84086, 52.88042 ], [ 13.84085, 52.88042 ], [ 13.84085, 52.88043 ], [ 13.84085, 52.88044 ], [ 13.84088, 52.88044 ], [ 13.84088, 52.88045 ], [ 13.84093, 52.88045 ], [ 13.84094, 52.88044 ], [ 13.84097, 52.88045 ], [ 13.84097, 52.88043 ], [ 13.84095, 52.88042 ] ] ] } },
{ "type": "Feature", "properties": { "Z_max": 15.7, "id": "96" }, "geometry": { "type": "Polygon", "coordinates": [ [ [ 13.84106, 52.88075 ], [ 13.84106, 52.88075 ], [ 13.84105, 52.88074 ], [ 13.84103, 52.88073 ], [ 13.84103, 52.88073 ], [ 13.84099, 52.88074 ], [ 13.84099, 52.88077 ], [ 13.84103, 52.88079 ], [ 13.84106, 52.88077 ], [ 13.84106, 52.88075 ] ] ] } },
{ "type": "Feature", "properties": { "Z_max": 15.7, "id": "97" }, "geometry": { "type": "Polygon", "coordinates": [ [ [ 13.84105, 52.88069 ], [ 13.84102, 52.88069 ], [ 13.84101, 52.88068 ], [ 13.84099, 52.88068 ], [ 13.84099, 52.88069 ], [ 13.84098, 52.88069 ], [ 13.84098, 52.88073 ], [ 13.84102, 52.88073 ], [ 13.84103, 52.88072 ], [ 13.84105, 52.88073 ], [ 13.84106, 52.88071 ], [ 13.84106, 52.8807 ], [ 13.84105, 52.88069 ] ] ] } },
{ "type": "Feature", "properties": { "Z_max": 15.4, "id": "98" }, "geometry": { "type": "Polygon", "coordinates": [ [ [ 13.84109, 52.88082 ], [ 13.84103, 52.88082 ], [ 13.84102, 52.88082 ], [ 13.84102, 52.88083 ], [ 13.84101, 52.88084 ], [ 13.841, 52.88085 ], [ 13.84105, 52.88088 ], [ 13.84107, 52.88088 ], [ 13.84108, 52.88087 ], [ 13.84107, 52.88085 ], [ 13.84109, 52.88084 ], [ 13.84109, 52.88082 ] ] ] } },
{ "type": "Feature", "properties": { "Z_max": 27.0, "id": "99" }, "geometry": { "type": "Polygon", "coordinates": [ [ [ 13.84106, 52.88049 ], [ 13.84105, 52.88047 ], [ 13.84104, 52.88046 ], [ 13.84103, 52.88046 ], [ 13.84103, 52.88045 ], [ 13.84095, 52.88045 ], [ 13.84095, 52.88046 ], [ 13.84094, 52.88047 ], [ 13.84094, 52.88051 ], [ 13.84101, 52.88051 ], [ 13.84107, 52.88049 ], [ 13.84106, 52.88048 ], [ 13.84106, 52.88049 ] ] ] } },
{ "type": "Feature", "properties": { "Z_max": 15.9, "id": "100" }, "geometry": { "type": "Polygon", "coordinates": [ [ [ 13.84109, 52.88076 ], [ 13.84107, 52.88075 ], [ 13.84102, 52.88079 ], [ 13.84102, 52.8808 ], [ 13.84103, 52.8808 ], [ 13.84103, 52.88081 ], [ 13.84109, 52.88081 ], [ 13.84109, 52.88076 ] ] ] } },
{ "type": "Feature", "properties": { "Z_max": 16.8, "id": "101" }, "geometry": { "type": "Polygon", "coordinates": [ [ [ 13.84104, 52.88058 ], [ 13.84101, 52.88058 ], [ 13.84101, 52.88059 ], [ 13.84098, 52.8806 ], [ 13.84099, 52.88061 ], [ 13.84099, 52.88063 ], [ 13.84104, 52.88063 ], [ 13.84107, 52.88061 ], [ 13.84107, 52.88059 ], [ 13.84104, 52.88058 ] ] ] } },
{ "type": "Feature", "properties": { "Z_max": 28.3, "id": "102" }, "geometry": { "type": "Polygon", "coordinates": [ [ [ 13.84103, 52.88039 ], [ 13.84101, 52.88038 ], [ 13.84099, 52.88038 ], [ 13.84096, 52.88039 ], [ 13.84095, 52.88042 ], [ 13.84097, 52.88045 ], [ 13.84103, 52.88045 ], [ 13.84103, 52.88039 ] ] ] } },
{ "type": "Feature", "properties": { "Z_max": 18.3, "id": "103" }, "geometry": { "type": "Polygon", "coordinates": [ [ [ 13.84107, 52.88057 ], [ 13.84107, 52.88055 ], [ 13.84101, 52.88055 ], [ 13.84101, 52.88057 ], [ 13.84102, 52.88057 ], [ 13.84103, 52.88058 ], [ 13.84103, 52.88058 ], [ 13.84105, 52.88059 ], [ 13.84108, 52.88059 ], [ 13.84108, 52.88057 ], [ 13.84107, 52.88057 ] ] ] } },
{ "type": "Feature", "properties": { "Z_max": 31.7, "id": "104" }, "geometry": { "type": "Polygon", "coordinates": [ [ [ 13.84099, 52.88021 ], [ 13.84099, 52.8802 ], [ 13.84097, 52.88019 ], [ 13.84096, 52.88019 ], [ 13.84093, 52.8802 ], [ 13.84089, 52.88022 ], [ 13.84089, 52.88023 ], [ 13.84092, 52.88023 ], [ 13.84096, 52.88026 ], [ 13.84096, 52.88027 ], [ 13.84097, 52.88027 ], [ 13.84097, 52.88026 ], [ 13.841, 52.88025 ], [ 13.841, 52.88022 ], [ 13.84099, 52.88021 ] ] ] } },
{ "type": "Feature", "properties": { "Z_max": 15.5, "id": "105" }, "geometry": { "type": "Polygon", "coordinates": [ [ [ 13.84113, 52.88083 ], [ 13.8411, 52.88083 ], [ 13.84109, 52.88083 ], [ 13.84109, 52.88085 ], [ 13.84108, 52.88085 ], [ 13.84107, 52.88088 ], [ 13.84113, 52.88088 ], [ 13.84115, 52.88086 ], [ 13.84115, 52.88085 ], [ 13.84116, 52.88085 ], [ 13.84113, 52.88083 ] ] ] } },
{ "type": "Feature", "properties": { "Z_max": 32.4, "id": "106" }, "geometry": { "type": "Polygon", "coordinates": [ [ [ 13.84105, 52.88006 ], [ 13.84104, 52.88006 ], [ 13.84103, 52.88006 ], [ 13.84104, 52.88003 ], [ 13.84103, 52.88003 ], [ 13.841, 52.88002 ], [ 13.84098, 52.88001 ], [ 13.84097, 52.88001 ], [ 13.84096, 52.88002 ], [ 13.84095, 52.88003 ], [ 13.84095, 52.88004 ], [ 13.8409, 52.88008 ], [ 13.8409, 52.88009 ], [ 13.84091, 52.88009 ], [ 13.84092, 52.8801 ], [ 13.84095, 52.88012 ], [ 13.84097, 52.88012 ], [ 13.84104, 52.88009 ], [ 13.84105, 52.88009 ], [ 13.84105, 52.88006 ] ] ] } },
{ "type": "Feature", "properties": { "Z_max": 15.9, "id": "107" }, "geometry": { "type": "Polygon", "coordinates": [ [ [ 13.84116, 52.88077 ], [ 13.84109, 52.88077 ], [ 13.84109, 52.88081 ], [ 13.8411, 52.88082 ], [ 13.84115, 52.88082 ], [ 13.84116, 52.8808 ], [ 13.84116, 52.88077 ] ] ] } },
{ "type": "Feature", "properties": { "Z_max": 15.8, "id": "108" }, "geometry": { "type": "Polygon", "coordinates": [ [ [ 13.84118, 52.88075 ], [ 13.84115, 52.88072 ], [ 13.84115, 52.88072 ], [ 13.84113, 52.88072 ], [ 13.84109, 52.88075 ], [ 13.84107, 52.88074 ], [ 13.84107, 52.88075 ], [ 13.84106, 52.88075 ], [ 13.8411, 52.88077 ], [ 13.84118, 52.88077 ], [ 13.84118, 52.88075 ] ] ] } },
{ "type": "Feature", "properties": { "Z_max": 27.9, "id": "109" }, "geometry": { "type": "Polygon", "coordinates": [ [ [ 13.84115, 52.88042 ], [ 13.8411, 52.88039 ], [ 13.84106, 52.88039 ], [ 13.84103, 52.88039 ], [ 13.84103, 52.88045 ], [ 13.84106, 52.88047 ], [ 13.84106, 52.88048 ], [ 13.84107, 52.88048 ], [ 13.84107, 52.88048 ], [ 13.84107, 52.88047 ], [ 13.84108, 52.88046 ], [ 13.84111, 52.88046 ], [ 13.84112, 52.88045 ], [ 13.84116, 52.88045 ], [ 13.84116, 52.88042 ], [ 13.84115, 52.88042 ] ] ] } },
{ "type": "Feature", "properties": { "Z_max": 29.7, "id": "110" }, "geometry": { "type": "Polygon", "coordinates": [ [ [ 13.84106, 52.88016 ], [ 13.84106, 52.88015 ], [ 13.84096, 52.88015 ], [ 13.84097, 52.88016 ], [ 13.84096, 52.88019 ], [ 13.84099, 52.8802 ], [ 13.84102, 52.8802 ], [ 13.84108, 52.88019 ], [ 13.84108, 52.88017 ], [ 13.84106, 52.88016 ] ] ] } },
{ "type": "Feature", "properties": { "Z_max": 34.3, "id": "111" }, "geometry": { "type": "Polygon", "coordinates": [ [ [ 13.84108, 52.88019 ], [ 13.84104, 52.88019 ], [ 13.84099, 52.88021 ], [ 13.84099, 52.88022 ], [ 13.841, 52.88024 ], [ 13.84104, 52.88026 ], [ 13.84107, 52.88026 ], [ 13.84108, 52.88019 ] ] ] } },
{ "type": "Feature", "properties": { "Z_max": 14.7, "id": "112" }, "geometry": { "type": "Polygon", "coordinates": [ [ [ 13.84119, 52.88081 ], [ 13.84119, 52.88081 ], [ 13.84115, 52.88081 ], [ 13.84115, 52.88081 ], [ 13.84114, 52.88082 ], [ 13.84109, 52.88082 ], [ 13.8411, 52.88083 ], [ 13.84113, 52.88082 ], [ 13.84115, 52.88084 ], [ 13.84118, 52.88084 ], [ 13.84119, 52.88083 ], [ 13.84119, 52.88081 ] ] ] } },
{ "type": "Feature", "properties": { "Z_max": 28.4, "id": "113" }, "geometry": { "type": "Polygon", "coordinates": [ [ [ 13.84108, 52.88009 ], [ 13.84104, 52.88009 ], [ 13.84101, 52.8801 ], [ 13.841, 52.88011 ], [ 13.84099, 52.88011 ], [ 13.84096, 52.88012 ], [ 13.84094, 52.88012 ], [ 13.84093, 52.88013 ], [ 13.84094, 52.88013 ], [ 13.84095, 52.88014 ], [ 13.84097, 52.88015 ], [ 13.84105, 52.88015 ], [ 13.84107, 52.88017 ], [ 13.84109, 52.88016 ], [ 13.84109, 52.88015 ], [ 13.84112, 52.88013 ], [ 13.84108, 52.88009 ] ] ] } },
{ "type": "Feature", "properties": { "Z_max": 14.4, "id": "114" }, "geometry": { "type": "Polygon", "coordinates": [ [ [ 13.84122, 52.88079 ], [ 13.84123, 52.88078 ], [ 13.8412, 52.88078 ], [ 13.84119, 52.88077 ], [ 13.84117, 52.88077 ], [ 13.84117, 52.88079 ], [ 13.84116, 52.88081 ], [ 13.8412, 52.88081 ], [ 13.8412, 52.88082 ], [ 13.84121, 52.88083 ], [ 13.84121, 52.88082 ], [ 13.84122, 52.88082 ], [ 13.84124, 52.88081 ], [ 13.84122, 52.88079 ] ] ] } },
{ "type": "Feature", "properties": { "Z_max": 16.9, "id": "115" }, "geometry": { "type": "Polygon", "coordinates": [ [ [ 13.8412, 52.88061 ], [ 13.84118, 52.8806 ], [ 13.84119, 52.88059 ], [ 13.84113, 52.88059 ], [ 13.84113, 52.8806 ], [ 13.84113, 52.88062 ], [ 13.84114, 52.88062 ], [ 13.84114, 52.88063 ], [ 13.84116, 52.88063 ], [ 13.84116, 52.88064 ], [ 13.84119, 52.88064 ], [ 13.8412, 52.88061 ] ] ] } },
{ "type": "Feature", "properties": { "Z_max": 25.2, "id": "116" }, "geometry": { "type": "Polygon", "coordinates": [ [ [ 13.84107, 52.87993 ], [ 13.84105, 52.87992 ], [ 13.84105, 52.8799 ], [ 13.84107, 52.87989 ], [ 13.84107, 52.87988 ], [ 13.84107, 52.87987 ], [ 13.841, 52.87987 ], [ 13.84099, 52.87988 ], [ 13.84098, 52.87988 ], [ 13.84098, 52.87989 ], [ 13.841, 52.87989 ], [ 13.84101, 52.87991 ], [ 13.84101, 52.87992 ], [ 13.84098, 52.87992 ], [ 13.84098, 52.87993 ], [ 13.84097, 52.87993 ], [ 13.84097, 52.88 ], [ 13.84098, 52.88001 ], [ 13.841, 52.88002 ], [ 13.841, 52.88002 ], [ 13.84104, 52.88003 ], [ 13.84107, 52.87993 ] ] ] } },
{ "type": "Feature", "properties": { "Z_max": 16.3, "id": "117" }, "geometry": { "type": "Polygon", "coordinates": [ [ [ 13.84131, 52.88076 ], [ 13.84132, 52.88075 ], [ 13.84131, 52.88075 ], [ 13.8413, 52.88074 ], [ 13.84124, 52.88074 ], [ 13.84122, 52.88075 ], [ 13.84119, 52.88075 ], [ 13.84118, 52.88075 ], [ 13.84118, 52.88077 ], [ 13.84123, 52.88077 ], [ 13.84123, 52.88077 ], [ 13.84126, 52.88077 ], [ 13.84131, 52.88076 ] ] ] } },
{ "type": "Feature", "properties": { "Z_max": 15.8, "id": "118" }, "geometry": { "type": "Polygon", "coordinates": [ [ [ 13.84119, 52.88046 ], [ 13.84119, 52.88045 ], [ 13.84114, 52.88045 ], [ 13.84113, 52.88046 ], [ 13.84113, 52.88048 ], [ 13.84117, 52.88048 ], [ 13.84118, 52.88047 ], [ 13.8412, 52.88048 ], [ 13.8412, 52.88047 ], [ 13.8412, 52.88047 ], [ 13.84119, 52.88046 ] ] ] } },
{ "type": "Feature", "properties": { "Z_max": 16.0, "id": "119" }, "geometry": { "type": "Polygon", "coordinates": [ [ [ 13.84122, 52.88049 ], [ 13.84123, 52.88049 ], [ 13.84123, 52.88049 ], [ 13.8412, 52.88048 ], [ 13.8412, 52.88048 ], [ 13.84118, 52.88048 ], [ 13.84118, 52.88048 ], [ 13.84116, 52.88049 ], [ 13.84112, 52.88049 ], [ 13.84111, 52.8805 ], [ 13.84116, 52.88053 ], [ 13.84119, 52.88053 ], [ 13.84122, 52.88051 ], [ 13.84122, 52.88049 ] ] ] } },
{ "type": "Feature", "properties": { "Z_max": 27.7, "id": "120" }, "geometry": { "type": "Polygon", "coordinates": [ [ [ 13.84116, 52.8802 ], [ 13.84117, 52.88015 ], [ 13.8411, 52.88016 ], [ 13.8411, 52.88017 ], [ 13.84108, 52.88017 ], [ 13.84108, 52.88018 ], [ 13.84108, 52.88026 ], [ 13.84112, 52.88026 ], [ 13.84118, 52.88022 ], [ 13.84119, 52.88022 ], [ 13.84116, 52.8802 ] ] ] } },
{ "type": "Feature", "properties": { "Z_max": 20.2, "id": "121" }, "geometry": { "type": "Polygon", "coordinates": [ [ [ 13.84108, 52.88006 ], [ 13.84108, 52.88004 ], [ 13.84108, 52.88003 ], [ 13.84111, 52.88003 ], [ 13.84111, 52.88001 ], [ 13.8411, 52.88001 ], [ 13.84109, 52.87999 ], [ 13.84107, 52.87999 ], [ 13.84107, 52.88 ], [ 13.84106, 52.88001 ], [ 13.84104, 52.88002 ], [ 13.84104, 52.88006 ], [ 13.84105, 52.88007 ], [ 13.84105, 52.88009 ], [ 13.84109, 52.88009 ], [ 13.84109, 52.88008 ], [ 13.84108, 52.88006 ] ] ] } },
{ "type": "Feature", "properties": { "Z_max": 23.2, "id": "122" }, "geometry": { "type": "Polygon", "coordinates": [ [ [ 13.84106, 52.87992 ], [ 13.84106, 52.87993 ], [ 13.84107, 52.87993 ], [ 13.84107, 52.87992 ], [ 13.84106, 52.87992 ] ] ] } },
{ "type": "Feature", "properties": { "Z_max": 17.4, "id": "123" }, "geometry": { "type": "Polygon", "coordinates": [ [ [ 13.84126, 52.88054 ], [ 13.84123, 52.88052 ], [ 13.84119, 52.88052 ], [ 13.84117, 52.88053 ], [ 13.84117, 52.88054 ], [ 13.8412, 52.88057 ], [ 13.84121, 52.88057 ], [ 13.84122, 52.88058 ], [ 13.84126, 52.88057 ], [ 13.84126, 52.88054 ] ] ] } },
{ "type": "Feature", "properties": { "Z_max": 26.1, "id": "124" }, "geometry": { "type": "Polygon", "coordinates": [ [ [ 13.84126, 52.88025 ], [ 13.84125, 52.88024 ], [ 13.84126, 52.88022 ], [ 13.84124, 52.88022 ], [ 13.84124, 52.88023 ], [ 13.84117, 52.88023 ], [ 13.84114, 52.88025 ], [ 13.84109, 52.88026 ], [ 13.84108, 52.88027 ], [ 13.84111, 52.88028 ], [ 13.84112, 52.88029 ], [ 13.84112, 52.88028 ], [ 13.84115, 52.88028 ], [ 13.84115, 52.88029 ], [ 13.84119, 52.8803 ], [ 13.84122, 52.88028 ], [ 13.84124, 52.88028 ], [ 13.84127, 52.88026 ], [ 13.84127, 52.88025 ], [ 13.84126, 52.88025 ] ] ] } },
{ "type": "Feature", "properties": { "Z_max": 15.0, "id": "125" }, "geometry": { "type": "Polygon", "coordinates": [ [ [ 13.84123, 52.88042 ], [ 13.84121, 52.88043 ], [ 13.8412, 52.88045 ], [ 13.84119, 52.88045 ], [ 13.84119, 52.88047 ], [ 13.84121, 52.88047 ], [ 13.84121, 52.88048 ], [ 13.84123, 52.88048 ], [ 13.84124, 52.88047 ], [ 13.84126, 52.88048 ], [ 13.84126, 52.88047 ], [ 13.84124, 52.88045 ], [ 13.84123, 52.88042 ] ] ] } },
{ "type": "Feature", "properties": { "Z_max": 25.4, "id": "126" }, "geometry": { "type": "Polygon", "coordinates": [ [ [ 13.84118, 52.88015 ], [ 13.84116, 52.88014 ], [ 13.84115, 52.88013 ], [ 13.84111, 52.88013 ], [ 13.84111, 52.88014 ], [ 13.84109, 52.88015 ], [ 13.84115, 52.88015 ], [ 13.84114, 52.88018 ], [ 13.84114, 52.88019 ], [ 13.84115, 52.88019 ], [ 13.84115, 52.8802 ], [ 13.84118, 52.8802 ], [ 13.84121, 52.88018 ], [ 13.84121, 52.88016 ], [ 13.84118, 52.88015 ] ] ] } },
{ "type": "Feature", "properties": { "Z_max": 20.9, "id": "127" }, "geometry": { "type": "Polygon", "coordinates": [ [ [ 13.84117, 52.88008 ], [ 13.84118, 52.88007 ], [ 13.8412, 52.88007 ], [ 13.8412, 52.88006 ], [ 13.84116, 52.88006 ], [ 13.84114, 52.88007 ], [ 13.84114, 52.88008 ], [ 13.84112, 52.88008 ], [ 13.84111, 52.88008 ], [ 13.84113, 52.88011 ], [ 13.84111, 52.88012 ], [ 13.84112, 52.88012 ], [ 13.84113, 52.88013 ], [ 13.8412, 52.88012 ], [ 13.8412, 52.8801 ], [ 13.84117, 52.88008 ] ] ] } },
{ "type": "Feature", "properties": { "Z_max": 17.9, "id": "128" }, "geometry": { "type": "Polygon", "coordinates": [ [ [ 13.84136, 52.88068 ], [ 13.84133, 52.88068 ], [ 13.84131, 52.88069 ], [ 13.84129, 52.88069 ], [ 13.84128, 52.8807 ], [ 13.84127, 52.8807 ], [ 13.84127, 52.88071 ], [ 13.84127, 52.88072 ], [ 13.84131, 52.88074 ], [ 13.8413, 52.88075 ], [ 13.84132, 52.88076 ], [ 13.84134, 52.88075 ], [ 13.84135, 52.88075 ], [ 13.84136, 52.88074 ], [ 13.84136, 52.88068 ] ] ] } },
{ "type": "Feature", "properties": { "Z_max": 21.2, "id": "129" }, "geometry": { "type": "Polygon", "coordinates": [ [ [ 13.84118, 52.87989 ], [ 13.84119, 52.87988 ], [ 13.84115, 52.87988 ], [ 13.84111, 52.87994 ], [ 13.84112, 52.87995 ], [ 13.84119, 52.87995 ], [ 13.84119, 52.87993 ], [ 13.8412, 52.87994 ], [ 13.8412, 52.87991 ], [ 13.84118, 52.87989 ] ] ] } },
{ "type": "Feature", "properties": { "Z_max": 21.0, "id": "130" }, "geometry": { "type": "Polygon", "coordinates": [ [ [ 13.84132, 52.88016 ], [ 13.84131, 52.88015 ], [ 13.84127, 52.88015 ], [ 13.84127, 52.88017 ], [ 13.84123, 52.88016 ], [ 13.84122, 52.88017 ], [ 13.84121, 52.88017 ], [ 13.84122, 52.88019 ], [ 13.84126, 52.88019 ], [ 13.84127, 52.8802 ], [ 13.84131, 52.8802 ], [ 13.84132, 52.88016 ] ] ] } },
{ "type": "Feature", "properties": { "Z_max": 16.4, "id": "131" }, "geometry": { "type": "Polygon", "coordinates": [ [ [ 13.84141, 52.88062 ], [ 13.8414, 52.88061 ], [ 13.84137, 52.88062 ], [ 13.84137, 52.88063 ], [ 13.84138, 52.88063 ], [ 13.84138, 52.88064 ], [ 13.84141, 52.88064 ], [ 13.84141, 52.88062 ] ] ] } },
{ "type": "Feature", "properties": { "Z_max": 15.3, "id": "132" }, "geometry": { "type": "Polygon", "coordinates": [ [ [ 13.84142, 52.88044 ], [ 13.84143, 52.88044 ], [ 13.84143, 52.88043 ], [ 13.8414, 52.88043 ], [ 13.8414, 52.88043 ], [ 13.8414, 52.88043 ], [ 13.84133, 52.88042 ], [ 13.84132, 52.88043 ], [ 13.84134, 52.88045 ], [ 13.84134, 52.88045 ], [ 13.84136, 52.88046 ], [ 13.8414, 52.88046 ], [ 13.84142, 52.88044 ] ] ] } },
{ "type": "Feature", "properties": { "Z_max": 20.6, "id": "133" }, "geometry": { "type": "Polygon", "coordinates": [ [ [ 13.84135, 52.88012 ], [ 13.84133, 52.88012 ], [ 13.8413, 52.88013 ], [ 13.84133, 52.88013 ], [ 13.84135, 52.88012 ] ] ] } },
{ "type": "Feature", "properties": { "Z_max": 19.1, "id": "134" }, "geometry": { "type": "Polygon", "coordinates": [ [ [ 13.84137, 52.88024 ], [ 13.8413, 52.88022 ], [ 13.84126, 52.88022 ], [ 13.84126, 52.88022 ], [ 13.84126, 52.88025 ], [ 13.84127, 52.88026 ], [ 13.84128, 52.88026 ], [ 13.8413, 52.88026 ], [ 13.8413, 52.88026 ], [ 13.84131, 52.88025 ], [ 13.84135, 52.88025 ], [ 13.84135, 52.88026 ], [ 13.84135, 52.88026 ], [ 13.84136, 52.88027 ], [ 13.84139, 52.88027 ], [ 13.84139, 52.88025 ], [ 13.84137, 52.88024 ] ] ] } },
{ "type": "Feature", "properties": { "Z_max": 19.6, "id": "135" }, "geometry": { "type": "Polygon", "coordinates": [ [ [ 13.84144, 52.88048 ], [ 13.84143, 52.88048 ], [ 13.84141, 52.88048 ], [ 13.84139, 52.8805 ], [ 13.84137, 52.88051 ], [ 13.84134, 52.88051 ], [ 13.84134, 52.88051 ], [ 13.84135, 52.88052 ], [ 13.84135, 52.88053 ], [ 13.84136, 52.88053 ], [ 13.84137, 52.88054 ], [ 13.84138, 52.88054 ], [ 13.84139, 52.88054 ], [ 13.84144, 52.88054 ], [ 13.84144, 52.88053 ], [ 13.84145, 52.88053 ], [ 13.84146, 52.88053 ], [ 13.84147, 52.88052 ], [ 13.84147, 52.88051 ], [ 13.84144, 52.88048 ] ] ] } },
{ "type": "Feature", "properties": { "Z_max": 25.0, "id": "136" }, "geometry": { "type": "Polygon", "coordinates": [ [ [ 13.84142, 52.88021 ], [ 13.84142, 52.88019 ], [ 13.84141, 52.88019 ], [ 13.8414, 52.88017 ], [ 13.84136, 52.88017 ], [ 13.84132, 52.8802 ], [ 13.84132, 52.88021 ], [ 13.84133, 52.88021 ], [ 13.84133, 52.88021 ], [ 13.84134, 52.88022 ], [ 13.84134, 52.88023 ], [ 13.84133, 52.88023 ], [ 13.84133, 52.88023 ], [ 13.84136, 52.88023 ], [ 13.84137, 52.88024 ], [ 13.84138, 52.88024 ], [ 13.84141, 52.88024 ], [ 13.84143, 52.88024 ], [ 13.84145, 52.88024 ], [ 13.84142, 52.88021 ] ] ] } },
{ "type": "Feature", "properties": { "Z_max": 21.8, "id": "137" }, "geometry": { "type": "Polygon", "coordinates": [ [ [ 13.84141, 52.88014 ], [ 13.8414, 52.88014 ], [ 13.84139, 52.88013 ], [ 13.84139, 52.88013 ], [ 13.84136, 52.88011 ], [ 13.84135, 52.88011 ], [ 13.84133, 52.88014 ], [ 13.84133, 52.88014 ], [ 13.84135, 52.88014 ], [ 13.84135, 52.88018 ], [ 13.84136, 52.88018 ], [ 13.84136, 52.88017 ], [ 13.84138, 52.88017 ], [ 13.8414, 52.88017 ], [ 13.84141, 52.88014 ] ] ] } },
{ "type": "Feature", "properties": { "Z_max": 25.1, "id": "138" }, "geometry": { "type": "Polygon", "coordinates": [ [ [ 13.84134, 52.87998 ], [ 13.84131, 52.87997 ], [ 13.84129, 52.87997 ], [ 13.84129, 52.87998 ], [ 13.84128, 52.88 ], [ 13.84128, 52.88 ], [ 13.84128, 52.88003 ], [ 13.84129, 52.88003 ], [ 13.84132, 52.88001 ], [ 13.84133, 52.88001 ], [ 13.84134, 52.87998 ] ] ] } },
{ "type": "Feature", "properties": { "Z_max": 23.6, "id": "139" }, "geometry": { "type": "Polygon", "coordinates": [ [ [ 13.8414, 52.88024 ], [ 13.8414, 52.88024 ], [ 13.84139, 52.88024 ], [ 13.84139, 52.88029 ], [ 13.84144, 52.88029 ], [ 13.84145, 52.88027 ], [ 13.84142, 52.88025 ], [ 13.8414, 52.88024 ] ] ] } },
{ "type": "Feature", "properties": { "Z_max": 29.4, "id": "140" }, "geometry": { "type": "Polygon", "coordinates": [ [ [ 13.84139, 52.87992 ], [ 13.84136, 52.87992 ], [ 13.84135, 52.87991 ], [ 13.84128, 52.87991 ], [ 13.84126, 52.87992 ], [ 13.84126, 52.87995 ], [ 13.84132, 52.87998 ], [ 13.84135, 52.87998 ], [ 13.84135, 52.87998 ], [ 13.84137, 52.87995 ], [ 13.8414, 52.87994 ], [ 13.84139, 52.87992 ] ] ] } },
{ "type": "Feature", "properties": { "Z_max": 27.2, "id": "141" }, "geometry": { "type": "Polygon", "coordinates": [ [ [ 13.8414, 52.87988 ], [ 13.84138, 52.87988 ], [ 13.84137, 52.87987 ], [ 13.84137, 52.87986 ], [ 13.84136, 52.87986 ], [ 13.84131, 52.87989 ], [ 13.84129, 52.87989 ], [ 13.84129, 52.87991 ], [ 13.84134, 52.87991 ], [ 13.84135, 52.87992 ], [ 13.84141, 52.87992 ], [ 13.84143, 52.87991 ], [ 13.84143, 52.87989 ], [ 13.8414, 52.87988 ] ] ] } },
{ "type": "Feature", "properties": { "Z_max": 20.9, "id": "142" }, "geometry": { "type": "Polygon", "coordinates": [ [ [ 13.84147, 52.88011 ], [ 13.84147, 52.8801 ], [ 13.84145, 52.8801 ], [ 13.84145, 52.88008 ], [ 13.84143, 52.88007 ], [ 13.84142, 52.88008 ], [ 13.84141, 52.88008 ], [ 13.84137, 52.88011 ], [ 13.84136, 52.88012 ], [ 13.84137, 52.88012 ], [ 13.84141, 52.88015 ], [ 13.84141, 52.88016 ], [ 13.84144, 52.88016 ], [ 13.84145, 52.88016 ], [ 13.84147, 52.88016 ], [ 13.84147, 52.88017 ], [ 13.84148, 52.88017 ], [ 13.84148, 52.88011 ], [ 13.84147, 52.88011 ] ] ] } },
{ "type": "Feature", "properties": { "Z_max": 21.7, "id": "143" }, "geometry": { "type": "Polygon", "coordinates": [ [ [ 13.84145, 52.88016 ], [ 13.84145, 52.88016 ], [ 13.84146, 52.88016 ], [ 13.84146, 52.88016 ], [ 13.84146, 52.88016 ], [ 13.84145, 52.88016 ] ] ] } },
{ "type": "Feature", "properties": { "Z_max": 30.7, "id": "144" }, "geometry": { "type": "Polygon", "coordinates": [ [ [ 13.84159, 52.88002 ], [ 13.84158, 52.88 ], [ 13.84156, 52.87999 ], [ 13.84154, 52.88 ], [ 13.84147, 52.88 ], [ 13.84144, 52.88002 ], [ 13.84144, 52.88005 ], [ 13.8415, 52.88004 ], [ 13.84153, 52.88005 ], [ 13.84153, 52.88006 ], [ 13.84154, 52.88006 ], [ 13.8416, 52.88004 ], [ 13.8416, 52.88002 ], [ 13.84159, 52.88002 ] ] ] } },
{ "type": "Feature", "properties": { "Z_max": 27.2, "id": "145" }, "geometry": { "type": "Polygon", "coordinates": [ [ [ 13.83962, 52.87934 ], [ 13.83954, 52.87934 ], [ 13.83954, 52.87935 ], [ 13.83953, 52.87935 ], [ 13.83953, 52.87935 ], [ 13.83954, 52.87935 ], [ 13.83954, 52.87937 ], [ 13.83953, 52.87937 ], [ 13.83953, 52.87938 ], [ 13.8395, 52.87938 ], [ 13.8395, 52.87939 ], [ 13.83951, 52.87939 ], [ 13.83953, 52.87939 ], [ 13.83955, 52.8794 ], [ 13.83956, 52.87939 ], [ 13.83957, 52.87939 ], [ 13.83961, 52.87937 ], [ 13.83963, 52.87937 ], [ 13.83962, 52.87934 ] ] ] } },
{ "type": "Feature", "properties": { "Z_max": 5.5, "id": "146" }, "geometry": { "type": "Polygon", "coordinates": [ [ [ 13.8397, 52.87937 ], [ 13.8397, 52.87937 ], [ 13.83971, 52.87937 ], [ 13.83972, 52.87937 ], [ 13.8397, 52.87937 ] ] ] } },
{ "type": "Feature", "properties": { "Z_max": 25.4, "id": "147" }, "geometry": { "type": "Polygon", "coordinates": [ [ [ 13.8398, 52.87932 ], [ 13.83978, 52.87932 ], [ 13.83977, 52.87933 ], [ 13.83976, 52.87934 ], [ 13.83975, 52.87936 ], [ 13.83975, 52.87937 ], [ 13.83973, 52.87938 ], [ 13.83976, 52.8794 ], [ 13.8398, 52.8794 ], [ 13.83984, 52.87937 ], [ 13.83983, 52.87936 ], [ 13.8398, 52.87932 ] ] ] } },
{ "type": "Feature", "properties": { "Z_max": 26.0, "id": "148" }, "geometry": { "type": "Polygon", "coordinates": [ [ [ 13.83987, 52.87936 ], [ 13.83986, 52.87936 ], [ 13.83986, 52.87936 ], [ 13.83981, 52.87938 ], [ 13.83981, 52.8794 ], [ 13.83982, 52.87942 ], [ 13.83983, 52.87942 ], [ 13.83984, 52.87943 ], [ 13.83986, 52.87943 ], [ 13.83987, 52.87943 ], [ 13.83987, 52.87944 ], [ 13.83988, 52.87944 ], [ 13.83988, 52.87943 ], [ 13.83989, 52.87942 ], [ 13.83989, 52.87939 ], [ 13.83987, 52.87936 ] ] ] } },
{ "type": "Feature", "properties": { "Z_max": 26.9, "id": "149" }, "geometry": { "type": "Polygon", "coordinates": [ [ [ 13.83999, 52.87932 ], [ 13.83996, 52.87931 ], [ 13.83993, 52.87932 ], [ 13.83993, 52.87934 ], [ 13.83992, 52.87934 ], [ 13.83991, 52.87936 ], [ 13.83994, 52.87938 ], [ 13.83994, 52.87939 ], [ 13.83997, 52.87939 ], [ 13.83997, 52.87936 ], [ 13.83999, 52.87936 ], [ 13.83999, 52.87932 ] ] ] } },
{ "type": "Feature", "properties": { "Z_max": 25.0, "id": "150" }, "geometry": { "type": "Polygon", "coordinates": [ [ [ 13.84003, 52.87932 ], [ 13.84003, 52.87932 ], [ 13.84001, 52.87931 ], [ 13.84, 52.87932 ], [ 13.83997, 52.87936 ], [ 13.83997, 52.87938 ], [ 13.83998, 52.87938 ], [ 13.84, 52.87939 ], [ 13.84001, 52.87939 ], [ 13.84004, 52.87936 ], [ 13.84005, 52.87933 ], [ 13.84003, 52.87932 ] ] ] } },
{ "type": "Feature", "properties": { "Z_max": 25.4, "id": "151" }, "geometry": { "type": "Polygon", "coordinates": [ [ [ 13.84014, 52.87938 ], [ 13.84009, 52.8794 ], [ 13.84009, 52.87941 ], [ 13.84011, 52.87942 ], [ 13.84015, 52.87942 ], [ 13.84016, 52.87941 ], [ 13.84018, 52.87941 ], [ 13.84019, 52.8794 ], [ 13.84014, 52.87938 ] ] ] } },
{ "type": "Feature", "properties": { "Z_max": 27.0, "id": "152" }, "geometry": { "type": "Polygon", "coordinates": [ [ [ 13.8403, 52.87934 ], [ 13.84027, 52.87932 ], [ 13.84025, 52.87932 ], [ 13.84025, 52.87934 ], [ 13.84024, 52.87936 ], [ 13.84023, 52.87936 ], [ 13.84021, 52.87937 ], [ 13.84021, 52.87938 ], [ 13.84023, 52.8794 ], [ 13.84026, 52.8794 ], [ 13.8403, 52.87938 ], [ 13.8403, 52.87934 ] ] ] } },
{ "type": "Feature", "properties": { "Z_max": 27.1, "id": "153" }, "geometry": { "type": "Polygon", "coordinates": [ [ [ 13.84036, 52.87935 ], [ 13.84031, 52.87934 ], [ 13.8403, 52.87935 ], [ 13.8403, 52.87939 ], [ 13.84031, 52.87939 ], [ 13.84032, 52.8794 ], [ 13.84035, 52.8794 ], [ 13.84036, 52.87939 ], [ 13.84037, 52.87939 ], [ 13.84038, 52.87938 ], [ 13.84036, 52.87935 ] ] ] } },
{ "type": "Feature", "properties": { "Z_max": 26.9, "id": "154" }, "geometry": { "type": "Polygon", "coordinates": [ [ [ 13.84043, 52.87935 ], [ 13.84043, 52.87934 ], [ 13.84036, 52.87935 ], [ 13.84036, 52.87936 ], [ 13.84039, 52.87938 ], [ 13.8404, 52.87938 ], [ 13.84042, 52.87938 ], [ 13.84045, 52.87936 ], [ 13.84044, 52.87935 ], [ 13.84043, 52.87935 ] ] ] } },
{ "type": "Feature", "properties": { "Z_max": 27.5, "id": "155" }, "geometry": { "type": "Polygon", "coordinates": [ [ [ 13.84048, 52.87936 ], [ 13.84045, 52.87936 ], [ 13.84045, 52.87939 ], [ 13.8405, 52.87942 ], [ 13.84052, 52.87941 ], [ 13.84052, 52.87939 ], [ 13.84048, 52.87936 ] ] ] } },
{ "type": "Feature", "properties": { "Z_max": 21.7, "id": "156" }, "geometry": { "type": "Polygon", "coordinates": [ [ [ 13.83928, 52.87948 ], [ 13.83925, 52.87948 ], [ 13.83926, 52.87947 ], [ 13.83924, 52.87945 ], [ 13.8392, 52.87945 ], [ 13.8392, 52.87946 ], [ 13.83922, 52.87946 ], [ 13.83923, 52.87947 ], [ 13.83923, 52.87948 ], [ 13.83921, 52.87948 ], [ 13.83921, 52.8795 ], [ 13.8392, 52.8795 ], [ 13.83919, 52.8795 ], [ 13.83925, 52.8795 ], [ 13.83926, 52.8795 ], [ 13.83927, 52.8795 ], [ 13.8393, 52.8795 ], [ 13.83928, 52.87948 ] ] ] } },
{ "type": "Feature", "properties": { "Z_max": 27.1, "id": "157" }, "geometry": { "type": "Polygon", "coordinates": [ [ [ 13.83931, 52.87943 ], [ 13.83924, 52.87942 ], [ 13.83921, 52.87945 ], [ 13.83921, 52.87945 ], [ 13.83927, 52.87947 ], [ 13.8393, 52.87947 ], [ 13.8393, 52.87947 ], [ 13.83931, 52.87948 ], [ 13.83931, 52.87943 ] ] ] } },
{ "type": "Feature", "properties": { "Z_max": 28.5, "id": "158" }, "geometry": { "type": "Polygon", "coordinates": [ [ [ 13.83937, 52.87942 ], [ 13.83937, 52.87941 ], [ 13.83935, 52.87941 ], [ 13.83932, 52.87943 ], [ 13.83932, 52.87947 ], [ 13.83937, 52.87947 ], [ 13.8394, 52.87945 ], [ 13.83937, 52.87942 ] ] ] } },
{ "type": "Feature", "properties": { "Z_max": 27.7, "id": "159" }, "geometry": { "type": "Polygon", "coordinates": [ [ [ 13.83944, 52.87947 ], [ 13.83941, 52.87945 ], [ 13.8394, 52.87945 ], [ 13.83934, 52.87947 ], [ 13.83932, 52.87947 ], [ 13.83932, 52.87948 ], [ 13.83935, 52.8795 ], [ 13.83941, 52.8795 ], [ 13.8394, 52.87951 ], [ 13.83942, 52.87952 ], [ 13.83944, 52.87952 ], [ 13.83944, 52.87947 ] ] ] } },
{ "type": "Feature", "properties": { "Z_max": 27.6, "id": "160" }, "geometry": { "type": "Polygon", "coordinates": [ [ [ 13.83949, 52.87943 ], [ 13.83945, 52.87944 ], [ 13.83945, 52.87945 ], [ 13.83944, 52.87946 ], [ 13.83943, 52.87946 ], [ 13.83945, 52.87948 ], [ 13.83945, 52.8795 ], [ 13.83946, 52.8795 ], [ 13.83946, 52.87948 ], [ 13.83947, 52.87947 ], [ 13.83949, 52.87947 ], [ 13.83949, 52.87943 ] ] ] } },
{ "type": "Feature", "properties": { "Z_max": 30.2, "id": "161" }, "geometry": { "type": "Polygon", "coordinates": [ [ [ 13.83951, 52.87939 ], [ 13.83949, 52.87938 ], [ 13.83946, 52.87938 ], [ 13.83945, 52.8794 ], [ 13.83944, 52.87941 ], [ 13.83945, 52.87942 ], [ 13.83945, 52.87943 ], [ 13.83949, 52.87943 ], [ 13.83949, 52.87942 ], [ 13.83951, 52.87942 ], [ 13.83951, 52.87939 ] ] ] } },
{ "type": "Feature", "properties": { "Z_max": 25.5, "id": "162" }, "geometry": { "type": "Polygon", "coordinates": [ [ [ 13.8395, 52.87947 ], [ 13.83946, 52.87947 ], [ 13.83946, 52.8795 ], [ 13.83949, 52.8795 ], [ 13.83951, 52.87949 ], [ 13.8395, 52.87947 ] ] ] } },
{ "type": "Feature", "properties": { "Z_max": 29.4, "id": "163" }, "geometry": { "type": "Polygon", "coordinates": [ [ [ 13.83954, 52.8794 ], [ 13.83951, 52.87939 ], [ 13.83951, 52.87941 ], [ 13.8395, 52.87942 ], [ 13.8395, 52.87944 ], [ 13.83953, 52.87944 ], [ 13.83955, 52.87944 ], [ 13.83955, 52.87942 ], [ 13.83954, 52.8794 ] ] ] } },
{ "type": "Feature", "properties": { "Z_max": 26.8, "id": "164" }, "geometry": { "type": "Polygon", "coordinates": [ [ [ 13.83955, 52.87948 ], [ 13.83951, 52.87948 ], [ 13.8395, 52.8795 ], [ 13.83949, 52.8795 ], [ 13.83949, 52.87951 ], [ 13.83953, 52.87952 ], [ 13.83955, 52.87951 ], [ 13.83955, 52.87951 ], [ 13.83955, 52.87948 ] ] ] } },
{ "type": "Feature", "properties": { "Z_max": 26.9, "id": "165" }, "geometry": { "type": "Polygon", "coordinates": [ [ [ 13.83957, 52.87944 ], [ 13.83954, 52.87944 ], [ 13.83953, 52.87945 ], [ 13.8395, 52.87945 ], [ 13.83949, 52.87947 ], [ 13.83951, 52.87948 ], [ 13.83955, 52.87948 ], [ 13.83955, 52.87946 ], [ 13.83956, 52.87946 ], [ 13.83957, 52.87944 ] ] ] } },
{ "type": "Feature", "properties": { "Z_max": 27.9, "id": "166" }, "geometry": { "type": "Polygon", "coordinates": [ [ [ 13.83962, 52.87937 ], [ 13.83958, 52.87938 ], [ 13.83958, 52.87938 ], [ 13.83957, 52.87938 ], [ 13.83954, 52.8794 ], [ 13.83959, 52.87942 ], [ 13.83959, 52.87943 ], [ 13.83963, 52.87943 ], [ 13.83963, 52.87938 ], [ 13.83962, 52.87937 ] ] ] } },
{ "type": "Feature", "properties": { "Z_max": 26.8, "id": "167" }, "geometry": { "type": "Polygon", "coordinates": [ [ [ 13.83959, 52.87951 ], [ 13.83959, 52.87951 ], [ 13.83956, 52.8795 ], [ 13.83956, 52.87949 ], [ 13.83955, 52.87949 ], [ 13.83955, 52.8795 ], [ 13.83952, 52.87952 ], [ 13.83951, 52.87952 ], [ 13.83952, 52.87953 ], [ 13.83955, 52.87953 ], [ 13.83959, 52.87953 ], [ 13.83961, 52.87952 ], [ 13.83961, 52.87952 ], [ 13.83959, 52.87951 ] ] ] } },
{ "type": "Feature", "properties": { "Z_max": 24.2, "id": "168" }, "geometry": { "type": "Polygon", "coordinates": [ [ [ 13.83963, 52.87947 ], [ 13.83962, 52.87946 ], [ 13.83958, 52.87947 ], [ 13.83958, 52.87947 ], [ 13.83955, 52.87947 ], [ 13.83956, 52.87949 ], [ 13.83956, 52.87949 ], [ 13.83957, 52.87951 ], [ 13.83957, 52.87951 ], [ 13.83959, 52.87951 ], [ 13.8396, 52.8795 ], [ 13.83961, 52.8795 ], [ 13.83962, 52.87949 ], [ 13.83962, 52.87949 ], [ 13.83963, 52.87947 ] ] ] } },
{ "type": "Feature", "properties": { "Z_max": 27.4, "id": "169" }, "geometry": { "type": "Polygon", "coordinates": [ [ [ 13.83972, 52.87939 ], [ 13.8397, 52.87938 ], [ 13.8397, 52.87939 ], [ 13.83969, 52.87937 ], [ 13.83964, 52.87935 ], [ 13.83963, 52.87935 ], [ 13.83963, 52.87943 ], [ 13.83967, 52.87943 ], [ 13.83968, 52.87942 ], [ 13.8397, 52.87942 ], [ 13.83972, 52.87941 ], [ 13.83972, 52.87939 ] ] ] } },
{ "type": "Feature", "properties": { "Z_max": 27.7, "id": "170" }, "geometry": { "type": "Polygon", "coordinates": [ [ [ 13.83968, 52.87948 ], [ 13.83967, 52.87948 ], [ 13.83963, 52.87947 ], [ 13.8396, 52.8795 ], [ 13.8396, 52.87951 ], [ 13.83965, 52.87952 ], [ 13.83965, 52.87951 ], [ 13.83968, 52.87951 ], [ 13.83968, 52.87948 ] ] ] } },
{ "type": "Feature", "properties": { "Z_max": 27.5, "id": "171" }, "geometry": { "type": "Polygon", "coordinates": [ [ [ 13.83971, 52.87944 ], [ 13.8397, 52.87943 ], [ 13.8397, 52.87942 ], [ 13.83967, 52.87942 ], [ 13.83967, 52.87943 ], [ 13.83965, 52.87943 ], [ 13.83964, 52.87943 ], [ 13.83963, 52.87944 ], [ 13.83963, 52.87944 ], [ 13.83964, 52.87945 ], [ 13.83964, 52.87946 ], [ 13.83968, 52.87948 ], [ 13.83971, 52.87946 ], [ 13.83971, 52.87944 ] ] ] } },
{ "type": "Feature", "properties": { "Z_max": 26.7, "id": "172" }, "geometry": { "type": "Polygon", "coordinates": [ [ [ 13.83978, 52.8795 ], [ 13.83979, 52.87948 ], [ 13.83977, 52.87948 ], [ 13.83977, 52.87948 ], [ 13.83974, 52.87948 ], [ 13.83973, 52.87946 ], [ 13.8397, 52.87946 ], [ 13.83969, 52.87948 ], [ 13.83969, 52.87952 ], [ 13.83972, 52.87953 ], [ 13.83976, 52.87954 ], [ 13.8398, 52.87954 ], [ 13.83978, 52.8795 ] ] ] } },
{ "type": "Feature", "properties": { "Z_max": 26.8, "id": "173" }, "geometry": { "type": "Polygon", "coordinates": [ [ [ 13.83978, 52.8794 ], [ 13.83976, 52.8794 ], [ 13.83976, 52.87939 ], [ 13.83974, 52.87939 ], [ 13.83975, 52.87938 ], [ 13.83973, 52.87938 ], [ 13.83973, 52.87939 ], [ 13.83972, 52.87939 ], [ 13.83972, 52.8794 ], [ 13.8397, 52.87942 ], [ 13.8397, 52.87944 ], [ 13.83972, 52.87944 ], [ 13.83972, 52.87946 ], [ 13.83973, 52.87946 ], [ 13.83973, 52.87947 ], [ 13.83974, 52.87947 ], [ 13.83975, 52.87945 ], [ 13.83976, 52.87945 ], [ 13.83976, 52.87944 ], [ 13.83977, 52.87943 ], [ 13.83978, 52.8794 ] ] ] } },
{ "type": "Feature", "properties": { "Z_max": 26.9, "id": "174" }, "geometry": { "type": "Polygon", "coordinates": [ [ [ 13.83985, 52.87943 ], [ 13.83981, 52.8794 ], [ 13.83978, 52.8794 ], [ 13.83978, 52.87942 ], [ 13.83978, 52.87944 ], [ 13.83976, 52.87944 ], [ 13.83976, 52.87945 ], [ 13.83978, 52.87946 ], [ 13.8398, 52.87947 ], [ 13.83984, 52.87945 ], [ 13.83986, 52.87944 ], [ 13.83987, 52.87943 ], [ 13.83985, 52.87943 ] ] ] } },
{ "type": "Feature", "properties": { "Z_max": 24.5, "id": "175" }, "geometry": { "type": "Polygon", "coordinates": [ [ [ 13.83987, 52.87932 ], [ 13.83988, 52.87932 ], [ 13.83988, 52.87932 ], [ 13.83985, 52.8793 ], [ 13.83984, 52.8793 ], [ 13.83981, 52.87932 ], [ 13.83981, 52.87935 ], [ 13.83983, 52.87936 ], [ 13.83984, 52.87937 ], [ 13.83985, 52.87936 ], [ 13.83986, 52.87935 ], [ 13.83988, 52.87936 ], [ 13.83987, 52.87932 ] ] ] } },
{ "type": "Feature", "properties": { "Z_max": 25.7, "id": "176" }, "geometry": { "type": "Polygon", "coordinates": [ [ [ 13.83994, 52.87937 ], [ 13.83991, 52.87935 ], [ 13.83988, 52.87935 ], [ 13.83987, 52.87936 ], [ 13.83987, 52.87937 ], [ 13.8399, 52.87941 ], [ 13.83992, 52.87941 ], [ 13.83993, 52.8794 ], [ 13.83994, 52.8794 ], [ 13.83994, 52.87937 ] ] ] } },
{ "type": "Feature", "properties": { "Z_max": 24.8, "id": "177" }, "geometry": { "type": "Polygon", "coordinates": [ [ [ 13.83997, 52.87949 ], [ 13.83995, 52.87948 ], [ 13.83993, 52.87947 ], [ 13.83992, 52.87949 ], [ 13.83991, 52.87948 ], [ 13.83986, 52.87951 ], [ 13.83993, 52.87955 ], [ 13.83996, 52.87956 ], [ 13.83997, 52.87949 ] ] ] } },
{ "type": "Feature", "properties": { "Z_max": 24.9, "id": "178" }, "geometry": { "type": "Polygon", "coordinates": [ [ [ 13.83997, 52.87942 ], [ 13.83994, 52.87942 ], [ 13.83994, 52.87943 ], [ 13.83993, 52.87943 ], [ 13.83993, 52.87945 ], [ 13.83992, 52.87947 ], [ 13.83997, 52.87948 ], [ 13.83997, 52.87946 ], [ 13.83998, 52.87946 ], [ 13.83999, 52.87945 ], [ 13.84, 52.87945 ], [ 13.84, 52.87944 ], [ 13.83997, 52.87942 ] ] ] } },
{ "type": "Feature", "properties": { "Z_max": 26.7, "id": "179" }, "geometry": { "type": "Polygon", "coordinates": [ [ [ 13.84001, 52.8794 ], [ 13.84, 52.87939 ], [ 13.83999, 52.87939 ], [ 13.83997, 52.87939 ], [ 13.83996, 52.8794 ], [ 13.83994, 52.87939 ], [ 13.83994, 52.87941 ], [ 13.83993, 52.87941 ], [ 13.83993, 52.87941 ], [ 13.83994, 52.87941 ], [ 13.83994, 52.87942 ], [ 13.84, 52.87944 ], [ 13.84001, 52.87944 ], [ 13.84001, 52.8794 ] ] ] } },
{ "type": "Feature", "properties": { "Z_max": 24.0, "id": "180" }, "geometry": { "type": "Polygon", "coordinates": [ [ [ 13.84003, 52.8795 ], [ 13.83999, 52.87949 ], [ 13.83997, 52.87948 ], [ 13.83997, 52.87954 ], [ 13.83999, 52.87954 ], [ 13.84001, 52.87953 ], [ 13.84002, 52.87952 ], [ 13.84003, 52.8795 ] ] ] } },
{ "type": "Feature", "properties": { "Z_max": 24.5, "id": "181" }, "geometry": { "type": "Polygon", "coordinates": [ [ [ 13.84006, 52.87946 ], [ 13.84004, 52.87945 ], [ 13.83999, 52.87945 ], [ 13.83997, 52.87946 ], [ 13.83997, 52.87948 ], [ 13.84001, 52.87949 ], [ 13.84004, 52.87949 ], [ 13.84006, 52.87948 ], [ 13.84006, 52.87946 ] ] ] } },
{ "type": "Feature", "properties": { "Z_max": 26.7, "id": "182" }, "geometry": { "type": "Polygon", "coordinates": [ [ [ 13.84008, 52.8794 ], [ 13.84004, 52.8794 ], [ 13.84004, 52.8794 ], [ 13.84003, 52.87939 ], [ 13.84002, 52.87943 ], [ 13.84006, 52.87943 ], [ 13.84007, 52.87942 ], [ 13.8401, 52.87942 ], [ 13.8401, 52.87941 ], [ 13.84008, 52.8794 ] ] ] } },
{ "type": "Feature", "properties": { "Z_max": 27.5, "id": "183" }, "geometry": { "type": "Polygon", "coordinates": [ [ [ 13.84012, 52.87937 ], [ 13.84011, 52.87937 ], [ 13.84008, 52.87935 ], [ 13.84007, 52.87934 ], [ 13.84005, 52.87934 ], [ 13.84005, 52.87935 ], [ 13.84002, 52.87938 ], [ 13.84002, 52.87939 ], [ 13.84005, 52.8794 ], [ 13.84005, 52.8794 ], [ 13.84009, 52.8794 ], [ 13.84012, 52.87939 ], [ 13.84012, 52.87937 ] ] ] } },
{ "type": "Feature", "properties": { "Z_max": 24.9, "id": "184" }, "geometry": { "type": "Polygon", "coordinates": [ [ [ 13.8401, 52.87944 ], [ 13.8401, 52.87943 ], [ 13.84009, 52.87942 ], [ 13.84006, 52.87942 ], [ 13.84005, 52.87943 ], [ 13.84004, 52.87945 ], [ 13.84005, 52.87946 ], [ 13.84006, 52.87947 ], [ 13.84007, 52.87948 ], [ 13.84012, 52.87945 ], [ 13.84011, 52.87944 ], [ 13.8401, 52.87944 ] ] ] } },
{ "type": "Feature", "properties": { "Z_max": 23.9, "id": "185" }, "geometry": { "type": "Polygon", "coordinates": [ [ [ 13.8401, 52.87947 ], [ 13.8401, 52.87946 ], [ 13.84009, 52.87946 ], [ 13.84005, 52.87949 ], [ 13.84006, 52.87951 ], [ 13.84006, 52.87952 ], [ 13.84007, 52.87953 ], [ 13.84008, 52.87953 ], [ 13.84011, 52.87951 ], [ 13.84012, 52.87949 ], [ 13.8401, 52.87947 ] ] ] } },
{ "type": "Feature", "properties": { "Z_max": 26.2, "id": "186" }, "geometry": { "type": "Polygon", "coordinates": [ [ [ 13.84017, 52.87934 ], [ 13.84015, 52.87933 ], [ 13.84014, 52.87932 ], [ 13.84008, 52.87934 ], [ 13.84008, 52.87935 ], [ 13.84011, 52.87935 ], [ 13.84014, 52.87937 ], [ 13.84018, 52.87935 ], [ 13.84018, 52.87934 ], [ 13.84017, 52.87934 ] ] ] } },
{ "type": "Feature", "properties": { "Z_max": 25.9, "id": "187" }, "geometry": { "type": "Polygon", "coordinates": [ [ [ 13.84021, 52.87937 ], [ 13.84017, 52.87935 ], [ 13.84014, 52.87937 ], [ 13.84014, 52.87938 ], [ 13.84017, 52.8794 ], [ 13.8402, 52.8794 ], [ 13.84021, 52.87937 ] ] ] } },
{ "type": "Feature", "properties": { "Z_max": 24.1, "id": "188" }, "geometry": { "type": "Polygon", "coordinates": [ [ [ 13.84022, 52.87942 ], [ 13.8402, 52.87942 ], [ 13.84015, 52.87941 ], [ 13.84014, 52.87942 ], [ 13.8401, 52.87942 ], [ 13.8401, 52.87944 ], [ 13.84013, 52.87946 ], [ 13.84015, 52.87946 ], [ 13.84015, 52.87947 ], [ 13.84015, 52.87947 ], [ 13.84022, 52.87944 ], [ 13.84022, 52.87942 ] ] ] } },
{ "type": "Feature", "properties": { "Z_max": 24.3, "id": "189" }, "geometry": { "type": "Polygon", "coordinates": [ [ [ 13.84019, 52.87945 ], [ 13.84015, 52.87947 ], [ 13.84015, 52.87948 ], [ 13.84017, 52.87949 ], [ 13.84018, 52.87951 ], [ 13.8402, 52.8795 ], [ 13.84021, 52.87949 ], [ 13.84022, 52.87949 ], [ 13.84022, 52.87948 ], [ 13.84019, 52.87945 ] ] ] } },
{ "type": "Feature", "properties": { "Z_max": 26.7, "id": "190" }, "geometry": { "type": "Polygon", "coordinates": [ [ [ 13.84021, 52.87931 ], [ 13.84018, 52.87934 ], [ 13.84018, 52.87936 ], [ 13.84021, 52.87937 ], [ 13.84022, 52.87937 ], [ 13.84025, 52.87935 ], [ 13.84025, 52.87932 ], [ 13.84021, 52.87931 ] ] ] } },
{ "type": "Feature", "properties": { "Z_max": 26.2, "id": "191" }, "geometry": { "type": "Polygon", "coordinates": [ [ [ 13.84025, 52.87943 ], [ 13.84024, 52.87943 ], [ 13.84022, 52.87943 ], [ 13.8402, 52.87945 ], [ 13.84019, 52.87946 ], [ 13.84022, 52.87948 ], [ 13.84025, 52.87949 ], [ 13.84026, 52.87949 ], [ 13.84027, 52.87948 ], [ 13.84027, 52.87948 ], [ 13.84029, 52.87946 ], [ 13.84025, 52.87943 ] ] ] } },
{ "type": "Feature", "properties": { "Z_max": 25.6, "id": "192" }, "geometry": { "type": "Polygon", "coordinates": [ [ [ 13.84026, 52.8795 ], [ 13.84026, 52.87949 ], [ 13.84025, 52.87949 ], [ 13.84023, 52.87949 ], [ 13.84021, 52.8795 ], [ 13.84021, 52.87951 ], [ 13.84019, 52.8795 ], [ 13.84019, 52.87951 ], [ 13.84021, 52.87952 ], [ 13.84021, 52.87952 ], [ 13.84022, 52.87952 ], [ 13.84029, 52.87952 ], [ 13.84029, 52.87951 ], [ 13.84028, 52.87952 ], [ 13.84026, 52.8795 ] ] ] } },
{ "type": "Feature", "properties": { "Z_max": 28.2, "id": "193" }, "geometry": { "type": "Polygon", "coordinates": [ [ [ 13.84033, 52.87941 ], [ 13.84031, 52.8794 ], [ 13.84031, 52.87939 ], [ 13.84028, 52.87939 ], [ 13.84026, 52.8794 ], [ 13.84023, 52.8794 ], [ 13.84022, 52.87941 ], [ 13.84021, 52.87942 ], [ 13.84021, 52.87942 ], [ 13.84022, 52.87943 ], [ 13.84025, 52.87943 ], [ 13.84025, 52.87944 ], [ 13.84027, 52.87944 ], [ 13.84033, 52.87941 ], [ 13.84033, 52.87941 ] ] ] } },
{ "type": "Feature", "properties": { "Z_max": 27.4, "id": "194" }, "geometry": { "type": "Polygon", "coordinates": [ [ [ 13.84034, 52.87944 ], [ 13.84034, 52.87942 ], [ 13.84033, 52.87942 ], [ 13.84031, 52.87942 ], [ 13.84027, 52.87944 ], [ 13.84027, 52.87945 ], [ 13.8403, 52.87947 ], [ 13.84032, 52.87947 ], [ 13.84035, 52.87945 ], [ 13.84036, 52.87944 ], [ 13.84035, 52.87945 ], [ 13.84034, 52.87944 ] ] ] } },
{ "type": "Feature", "properties": { "Z_max": 27.6, "id": "195" }, "geometry": { "type": "Polygon", "coordinates": [ [ [ 13.84032, 52.87948 ], [ 13.8403, 52.87948 ], [ 13.8403, 52.8795 ], [ 13.84029, 52.87951 ], [ 13.84028, 52.87951 ], [ 13.84029, 52.87951 ], [ 13.8403, 52.87952 ], [ 13.84034, 52.87952 ], [ 13.84034, 52.87949 ], [ 13.84032, 52.87948 ] ] ] } },
{ "type": "Feature", "properties": { "Z_max": 26.0, "id": "196" }, "geometry": { "type": "Polygon", "coordinates": [ [ [ 13.84038, 52.87946 ], [ 13.84037, 52.87945 ], [ 13.84034, 52.87945 ], [ 13.8403, 52.87947 ], [ 13.8403, 52.87948 ], [ 13.84034, 52.8795 ], [ 13.84034, 52.87952 ], [ 13.84035, 52.87952 ], [ 13.84038, 52.87952 ], [ 13.84041, 52.87952 ], [ 13.84041, 52.8795 ], [ 13.84038, 52.87946 ] ] ] } },
{ "type": "Feature", "properties": { "Z_max": 26.7, "id": "197" }, "geometry": { "type": "Polygon", "coordinates": [ [ [ 13.8404, 52.87938 ], [ 13.84037, 52.87938 ], [ 13.84034, 52.8794 ], [ 13.84031, 52.8794 ], [ 13.84032, 52.8794 ], [ 13.84033, 52.87942 ], [ 13.84034, 52.87942 ], [ 13.84035, 52.87942 ], [ 13.84036, 52.87943 ], [ 13.84039, 52.87942 ], [ 13.84039, 52.87941 ], [ 13.8404, 52.87941 ], [ 13.8404, 52.87938 ] ] ] } },
{ "type": "Feature", "properties": { "Z_max": 29.2, "id": "198" }, "geometry": { "type": "Polygon", "coordinates": [ [ [ 13.84041, 52.87942 ], [ 13.84039, 52.87942 ], [ 13.84038, 52.87943 ], [ 13.84035, 52.87943 ], [ 13.84034, 52.87944 ], [ 13.84036, 52.87945 ], [ 13.84038, 52.87946 ], [ 13.84042, 52.87946 ], [ 13.84043, 52.87947 ], [ 13.84046, 52.87946 ], [ 13.84046, 52.87944 ], [ 13.84041, 52.87942 ] ] ] } },
{ "type": "Feature", "properties": { "Z_max": 27.8, "id": "199" }, "geometry": { "type": "Polygon", "coordinates": [ [ [ 13.84045, 52.87937 ], [ 13.84043, 52.87937 ], [ 13.8404, 52.87938 ], [ 13.84041, 52.87941 ], [ 13.84041, 52.87941 ], [ 13.84042, 52.87943 ], [ 13.84044, 52.87943 ], [ 13.84046, 52.87943 ], [ 13.84047, 52.87942 ], [ 13.84047, 52.8794 ], [ 13.84045, 52.87937 ] ] ] } },
{ "type": "Feature", "properties": { "Z_max": 29.2, "id": "200" }, "geometry": { "type": "Polygon", "coordinates": [ [ [ 13.84053, 52.87941 ], [ 13.84053, 52.8794 ], [ 13.84052, 52.8794 ], [ 13.8405, 52.87942 ], [ 13.84047, 52.87942 ], [ 13.84046, 52.87943 ], [ 13.84046, 52.87946 ], [ 13.84053, 52.87946 ], [ 13.84058, 52.87945 ], [ 13.84058, 52.87944 ], [ 13.84053, 52.87941 ] ] ] } },
{ "type": "Feature", "properties": { "Z_max": 29.3, "id": "201" }, "geometry": { "type": "Polygon", "coordinates": [ [ [ 13.84059, 52.87945 ], [ 13.84055, 52.87944 ], [ 13.8405, 52.87947 ], [ 13.84044, 52.87946 ], [ 13.84045, 52.87947 ], [ 13.84045, 52.87948 ], [ 13.84046, 52.87948 ], [ 13.84048, 52.87949 ], [ 13.84054, 52.87949 ], [ 13.84055, 52.87949 ], [ 13.84056, 52.87949 ], [ 13.84059, 52.87947 ], [ 13.84059, 52.87945 ] ] ] } },
{ "type": "Feature", "properties": { "Z_max": 28.6, "id": "202" }, "geometry": { "type": "Polygon", "coordinates": [ [ [ 13.84058, 52.87939 ], [ 13.84056, 52.87939 ], [ 13.84054, 52.8794 ], [ 13.84054, 52.87941 ], [ 13.84053, 52.87941 ], [ 13.84055, 52.87943 ], [ 13.84057, 52.87943 ], [ 13.84056, 52.87944 ], [ 13.84059, 52.87945 ], [ 13.84062, 52.87943 ], [ 13.84062, 52.87942 ], [ 13.84058, 52.87939 ] ] ] } },
{ "type": "Feature", "properties": { "Z_max": 28.0, "id": "203" }, "geometry": { "type": "Polygon", "coordinates": [ [ [ 13.84059, 52.87952 ], [ 13.84061, 52.87951 ], [ 13.84062, 52.87951 ], [ 13.84062, 52.8795 ], [ 13.84063, 52.8795 ], [ 13.84063, 52.87949 ], [ 13.84062, 52.87946 ], [ 13.8406, 52.87945 ], [ 13.84059, 52.87947 ], [ 13.84055, 52.87949 ], [ 13.84049, 52.87949 ], [ 13.84049, 52.8795 ], [ 13.84049, 52.87951 ], [ 13.84051, 52.87952 ], [ 13.84052, 52.87953 ], [ 13.84053, 52.87954 ], [ 13.84057, 52.87954 ], [ 13.84059, 52.87954 ], [ 13.84059, 52.87952 ] ] ] } },
{ "type": "Feature", "properties": { "Z_max": 27.7, "id": "204" }, "geometry": { "type": "Polygon", "coordinates": [ [ [ 13.8407, 52.87945 ], [ 13.84069, 52.87941 ], [ 13.84064, 52.87941 ], [ 13.84063, 52.87942 ], [ 13.84062, 52.87942 ], [ 13.84059, 52.87944 ], [ 13.8406, 52.87945 ], [ 13.84062, 52.87947 ], [ 13.84063, 52.87947 ], [ 13.84064, 52.87946 ], [ 13.84066, 52.87946 ], [ 13.84069, 52.87945 ], [ 13.8407, 52.87945 ] ] ] } },
{ "type": "Feature", "properties": { "Z_max": 27.3, "id": "205" }, "geometry": { "type": "Polygon", "coordinates": [ [ [ 13.84066, 52.8795 ], [ 13.84062, 52.8795 ], [ 13.84062, 52.87951 ], [ 13.84061, 52.87951 ], [ 13.84064, 52.87954 ], [ 13.84065, 52.87954 ], [ 13.84066, 52.87953 ], [ 13.84068, 52.87954 ], [ 13.84068, 52.87952 ], [ 13.84066, 52.8795 ] ] ] } },
{ "type": "Feature", "properties": { "Z_max": 26.6, "id": "206" }, "geometry": { "type": "Polygon", "coordinates": [ [ [ 13.84072, 52.8795 ], [ 13.84067, 52.8795 ], [ 13.84067, 52.87951 ], [ 13.84068, 52.87952 ], [ 13.84068, 52.87954 ], [ 13.84071, 52.87954 ], [ 13.84071, 52.87952 ], [ 13.84072, 52.87952 ], [ 13.84072, 52.8795 ] ] ] } },
{ "type": "Feature", "properties": { "Z_max": 27.9, "id": "207" }, "geometry": { "type": "Polygon", "coordinates": [ [ [ 13.84077, 52.87944 ], [ 13.84074, 52.87944 ], [ 13.84071, 52.87946 ], [ 13.84071, 52.87948 ], [ 13.84073, 52.87949 ], [ 13.84075, 52.87949 ], [ 13.84076, 52.87948 ], [ 13.8408, 52.87948 ], [ 13.8408, 52.87947 ], [ 13.84077, 52.87944 ] ] ] } },
{ "type": "Feature", "properties": { "Z_max": 25.9, "id": "208" }, "geometry": { "type": "Polygon", "coordinates": [ [ [ 13.84083, 52.87952 ], [ 13.84081, 52.87951 ], [ 13.84081, 52.87951 ], [ 13.84079, 52.87951 ], [ 13.84075, 52.87951 ], [ 13.84075, 52.87949 ], [ 13.84074, 52.87949 ], [ 13.84073, 52.8795 ], [ 13.84073, 52.87951 ], [ 13.84071, 52.87952 ], [ 13.84071, 52.87953 ], [ 13.84071, 52.87954 ], [ 13.84074, 52.87955 ], [ 13.84075, 52.87955 ], [ 13.84078, 52.87954 ], [ 13.84082, 52.87954 ], [ 13.84083, 52.87952 ] ] ] } },
{ "type": "Feature", "properties": { "Z_max": 28.5, "id": "209" }, "geometry": { "type": "Polygon", "coordinates": [ [ [ 13.84085, 52.87944 ], [ 13.84085, 52.87943 ], [ 13.84083, 52.87943 ], [ 13.84083, 52.87944 ], [ 13.8408, 52.87947 ], [ 13.8408, 52.87951 ], [ 13.84084, 52.87954 ], [ 13.84086, 52.87954 ], [ 13.84086, 52.87954 ], [ 13.84086, 52.87944 ], [ 13.84085, 52.87944 ] ] ] } },
{ "type": "Feature", "properties": { "Z_max": 29.0, "id": "210" }, "geometry": { "type": "Polygon", "coordinates": [ [ [ 13.8409, 52.87951 ], [ 13.84092, 52.87951 ], [ 13.84092, 52.8795 ], [ 13.84096, 52.87947 ], [ 13.84096, 52.87947 ], [ 13.84095, 52.87946 ], [ 13.84093, 52.87946 ], [ 13.84093, 52.87945 ], [ 13.84093, 52.87945 ], [ 13.84091, 52.87944 ], [ 13.84087, 52.87944 ], [ 13.84086, 52.87944 ], [ 13.84086, 52.87953 ], [ 13.84087, 52.87954 ], [ 13.84088, 52.87954 ], [ 13.84088, 52.87954 ], [ 13.8409, 52.87952 ], [ 13.8409, 52.87951 ] ] ] } },
{ "type": "Feature", "properties": { "Z_max": 26.4, "id": "211" }, "geometry": { "type": "Polygon", "coordinates": [ [ [ 13.83858, 52.87997 ], [ 13.83858, 52.87992 ], [ 13.83856, 52.87992 ], [ 13.83855, 52.87993 ], [ 13.83853, 52.87993 ], [ 13.83852, 52.87994 ], [ 13.83852, 52.87994 ], [ 13.83852, 52.87997 ], [ 13.83853, 52.87997 ], [ 13.83855, 52.87997 ], [ 13.83854, 52.87998 ], [ 13.83858, 52.87998 ], [ 13.83859, 52.87999 ], [ 13.8386, 52.87999 ], [ 13.8386, 52.87998 ], [ 13.83858, 52.87997 ] ] ] } },
{ "type": "Feature", "properties": { "Z_max": 21.3, "id": "212" }, "geometry": { "type": "Polygon", "coordinates": [ [ [ 13.83854, 52.88007 ], [ 13.83854, 52.88006 ], [ 13.83852, 52.88005 ], [ 13.83848, 52.88008 ], [ 13.83848, 52.88008 ], [ 13.83851, 52.88008 ], [ 13.83851, 52.88009 ], [ 13.83853, 52.88009 ], [ 13.83853, 52.8801 ], [ 13.83855, 52.88009 ], [ 13.83857, 52.88009 ], [ 13.83856, 52.88008 ], [ 13.83854, 52.88007 ] ] ] } },
{ "type": "Feature", "properties": { "Z_max": 23.9, "id": "213" }, "geometry": { "type": "Polygon", "coordinates": [ [ [ 13.83858, 52.88012 ], [ 13.83858, 52.88011 ], [ 13.83857, 52.88011 ], [ 13.83856, 52.88009 ], [ 13.83853, 52.8801 ], [ 13.83851, 52.88011 ], [ 13.83851, 52.88013 ], [ 13.83854, 52.88013 ], [ 13.83854, 52.88014 ], [ 13.83858, 52.88014 ], [ 13.83858, 52.88012 ] ] ] } },
{ "type": "Feature", "properties": { "Z_max": 21.5, "id": "214" }, "geometry": { "type": "Polygon", "coordinates": [ [ [ 13.8386, 52.88004 ], [ 13.83859, 52.88004 ], [ 13.83858, 52.88003 ], [ 13.83856, 52.88003 ], [ 13.83851, 52.88005 ], [ 13.83851, 52.88005 ], [ 13.83854, 52.88006 ], [ 13.83854, 52.88007 ], [ 13.83857, 52.88007 ], [ 13.83857, 52.88008 ], [ 13.83858, 52.88008 ], [ 13.8386, 52.88007 ], [ 13.8386, 52.88004 ] ] ] } },
{ "type": "Feature", "properties": { "Z_max": 26.5, "id": "215" }, "geometry": { "type": "Polygon", "coordinates": [ [ [ 13.83866, 52.87993 ], [ 13.83865, 52.87993 ], [ 13.83862, 52.87991 ], [ 13.83859, 52.87991 ], [ 13.83859, 52.87997 ], [ 13.83865, 52.87996 ], [ 13.83865, 52.87996 ], [ 13.83866, 52.87996 ], [ 13.83866, 52.87993 ] ] ] } },
{ "type": "Feature", "properties": { "Z_max": 17.9, "id": "216" }, "geometry": { "type": "Polygon", "coordinates": [ [ [ 13.83857, 52.88025 ], [ 13.83855, 52.88024 ], [ 13.83854, 52.88024 ], [ 13.83854, 52.88024 ], [ 13.83852, 52.88024 ], [ 13.83852, 52.88026 ], [ 13.83854, 52.88026 ], [ 13.83854, 52.88027 ], [ 13.83856, 52.88026 ], [ 13.83857, 52.88025 ] ] ] } },
{ "type": "Feature", "properties": { "Z_max": 22.7, "id": "217" }, "geometry": { "type": "Polygon", "coordinates": [ [ [ 13.83868, 52.88 ], [ 13.83868, 52.87999 ], [ 13.83863, 52.88 ], [ 13.83863, 52.88 ], [ 13.83862, 52.88 ], [ 13.83862, 52.88003 ], [ 13.83867, 52.88003 ], [ 13.83869, 52.88002 ], [ 13.83869, 52.88001 ], [ 13.83868, 52.88 ] ] ] } },
{ "type": "Feature", "properties": { "Z_max": 21.5, "id": "218" }, "geometry": { "type": "Polygon", "coordinates": [ [ [ 13.83867, 52.88003 ], [ 13.83862, 52.88003 ], [ 13.8386, 52.88004 ], [ 13.8386, 52.88007 ], [ 13.83861, 52.88007 ], [ 13.83862, 52.88008 ], [ 13.83867, 52.88008 ], [ 13.83867, 52.88003 ] ] ] } },
{ "type": "Feature", "properties": { "Z_max": 25.2, "id": "219" }, "geometry": { "type": "Polygon", "coordinates": [ [ [ 13.83872, 52.87989 ], [ 13.83869, 52.8799 ], [ 13.83868, 52.87989 ], [ 13.83868, 52.87989 ], [ 13.83863, 52.87988 ], [ 13.83863, 52.87988 ], [ 13.83861, 52.87989 ], [ 13.83861, 52.8799 ], [ 13.83861, 52.87991 ], [ 13.83862, 52.87991 ], [ 13.83862, 52.87992 ], [ 13.83863, 52.87992 ], [ 13.83864, 52.87993 ], [ 13.83872, 52.87993 ], [ 13.83873, 52.87992 ], [ 13.83873, 52.87992 ], [ 13.83874, 52.87991 ], [ 13.83872, 52.87989 ] ] ] } },
{ "type": "Feature", "properties": { "Z_max": 21.0, "id": "220" }, "geometry": { "type": "Polygon", "coordinates": [ [ [ 13.83874, 52.8798 ], [ 13.83872, 52.87979 ], [ 13.83871, 52.87979 ], [ 13.83868, 52.8798 ], [ 13.83864, 52.87981 ], [ 13.83864, 52.87981 ], [ 13.83865, 52.87983 ], [ 13.83864, 52.87984 ], [ 13.83864, 52.87984 ], [ 13.8387, 52.87984 ], [ 13.83871, 52.87985 ], [ 13.83872, 52.87985 ], [ 13.83873, 52.87982 ], [ 13.83874, 52.87982 ], [ 13.83874, 52.8798 ] ] ] } },
{ "type": "Feature", "properties": { "Z_max": 22.5, "id": "221" }, "geometry": { "type": "Polygon", "coordinates": [ [ [ 13.83864, 52.88015 ], [ 13.83864, 52.88014 ], [ 13.83863, 52.88013 ], [ 13.8386, 52.88014 ], [ 13.83858, 52.88014 ], [ 13.83857, 52.88015 ], [ 13.83857, 52.88017 ], [ 13.83858, 52.88017 ], [ 13.83858, 52.88018 ], [ 13.83858, 52.88019 ], [ 13.83859, 52.88019 ], [ 13.8386, 52.8802 ], [ 13.83862, 52.8802 ], [ 13.83862, 52.88019 ], [ 13.83863, 52.88018 ], [ 13.83864, 52.88018 ], [ 13.83865, 52.88017 ], [ 13.83866, 52.88017 ], [ 13.83865, 52.88016 ], [ 13.83864, 52.88015 ] ] ] } },
{ "type": "Feature", "properties": { "Z_max": 24.1, "id": "222" }, "geometry": { "type": "Polygon", "coordinates": [ [ [ 13.83871, 52.87986 ], [ 13.83871, 52.87984 ], [ 13.8387, 52.87984 ], [ 13.8387, 52.87984 ], [ 13.83865, 52.87984 ], [ 13.83864, 52.87986 ], [ 13.83862, 52.87987 ], [ 13.83868, 52.87988 ], [ 13.83868, 52.87989 ], [ 13.83872, 52.87989 ], [ 13.83872, 52.87987 ], [ 13.83871, 52.87986 ] ] ] } },
{ "type": "Feature", "properties": { "Z_max": 23.1, "id": "223" }, "geometry": { "type": "Polygon", "coordinates": [ [ [ 13.83879, 52.87973 ], [ 13.83878, 52.87973 ], [ 13.83877, 52.87971 ], [ 13.83874, 52.87971 ], [ 13.83873, 52.87972 ], [ 13.83872, 52.87975 ], [ 13.8387, 52.87975 ], [ 13.8387, 52.87976 ], [ 13.83877, 52.87976 ], [ 13.83878, 52.87975 ], [ 13.83879, 52.87973 ] ] ] } },
{ "type": "Feature", "properties": { "Z_max": 22.9, "id": "224" }, "geometry": { "type": "Polygon", "coordinates": [ [ [ 13.83872, 52.87997 ], [ 13.83871, 52.87996 ], [ 13.83871, 52.87993 ], [ 13.83869, 52.87993 ], [ 13.83866, 52.87999 ], [ 13.83867, 52.87999 ], [ 13.83868, 52.88 ], [ 13.8387, 52.88 ], [ 13.83872, 52.87998 ], [ 13.83872, 52.87997 ] ] ] } },
{ "type": "Feature", "properties": { "Z_max": 23.4, "id": "225" }, "geometry": { "type": "Polygon", "coordinates": [ [ [ 13.8388, 52.87977 ], [ 13.83878, 52.87976 ], [ 13.83873, 52.87976 ], [ 13.83871, 52.87976 ], [ 13.83871, 52.87977 ], [ 13.83872, 52.87977 ], [ 13.83873, 52.87978 ], [ 13.83873, 52.87979 ], [ 13.83874, 52.8798 ], [ 13.83875, 52.8798 ], [ 13.83876, 52.8798 ], [ 13.83879, 52.8798 ], [ 13.8388, 52.87979 ], [ 13.8388, 52.87977 ] ] ] } },
{ "type": "Feature", "properties": { "Z_max": 24.8, "id": "226" }, "geometry": { "type": "Polygon", "coordinates": [ [ [ 13.83878, 52.87985 ], [ 13.83877, 52.87985 ], [ 13.83875, 52.87984 ], [ 13.83873, 52.87984 ], [ 13.83872, 52.87985 ], [ 13.83871, 52.87985 ], [ 13.83871, 52.87986 ], [ 13.83873, 52.87987 ], [ 13.83873, 52.87988 ], [ 13.83875, 52.87988 ], [ 13.83875, 52.87988 ], [ 13.83877, 52.87988 ], [ 13.83878, 52.87986 ], [ 13.83878, 52.87985 ] ] ] } },
{ "type": "Feature", "properties": { "Z_max": 23.5, "id": "227" }, "geometry": { "type": "Polygon", "coordinates": [ [ [ 13.83877, 52.8798 ], [ 13.83876, 52.8798 ], [ 13.83875, 52.87981 ], [ 13.83874, 52.87981 ], [ 13.83874, 52.87982 ], [ 13.83873, 52.87983 ], [ 13.83872, 52.87984 ], [ 13.83875, 52.87984 ], [ 13.83876, 52.87985 ], [ 13.83878, 52.87985 ], [ 13.83878, 52.87983 ], [ 13.83877, 52.8798 ] ] ] } },
{ "type": "Feature", "properties": { "Z_max": 2.2, "id": "228" }, "geometry": { "type": "Polygon", "coordinates": [ [ [ 13.83863, 52.88034 ], [ 13.83862, 52.88035 ], [ 13.83863, 52.88035 ], [ 13.83864, 52.88034 ], [ 13.83863, 52.88034 ] ] ] } },
{ "type": "Feature", "properties": { "Z_max": 24.2, "id": "229" }, "geometry": { "type": "Polygon", "coordinates": [ [ [ 13.83876, 52.88001 ], [ 13.83874, 52.88001 ], [ 13.83872, 52.87999 ], [ 13.83871, 52.88 ], [ 13.8387, 52.88 ], [ 13.83869, 52.88 ], [ 13.83868, 52.88002 ], [ 13.83868, 52.88004 ], [ 13.8387, 52.88004 ], [ 13.83876, 52.88004 ], [ 13.83876, 52.88001 ] ] ] } },
{ "type": "Feature", "properties": { "Z_max": 20.8, "id": "230" }, "geometry": { "type": "Polygon", "coordinates": [ [ [ 13.83873, 52.88028 ], [ 13.83872, 52.88028 ], [ 13.8387, 52.88027 ], [ 13.8387, 52.88025 ], [ 13.83867, 52.88026 ], [ 13.83864, 52.88027 ], [ 13.83864, 52.8803 ], [ 13.83866, 52.88032 ], [ 13.83868, 52.88031 ], [ 13.83871, 52.88031 ], [ 13.83872, 52.8803 ], [ 13.83873, 52.8803 ], [ 13.83873, 52.88028 ] ] ] } },
{ "type": "Feature", "properties": { "Z_max": 22.8, "id": "231" }, "geometry": { "type": "Polygon", "coordinates": [ [ [ 13.83885, 52.87973 ], [ 13.83883, 52.87973 ], [ 13.83883, 52.87972 ], [ 13.8388, 52.87972 ], [ 13.83879, 52.87973 ], [ 13.83879, 52.87975 ], [ 13.83877, 52.87975 ], [ 13.83877, 52.87976 ], [ 13.8388, 52.87978 ], [ 13.83884, 52.87978 ], [ 13.83886, 52.87976 ], [ 13.83887, 52.87976 ], [ 13.83885, 52.87973 ] ] ] } },
{ "type": "Feature", "properties": { "Z_max": 22.1, "id": "232" }, "geometry": { "type": "Polygon", "coordinates": [ [ [ 13.83888, 52.87969 ], [ 13.83888, 52.87968 ], [ 13.83887, 52.87968 ], [ 13.83885, 52.87966 ], [ 13.83884, 52.87966 ], [ 13.83883, 52.87967 ], [ 13.83879, 52.87969 ], [ 13.8388, 52.87971 ], [ 13.83885, 52.87972 ], [ 13.83886, 52.87972 ], [ 13.83889, 52.8797 ], [ 13.83889, 52.87969 ], [ 13.83888, 52.87969 ] ] ] } },
{ "type": "Feature", "properties": { "Z_max": 23.2, "id": "233" }, "geometry": { "type": "Polygon", "coordinates": [ [ [ 13.83876, 52.87997 ], [ 13.83872, 52.87998 ], [ 13.83872, 52.87998 ], [ 13.83874, 52.87998 ], [ 13.83874, 52.87999 ], [ 13.83874, 52.87999 ], [ 13.83874, 52.88001 ], [ 13.83876, 52.88001 ], [ 13.83879, 52.87999 ], [ 13.8388, 52.87997 ], [ 13.83876, 52.87997 ] ] ] } },
{ "type": "Feature", "properties": { "Z_max": 24.6, "id": "234" }, "geometry": { "type": "Polygon", "coordinates": [ [ [ 13.83883, 52.87988 ], [ 13.83881, 52.87987 ], [ 13.8388, 52.87987 ], [ 13.8388, 52.87986 ], [ 13.83879, 52.87986 ], [ 13.83874, 52.87989 ], [ 13.83872, 52.87989 ], [ 13.83872, 52.8799 ], [ 13.83874, 52.87991 ], [ 13.83879, 52.87991 ], [ 13.8388, 52.87991 ], [ 13.83883, 52.8799 ], [ 13.83883, 52.87988 ] ] ] } },
{ "type": "Feature", "properties": { "Z_max": 23.0, "id": "235" }, "geometry": { "type": "Polygon", "coordinates": [ [ [ 13.83886, 52.87979 ], [ 13.83885, 52.87979 ], [ 13.83885, 52.87978 ], [ 13.8388, 52.87978 ], [ 13.83879, 52.87979 ], [ 13.83879, 52.87982 ], [ 13.83883, 52.87983 ], [ 13.83886, 52.87981 ], [ 13.83886, 52.87979 ] ] ] } },
{ "type": "Feature", "properties": { "Z_max": 20.9, "id": "236" }, "geometry": { "type": "Polygon", "coordinates": [ [ [ 13.83894, 52.87966 ], [ 13.83892, 52.87966 ], [ 13.83892, 52.87964 ], [ 13.83889, 52.87963 ], [ 13.83888, 52.87963 ], [ 13.83885, 52.87964 ], [ 13.83885, 52.87966 ], [ 13.83883, 52.87966 ], [ 13.83885, 52.87966 ], [ 13.83885, 52.87967 ], [ 13.83889, 52.87969 ], [ 13.83892, 52.87969 ], [ 13.83894, 52.87966 ], [ 13.83894, 52.87966 ] ] ] } },
{ "type": "Feature", "properties": { "Z_max": 23.8, "id": "237" }, "geometry": { "type": "Polygon", "coordinates": [ [ [ 13.83884, 52.87992 ], [ 13.83883, 52.87992 ], [ 13.83883, 52.87991 ], [ 13.83882, 52.8799 ], [ 13.8388, 52.87991 ], [ 13.8388, 52.87991 ], [ 13.83879, 52.87991 ], [ 13.83874, 52.87991 ], [ 13.83872, 52.87993 ], [ 13.83877, 52.87995 ], [ 13.83878, 52.87995 ], [ 13.83878, 52.87996 ], [ 13.8388, 52.87996 ], [ 13.83884, 52.87992 ] ] ] } },
{ "type": "Feature", "properties": { "Z_max": 2.5, "id": "238" }, "geometry": { "type": "Polygon", "coordinates": [ [ [ 13.83864, 52.88057 ], [ 13.83863, 52.88057 ], [ 13.83864, 52.88058 ], [ 13.83865, 52.88057 ], [ 13.83864, 52.88057 ] ] ] } },
{ "type": "Feature", "properties": { "Z_max": 22.7, "id": "239" }, "geometry": { "type": "Polygon", "coordinates": [ [ [ 13.83876, 52.88023 ], [ 13.83873, 52.88019 ], [ 13.83872, 52.88019 ], [ 13.8387, 52.8802 ], [ 13.8387, 52.88022 ], [ 13.83868, 52.88023 ], [ 13.83868, 52.88024 ], [ 13.83869, 52.88024 ], [ 13.83871, 52.88024 ], [ 13.83872, 52.88025 ], [ 13.83876, 52.88025 ], [ 13.83877, 52.88025 ], [ 13.83877, 52.88023 ], [ 13.83876, 52.88023 ] ] ] } },
{ "type": "Feature", "properties": { "Z_max": 25.0, "id": "240" }, "geometry": { "type": "Polygon", "coordinates": [ [ [ 13.83891, 52.87985 ], [ 13.83886, 52.87985 ], [ 13.83886, 52.87984 ], [ 13.83882, 52.87984 ], [ 13.83881, 52.87988 ], [ 13.83882, 52.87988 ], [ 13.83883, 52.87989 ], [ 13.83887, 52.87988 ], [ 13.83892, 52.87987 ], [ 13.83891, 52.87985 ] ] ] } },
{ "type": "Feature", "properties": { "Z_max": 20.5, "id": "241" }, "geometry": { "type": "Polygon", "coordinates": [ [ [ 13.83879, 52.8801 ], [ 13.83879, 52.88008 ], [ 13.83876, 52.88008 ], [ 13.83875, 52.88009 ], [ 13.83875, 52.88014 ], [ 13.83876, 52.88014 ], [ 13.83877, 52.88015 ], [ 13.83879, 52.88014 ], [ 13.8388, 52.88014 ], [ 13.83882, 52.88014 ], [ 13.83882, 52.88012 ], [ 13.83879, 52.8801 ] ] ] } },
{ "type": "Feature", "properties": { "Z_max": 23.1, "id": "242" }, "geometry": { "type": "Polygon", "coordinates": [ [ [ 13.83887, 52.87999 ], [ 13.83884, 52.87999 ], [ 13.83882, 52.87998 ], [ 13.8388, 52.87998 ], [ 13.83877, 52.88001 ], [ 13.83877, 52.88002 ], [ 13.83879, 52.88002 ], [ 13.8388, 52.88003 ], [ 13.83882, 52.88003 ], [ 13.83884, 52.88003 ], [ 13.83884, 52.88003 ], [ 13.83885, 52.88002 ], [ 13.83888, 52.88002 ], [ 13.83888, 52.88001 ], [ 13.83887, 52.87999 ] ] ] } },
{ "type": "Feature", "properties": { "Z_max": 20.8, "id": "243" }, "geometry": { "type": "Polygon", "coordinates": [ [ [ 13.83892, 52.87973 ], [ 13.83891, 52.87971 ], [ 13.83891, 52.87969 ], [ 13.83889, 52.87969 ], [ 13.83887, 52.87971 ], [ 13.83886, 52.87972 ], [ 13.83888, 52.87972 ], [ 13.83887, 52.87974 ], [ 13.83886, 52.87974 ], [ 13.83886, 52.87975 ], [ 13.83889, 52.87975 ], [ 13.8389, 52.87977 ], [ 13.83892, 52.87976 ], [ 13.83892, 52.87973 ] ] ] } },
{ "type": "Feature", "properties": { "Z_max": 20.8, "id": "244" }, "geometry": { "type": "Polygon", "coordinates": [ [ [ 13.83881, 52.88021 ], [ 13.8388, 52.8802 ], [ 13.83879, 52.8802 ], [ 13.83879, 52.88019 ], [ 13.83879, 52.88018 ], [ 13.83873, 52.88019 ], [ 13.83873, 52.88021 ], [ 13.83875, 52.88021 ], [ 13.83875, 52.88022 ], [ 13.83875, 52.88022 ], [ 13.83877, 52.88023 ], [ 13.8388, 52.88024 ], [ 13.83882, 52.88023 ], [ 13.83882, 52.88021 ], [ 13.83881, 52.88021 ] ] ] } },
{ "type": "Feature", "properties": { "Z_max": 25.4, "id": "245" }, "geometry": { "type": "Polygon", "coordinates": [ [ [ 13.83893, 52.87983 ], [ 13.83892, 52.87983 ], [ 13.83892, 52.87982 ], [ 13.83889, 52.8798 ], [ 13.83886, 52.8798 ], [ 13.83883, 52.87983 ], [ 13.83883, 52.87984 ], [ 13.83886, 52.87984 ], [ 13.83887, 52.87985 ], [ 13.83888, 52.87985 ], [ 13.8389, 52.87985 ], [ 13.8389, 52.87985 ], [ 13.83893, 52.87985 ], [ 13.83893, 52.87983 ] ] ] } },
{ "type": "Feature", "properties": { "Z_max": 25.1, "id": "246" }, "geometry": { "type": "Polygon", "coordinates": [ [ [ 13.83887, 52.87991 ], [ 13.83883, 52.87991 ], [ 13.83883, 52.87992 ], [ 13.83886, 52.87994 ], [ 13.83889, 52.87993 ], [ 13.83889, 52.87992 ], [ 13.83887, 52.87991 ] ] ] } },
{ "type": "Feature", "properties": { "Z_max": 22.0, "id": "247" }, "geometry": { "type": "Polygon", "coordinates": [ [ [ 13.83877, 52.88051 ], [ 13.83873, 52.88049 ], [ 13.83873, 52.88048 ], [ 13.83867, 52.88048 ], [ 13.83866, 52.88049 ], [ 13.83865, 52.88049 ], [ 13.83862, 52.88051 ], [ 13.83863, 52.88053 ], [ 13.83868, 52.88055 ], [ 13.8387, 52.88055 ], [ 13.83872, 52.88054 ], [ 13.83875, 52.88054 ], [ 13.83875, 52.88052 ], [ 13.83875, 52.88051 ], [ 13.83876, 52.88052 ], [ 13.83877, 52.88051 ] ] ] } },
{ "type": "Feature", "properties": { "Z_max": 25.0, "id": "248" }, "geometry": { "type": "Polygon", "coordinates": [ [ [ 13.8389, 52.87994 ], [ 13.83886, 52.87994 ], [ 13.83885, 52.87995 ], [ 13.83882, 52.87995 ], [ 13.8388, 52.87996 ], [ 13.8388, 52.87997 ], [ 13.83884, 52.87999 ], [ 13.83886, 52.87999 ], [ 13.8389, 52.87997 ], [ 13.8389, 52.87994 ] ] ] } },
{ "type": "Feature", "properties": { "Z_max": 18.3, "id": "249" }, "geometry": { "type": "Polygon", "coordinates": [ [ [ 13.83898, 52.8796 ], [ 13.83897, 52.8796 ], [ 13.83893, 52.87963 ], [ 13.83892, 52.87964 ], [ 13.83891, 52.87964 ], [ 13.83894, 52.87966 ], [ 13.83898, 52.87966 ], [ 13.83901, 52.87964 ], [ 13.83901, 52.87963 ], [ 13.83898, 52.8796 ] ] ] } },
{ "type": "Feature", "properties": { "Z_max": 21.3, "id": "250" }, "geometry": { "type": "Polygon", "coordinates": [ [ [ 13.8389, 52.88004 ], [ 13.83888, 52.88004 ], [ 13.83888, 52.88002 ], [ 13.83884, 52.88003 ], [ 13.83882, 52.88004 ], [ 13.83879, 52.88008 ], [ 13.83886, 52.88008 ], [ 13.83887, 52.88008 ], [ 13.83888, 52.88007 ], [ 13.83888, 52.88007 ], [ 13.8389, 52.88007 ], [ 13.8389, 52.88004 ] ] ] } },
{ "type": "Feature", "properties": { "Z_max": 21.4, "id": "251" }, "geometry": { "type": "Polygon", "coordinates": [ [ [ 13.839, 52.8797 ], [ 13.839, 52.87968 ], [ 13.83893, 52.87968 ], [ 13.83891, 52.8797 ], [ 13.83891, 52.87972 ], [ 13.83892, 52.87974 ], [ 13.83893, 52.87974 ], [ 13.83894, 52.87973 ], [ 13.83896, 52.87973 ], [ 13.83898, 52.87972 ], [ 13.83898, 52.87971 ], [ 13.839, 52.8797 ] ] ] } },
{ "type": "Feature", "properties": { "Z_max": 24.8, "id": "252" }, "geometry": { "type": "Polygon", "coordinates": [ [ [ 13.83891, 52.87989 ], [ 13.83892, 52.87987 ], [ 13.83891, 52.87987 ], [ 13.83889, 52.87987 ], [ 13.83886, 52.87989 ], [ 13.83886, 52.8799 ], [ 13.83889, 52.87992 ], [ 13.83889, 52.87993 ], [ 13.8389, 52.87993 ], [ 13.83893, 52.87991 ], [ 13.83893, 52.8799 ], [ 13.83891, 52.87989 ] ] ] } },
{ "type": "Feature", "properties": { "Z_max": 24.8, "id": "253" }, "geometry": { "type": "Polygon", "coordinates": [ [ [ 13.83896, 52.87979 ], [ 13.83896, 52.87977 ], [ 13.83894, 52.87975 ], [ 13.83892, 52.87975 ], [ 13.83891, 52.87976 ], [ 13.83891, 52.8798 ], [ 13.83889, 52.8798 ], [ 13.83892, 52.87982 ], [ 13.83893, 52.87982 ], [ 13.83896, 52.8798 ], [ 13.83897, 52.8798 ], [ 13.83898, 52.8798 ], [ 13.83898, 52.87979 ], [ 13.83896, 52.87979 ] ] ] } },
{ "type": "Feature", "properties": { "Z_max": 27.0, "id": "254" }, "geometry": { "type": "Polygon", "coordinates": [ [ [ 13.83896, 52.87998 ], [ 13.83895, 52.87998 ], [ 13.83894, 52.87997 ], [ 13.83891, 52.87995 ], [ 13.83891, 52.87994 ], [ 13.8389, 52.87994 ], [ 13.83887, 52.87998 ], [ 13.83887, 52.88 ], [ 13.83893, 52.88002 ], [ 13.83894, 52.88002 ], [ 13.83895, 52.88001 ], [ 13.83896, 52.88001 ], [ 13.83896, 52.88 ], [ 13.83897, 52.88 ], [ 13.83897, 52.88 ], [ 13.83896, 52.87999 ], [ 13.83896, 52.87998 ] ] ] } },
{ "type": "Feature", "properties": { "Z_max": 21.8, "id": "255" }, "geometry": { "type": "Polygon", "coordinates": [ [ [ 13.83889, 52.88016 ], [ 13.83888, 52.88015 ], [ 13.83884, 52.88015 ], [ 13.83883, 52.88018 ], [ 13.83882, 52.88018 ], [ 13.83882, 52.88019 ], [ 13.83886, 52.8802 ], [ 13.83889, 52.88018 ], [ 13.83889, 52.88016 ] ] ] } },
{ "type": "Feature", "properties": { "Z_max": 22.3, "id": "256" }, "geometry": { "type": "Polygon", "coordinates": [ [ [ 13.83891, 52.88011 ], [ 13.83891, 52.8801 ], [ 13.83891, 52.8801 ], [ 13.83889, 52.88009 ], [ 13.83887, 52.88011 ], [ 13.83887, 52.88013 ], [ 13.83891, 52.88013 ], [ 13.83891, 52.88012 ], [ 13.83892, 52.88012 ], [ 13.83892, 52.88011 ], [ 13.83891, 52.88011 ] ] ] } },
{ "type": "Feature", "properties": { "Z_max": 21.0, "id": "257" }, "geometry": { "type": "Polygon", "coordinates": [ [ [ 13.83884, 52.88037 ], [ 13.83884, 52.88036 ], [ 13.83883, 52.88036 ], [ 13.83879, 52.88036 ], [ 13.83878, 52.88036 ], [ 13.83877, 52.88036 ], [ 13.83877, 52.88039 ], [ 13.83878, 52.88039 ], [ 13.83879, 52.8804 ], [ 13.83883, 52.8804 ], [ 13.83884, 52.88038 ], [ 13.83884, 52.88037 ] ] ] } },
{ "type": "Feature", "properties": { "Z_max": 21.8, "id": "258" }, "geometry": { "type": "Polygon", "coordinates": [ [ [ 13.83907, 52.87959 ], [ 13.83907, 52.87956 ], [ 13.839, 52.87956 ], [ 13.839, 52.87957 ], [ 13.83899, 52.87959 ], [ 13.83899, 52.87961 ], [ 13.83902, 52.87961 ], [ 13.83904, 52.87961 ], [ 13.83909, 52.87959 ], [ 13.83909, 52.87959 ], [ 13.83907, 52.87959 ] ] ] } },
{ "type": "Feature", "properties": { "Z_max": 19.4, "id": "259" }, "geometry": { "type": "Polygon", "coordinates": [ [ [ 13.83889, 52.88026 ], [ 13.83887, 52.88026 ], [ 13.83886, 52.88025 ], [ 13.83882, 52.88025 ], [ 13.83882, 52.88027 ], [ 13.83883, 52.88027 ], [ 13.83884, 52.88028 ], [ 13.83886, 52.88028 ], [ 13.83888, 52.88027 ], [ 13.83889, 52.88026 ] ] ] } },
{ "type": "Feature", "properties": { "Z_max": 18.8, "id": "260" }, "geometry": { "type": "Polygon", "coordinates": [ [ [ 13.83906, 52.87966 ], [ 13.83903, 52.87964 ], [ 13.83902, 52.87963 ], [ 13.83901, 52.87963 ], [ 13.83901, 52.87965 ], [ 13.839, 52.87965 ], [ 13.83899, 52.87966 ], [ 13.839, 52.87967 ], [ 13.839, 52.87967 ], [ 13.83904, 52.87967 ], [ 13.83904, 52.87968 ], [ 13.83905, 52.87968 ], [ 13.83906, 52.87966 ] ] ] } },
{ "type": "Feature", "properties": { "Z_max": 24.8, "id": "261" }, "geometry": { "type": "Polygon", "coordinates": [ [ [ 13.83897, 52.87988 ], [ 13.83898, 52.87985 ], [ 13.83892, 52.87985 ], [ 13.83892, 52.8799 ], [ 13.83893, 52.8799 ], [ 13.83894, 52.87991 ], [ 13.839, 52.87991 ], [ 13.839, 52.87988 ], [ 13.83897, 52.87988 ] ] ] } },
{ "type": "Feature", "properties": { "Z_max": 22.0, "id": "262" }, "geometry": { "type": "Polygon", "coordinates": [ [ [ 13.83903, 52.87977 ], [ 13.83902, 52.87975 ], [ 13.83901, 52.87975 ], [ 13.839, 52.87977 ], [ 13.83898, 52.87976 ], [ 13.83897, 52.87977 ], [ 13.83896, 52.87979 ], [ 13.83899, 52.87979 ], [ 13.839, 52.8798 ], [ 13.83899, 52.87981 ], [ 13.83901, 52.87981 ], [ 13.83904, 52.87979 ], [ 13.83904, 52.87978 ], [ 13.83903, 52.87977 ] ] ] } },
{ "type": "Feature", "properties": { "Z_max": 25.4, "id": "263" }, "geometry": { "type": "Polygon", "coordinates": [ [ [ 13.83899, 52.87992 ], [ 13.83896, 52.87992 ], [ 13.83896, 52.87994 ], [ 13.83893, 52.87993 ], [ 13.83892, 52.87994 ], [ 13.83891, 52.87996 ], [ 13.83896, 52.87999 ], [ 13.83899, 52.87998 ], [ 13.83899, 52.87997 ], [ 13.839, 52.87997 ], [ 13.83902, 52.87995 ], [ 13.83899, 52.87992 ] ] ] } },
{ "type": "Feature", "properties": { "Z_max": 18.5, "id": "264" }, "geometry": { "type": "Polygon", "coordinates": [ [ [ 13.83909, 52.87959 ], [ 13.83906, 52.87959 ], [ 13.83903, 52.87961 ], [ 13.83902, 52.87961 ], [ 13.83899, 52.87961 ], [ 13.83899, 52.87962 ], [ 13.83903, 52.87962 ], [ 13.83903, 52.87963 ], [ 13.83907, 52.87963 ], [ 13.83908, 52.87962 ], [ 13.8391, 52.87962 ], [ 13.83909, 52.87959 ] ] ] } },
{ "type": "Feature", "properties": { "Z_max": 21.5, "id": "265" }, "geometry": { "type": "Polygon", "coordinates": [ [ [ 13.83882, 52.88055 ], [ 13.83881, 52.88055 ], [ 13.83881, 52.88054 ], [ 13.83875, 52.88054 ], [ 13.83875, 52.88056 ], [ 13.83874, 52.88056 ], [ 13.83874, 52.88057 ], [ 13.83874, 52.88058 ], [ 13.83875, 52.8806 ], [ 13.83877, 52.8806 ], [ 13.83879, 52.8806 ], [ 13.83879, 52.8806 ], [ 13.83881, 52.8806 ], [ 13.83881, 52.88058 ], [ 13.83882, 52.88058 ], [ 13.83882, 52.88055 ] ] ] } },
{ "type": "Feature", "properties": { "Z_max": 20.0, "id": "266" }, "geometry": { "type": "Polygon", "coordinates": [ [ [ 13.83892, 52.88016 ], [ 13.83892, 52.88015 ], [ 13.8389, 52.88016 ], [ 13.83889, 52.88018 ], [ 13.83886, 52.8802 ], [ 13.83888, 52.88021 ], [ 13.8389, 52.88021 ], [ 13.83892, 52.88021 ], [ 13.83892, 52.8802 ], [ 13.83895, 52.8802 ], [ 13.83892, 52.88016 ] ] ] } },
{ "type": "Feature", "properties": { "Z_max": 22.5, "id": "267" }, "geometry": { "type": "Polygon", "coordinates": [ [ [ 13.83916, 52.87953 ], [ 13.83915, 52.87953 ], [ 13.83913, 52.87953 ], [ 13.83913, 52.87952 ], [ 13.83906, 52.87952 ], [ 13.83906, 52.87955 ], [ 13.83907, 52.87956 ], [ 13.83915, 52.87956 ], [ 13.83915, 52.87955 ], [ 13.83916, 52.87955 ], [ 13.83916, 52.87953 ] ] ] } },
{ "type": "Feature", "properties": { "Z_max": 23.3, "id": "268" }, "geometry": { "type": "Polygon", "coordinates": [ [ [ 13.83905, 52.87982 ], [ 13.83902, 52.87982 ], [ 13.83902, 52.87981 ], [ 13.83899, 52.87981 ], [ 13.83898, 52.87982 ], [ 13.83902, 52.87985 ], [ 13.83903, 52.87985 ], [ 13.83903, 52.87984 ], [ 13.83905, 52.87983 ], [ 13.83907, 52.87983 ], [ 13.83905, 52.87982 ] ] ] } },
{ "type": "Feature", "properties": { "Z_max": 22.2, "id": "269" }, "geometry": { "type": "Polygon", "coordinates": [ [ [ 13.83912, 52.87971 ], [ 13.83908, 52.87968 ], [ 13.83906, 52.87968 ], [ 13.83903, 52.87969 ], [ 13.83903, 52.87971 ], [ 13.83912, 52.87972 ], [ 13.83913, 52.87971 ], [ 13.83912, 52.87971 ] ] ] } },
{ "type": "Feature", "properties": { "Z_max": 23.8, "id": "270" }, "geometry": { "type": "Polygon", "coordinates": [ [ [ 13.8391, 52.87972 ], [ 13.83903, 52.87972 ], [ 13.83903, 52.87973 ], [ 13.83901, 52.87973 ], [ 13.83901, 52.87975 ], [ 13.83902, 52.87975 ], [ 13.83903, 52.87976 ], [ 13.83903, 52.87976 ], [ 13.83905, 52.87975 ], [ 13.83908, 52.87975 ], [ 13.83909, 52.87974 ], [ 13.8391, 52.87974 ], [ 13.8391, 52.87972 ] ] ] } },
{ "type": "Feature", "properties": { "Z_max": 20.2, "id": "271" }, "geometry": { "type": "Polygon", "coordinates": [ [ [ 13.83913, 52.87962 ], [ 13.83907, 52.87962 ], [ 13.83906, 52.87963 ], [ 13.83903, 52.87963 ], [ 13.83903, 52.87964 ], [ 13.83906, 52.87966 ], [ 13.83907, 52.87966 ], [ 13.83909, 52.87967 ], [ 13.8391, 52.87967 ], [ 13.83911, 52.87966 ], [ 13.83914, 52.87966 ], [ 13.83914, 52.87966 ], [ 13.83913, 52.87965 ], [ 13.83913, 52.87962 ] ] ] } },
{ "type": "Feature", "properties": { "Z_max": 19.5, "id": "272" }, "geometry": { "type": "Polygon", "coordinates": [ [ [ 13.83894, 52.88021 ], [ 13.83893, 52.8802 ], [ 13.83891, 52.88021 ], [ 13.83889, 52.88021 ], [ 13.83889, 52.88022 ], [ 13.83888, 52.88022 ], [ 13.83888, 52.88022 ], [ 13.83891, 52.88025 ], [ 13.83893, 52.88025 ], [ 13.83894, 52.88024 ], [ 13.83894, 52.88021 ] ] ] } },
{ "type": "Feature", "properties": { "Z_max": 21.5, "id": "273" }, "geometry": { "type": "Polygon", "coordinates": [ [ [ 13.83905, 52.88004 ], [ 13.83904, 52.88002 ], [ 13.839, 52.88001 ], [ 13.83896, 52.88001 ], [ 13.83896, 52.88005 ], [ 13.83896, 52.88005 ], [ 13.83897, 52.88006 ], [ 13.83903, 52.88006 ], [ 13.83904, 52.88005 ], [ 13.83906, 52.88005 ], [ 13.83905, 52.88004 ] ] ] } },
{ "type": "Feature", "properties": { "Z_max": 17.7, "id": "274" }, "geometry": { "type": "Polygon", "coordinates": [ [ [ 13.83882, 52.88071 ], [ 13.83881, 52.88072 ], [ 13.83881, 52.88072 ], [ 13.83882, 52.88072 ], [ 13.83882, 52.88071 ] ] ] } },
{ "type": "Feature", "properties": { "Z_max": 24.6, "id": "275" }, "geometry": { "type": "Polygon", "coordinates": [ [ [ 13.83905, 52.87986 ], [ 13.83905, 52.87985 ], [ 13.83904, 52.87985 ], [ 13.83903, 52.87986 ], [ 13.83903, 52.87986 ], [ 13.83899, 52.87986 ], [ 13.83899, 52.87985 ], [ 13.83898, 52.87985 ], [ 13.83898, 52.87988 ], [ 13.839, 52.87988 ], [ 13.83901, 52.87991 ], [ 13.83905, 52.87991 ], [ 13.83907, 52.87989 ], [ 13.83905, 52.87986 ] ] ] } },
{ "type": "Feature", "properties": { "Z_max": 19.3, "id": "276" }, "geometry": { "type": "Polygon", "coordinates": [ [ [ 13.83898, 52.88021 ], [ 13.83894, 52.88021 ], [ 13.83894, 52.88025 ], [ 13.83896, 52.88025 ], [ 13.83898, 52.88024 ], [ 13.83898, 52.88021 ] ] ] } },
{ "type": "Feature", "properties": { "Z_max": 24.3, "id": "277" }, "geometry": { "type": "Polygon", "coordinates": [ [ [ 13.83908, 52.87998 ], [ 13.83909, 52.87998 ], [ 13.83909, 52.87995 ], [ 13.83908, 52.87996 ], [ 13.83907, 52.87995 ], [ 13.83902, 52.87995 ], [ 13.839, 52.87999 ], [ 13.839, 52.88001 ], [ 13.83905, 52.88 ], [ 13.83907, 52.87999 ], [ 13.83908, 52.87998 ] ] ] } },
{ "type": "Feature", "properties": { "Z_max": 23.5, "id": "278" }, "geometry": { "type": "Polygon", "coordinates": [ [ [ 13.83913, 52.87972 ], [ 13.8391, 52.87972 ], [ 13.8391, 52.87974 ], [ 13.83907, 52.87975 ], [ 13.83907, 52.87978 ], [ 13.83911, 52.87978 ], [ 13.83911, 52.87977 ], [ 13.83913, 52.87977 ], [ 13.83913, 52.87972 ] ] ] } },
{ "type": "Feature", "properties": { "Z_max": 23.8, "id": "279" }, "geometry": { "type": "Polygon", "coordinates": [ [ [ 13.83913, 52.87981 ], [ 13.8391, 52.87978 ], [ 13.83905, 52.87978 ], [ 13.83905, 52.87981 ], [ 13.83904, 52.87981 ], [ 13.83904, 52.87982 ], [ 13.83907, 52.87983 ], [ 13.83912, 52.87983 ], [ 13.83913, 52.87981 ] ] ] } },
{ "type": "Feature", "properties": { "Z_max": 20.4, "id": "280" }, "geometry": { "type": "Polygon", "coordinates": [ [ [ 13.83915, 52.87967 ], [ 13.83914, 52.87967 ], [ 13.83911, 52.87967 ], [ 13.83909, 52.87968 ], [ 13.83909, 52.87969 ], [ 13.83912, 52.87971 ], [ 13.83913, 52.87971 ], [ 13.83915, 52.87969 ], [ 13.83916, 52.87969 ], [ 13.83916, 52.87967 ], [ 13.83915, 52.87967 ] ] ] } },
{ "type": "Feature", "properties": { "Z_max": 24.8, "id": "281" }, "geometry": { "type": "Polygon", "coordinates": [ [ [ 13.83911, 52.87986 ], [ 13.83906, 52.87985 ], [ 13.83905, 52.87988 ], [ 13.83907, 52.87988 ], [ 13.83907, 52.87989 ], [ 13.83909, 52.87989 ], [ 13.83911, 52.87988 ], [ 13.83911, 52.87986 ] ] ] } },
{ "type": "Feature", "properties": { "Z_max": 22.8, "id": "282" }, "geometry": { "type": "Polygon", "coordinates": [ [ [ 13.8392, 52.87955 ], [ 13.83919, 52.87954 ], [ 13.83917, 52.87954 ], [ 13.83917, 52.87954 ], [ 13.83915, 52.87955 ], [ 13.83915, 52.87956 ], [ 13.83914, 52.87956 ], [ 13.83913, 52.87957 ], [ 13.83917, 52.87959 ], [ 13.83919, 52.87959 ], [ 13.83919, 52.87958 ], [ 13.83921, 52.87958 ], [ 13.8392, 52.87955 ] ] ] } },
{ "type": "Feature", "properties": { "Z_max": 21.3, "id": "283" }, "geometry": { "type": "Polygon", "coordinates": [ [ [ 13.83907, 52.88012 ], [ 13.83905, 52.88012 ], [ 13.83904, 52.88011 ], [ 13.83902, 52.88011 ], [ 13.83902, 52.88012 ], [ 13.839, 52.88014 ], [ 13.839, 52.88015 ], [ 13.83903, 52.88016 ], [ 13.83906, 52.88015 ], [ 13.83907, 52.88015 ], [ 13.83909, 52.88014 ], [ 13.83907, 52.88012 ] ] ] } },
{ "type": "Feature", "properties": { "Z_max": 20.0, "id": "284" }, "geometry": { "type": "Polygon", "coordinates": [ [ [ 13.8389, 52.88069 ], [ 13.83887, 52.88069 ], [ 13.83887, 52.88071 ], [ 13.83889, 52.8807 ], [ 13.8389, 52.88069 ] ] ] } },
{ "type": "Feature", "properties": { "Z_max": 23.4, "id": "285" }, "geometry": { "type": "Polygon", "coordinates": [ [ [ 13.83912, 52.87992 ], [ 13.83914, 52.87991 ], [ 13.83915, 52.87991 ], [ 13.83915, 52.8799 ], [ 13.83911, 52.87988 ], [ 13.83907, 52.87989 ], [ 13.83907, 52.8799 ], [ 13.83905, 52.8799 ], [ 13.83905, 52.87991 ], [ 13.83906, 52.87991 ], [ 13.8391, 52.87995 ], [ 13.83912, 52.87994 ], [ 13.83912, 52.87992 ] ] ] } },
{ "type": "Feature", "properties": { "Z_max": 22.0, "id": "286" }, "geometry": { "type": "Polygon", "coordinates": [ [ [ 13.83916, 52.87978 ], [ 13.83915, 52.87978 ], [ 13.83914, 52.87977 ], [ 13.83914, 52.87976 ], [ 13.83911, 52.87977 ], [ 13.83912, 52.87978 ], [ 13.83911, 52.87979 ], [ 13.8391, 52.87979 ], [ 13.8391, 52.8798 ], [ 13.83911, 52.8798 ], [ 13.83912, 52.87981 ], [ 13.83913, 52.87981 ], [ 13.83913, 52.87983 ], [ 13.83914, 52.87983 ], [ 13.83914, 52.87982 ], [ 13.83915, 52.87982 ], [ 13.83916, 52.87981 ], [ 13.83917, 52.87981 ], [ 13.83916, 52.87978 ] ] ] } },
{ "type": "Feature", "properties": { "Z_max": 23.7, "id": "287" }, "geometry": { "type": "Polygon", "coordinates": [ [ [ 13.83931, 52.87952 ], [ 13.83931, 52.87952 ], [ 13.83931, 52.87951 ], [ 13.83929, 52.87951 ], [ 13.8392, 52.87951 ], [ 13.83919, 52.87954 ], [ 13.83921, 52.87955 ], [ 13.83924, 52.87956 ], [ 13.83926, 52.87954 ], [ 13.8393, 52.87954 ], [ 13.8393, 52.87953 ], [ 13.83931, 52.87953 ], [ 13.83931, 52.87952 ] ] ] } },
{ "type": "Feature", "properties": { "Z_max": 26.5, "id": "288" }, "geometry": { "type": "Polygon", "coordinates": [ [ [ 13.839, 52.88057 ], [ 13.83896, 52.88054 ], [ 13.83887, 52.88054 ], [ 13.83887, 52.88055 ], [ 13.83888, 52.88055 ], [ 13.83889, 52.88057 ], [ 13.83887, 52.88057 ], [ 13.83887, 52.8806 ], [ 13.83889, 52.8806 ], [ 13.83888, 52.88061 ], [ 13.83891, 52.88063 ], [ 13.83895, 52.88063 ], [ 13.83896, 52.88063 ], [ 13.83897, 52.88062 ], [ 13.83897, 52.88062 ], [ 13.83899, 52.88059 ], [ 13.839, 52.88059 ], [ 13.839, 52.88057 ] ] ] } },
{ "type": "Feature", "properties": { "Z_max": 22.4, "id": "289" }, "geometry": { "type": "Polygon", "coordinates": [ [ [ 13.83907, 52.88015 ], [ 13.83905, 52.88015 ], [ 13.83904, 52.88016 ], [ 13.839, 52.88016 ], [ 13.839, 52.88017 ], [ 13.83904, 52.88017 ], [ 13.83904, 52.88018 ], [ 13.83905, 52.88019 ], [ 13.83907, 52.88017 ], [ 13.83907, 52.88015 ] ] ] } },
{ "type": "Feature", "properties": { "Z_max": 23.6, "id": "290" }, "geometry": { "type": "Polygon", "coordinates": [ [ [ 13.83914, 52.88 ], [ 13.83911, 52.87998 ], [ 13.8391, 52.87998 ], [ 13.83909, 52.87998 ], [ 13.83902, 52.88001 ], [ 13.839, 52.88001 ], [ 13.839, 52.88001 ], [ 13.83901, 52.88001 ], [ 13.83902, 52.88002 ], [ 13.83904, 52.88002 ], [ 13.83906, 52.88003 ], [ 13.83906, 52.88004 ], [ 13.83909, 52.88004 ], [ 13.8391, 52.88004 ], [ 13.83913, 52.88002 ], [ 13.83914, 52.88 ] ] ] } },
{ "type": "Feature", "properties": { "Z_max": 22.8, "id": "291" }, "geometry": { "type": "Polygon", "coordinates": [ [ [ 13.83925, 52.87959 ], [ 13.83922, 52.87958 ], [ 13.83921, 52.87958 ], [ 13.83918, 52.87959 ], [ 13.83917, 52.8796 ], [ 13.83917, 52.8796 ], [ 13.83916, 52.87962 ], [ 13.83918, 52.87964 ], [ 13.83919, 52.87964 ], [ 13.83919, 52.87965 ], [ 13.83922, 52.87965 ], [ 13.83925, 52.87963 ], [ 13.83925, 52.87959 ] ] ] } },
{ "type": "Feature", "properties": { "Z_max": 24.9, "id": "292" }, "geometry": { "type": "Polygon", "coordinates": [ [ [ 13.83917, 52.87983 ], [ 13.83916, 52.87983 ], [ 13.83914, 52.87983 ], [ 13.83913, 52.87984 ], [ 13.83911, 52.87984 ], [ 13.83911, 52.87988 ], [ 13.83914, 52.8799 ], [ 13.83917, 52.8799 ], [ 13.83917, 52.87983 ] ] ] } },
{ "type": "Feature", "properties": { "Z_max": 23.1, "id": "293" }, "geometry": { "type": "Polygon", "coordinates": [ [ [ 13.83923, 52.8797 ], [ 13.83922, 52.87969 ], [ 13.83922, 52.87969 ], [ 13.83921, 52.87969 ], [ 13.83913, 52.87972 ], [ 13.83916, 52.87974 ], [ 13.83919, 52.87975 ], [ 13.83921, 52.87974 ], [ 13.83923, 52.87973 ], [ 13.83923, 52.8797 ] ] ] } },
{ "type": "Feature", "properties": { "Z_max": 22.6, "id": "294" }, "geometry": { "type": "Polygon", "coordinates": [ [ [ 13.83913, 52.88016 ], [ 13.83911, 52.88016 ], [ 13.8391, 52.88015 ], [ 13.83908, 52.88016 ], [ 13.83907, 52.88017 ], [ 13.83906, 52.88018 ], [ 13.83906, 52.88018 ], [ 13.83906, 52.88018 ], [ 13.83906, 52.8802 ], [ 13.8391, 52.8802 ], [ 13.83913, 52.88019 ], [ 13.83913, 52.88016 ] ] ] } },
{ "type": "Feature", "properties": { "Z_max": 17.6, "id": "295" }, "geometry": { "type": "Polygon", "coordinates": [ [ [ 13.83898, 52.88071 ], [ 13.83896, 52.88071 ], [ 13.83895, 52.8807 ], [ 13.83893, 52.88071 ], [ 13.83893, 52.88072 ], [ 13.83895, 52.88073 ], [ 13.83898, 52.88073 ], [ 13.83898, 52.88071 ] ] ] } },
{ "type": "Feature", "properties": { "Z_max": 22.4, "id": "296" }, "geometry": { "type": "Polygon", "coordinates": [ [ [ 13.83905, 52.8804 ], [ 13.83904, 52.8804 ], [ 13.839, 52.8804 ], [ 13.83899, 52.88041 ], [ 13.83894, 52.8804 ], [ 13.83893, 52.88041 ], [ 13.83893, 52.88043 ], [ 13.83896, 52.88045 ], [ 13.83896, 52.88045 ], [ 13.83899, 52.88045 ], [ 13.83902, 52.88044 ], [ 13.83905, 52.88043 ], [ 13.83905, 52.8804 ] ] ] } },
{ "type": "Feature", "properties": { "Z_max": 23.8, "id": "297" }, "geometry": { "type": "Polygon", "coordinates": [ [ [ 13.83915, 52.87997 ], [ 13.83915, 52.87996 ], [ 13.83912, 52.87996 ], [ 13.83909, 52.87996 ], [ 13.83909, 52.87997 ], [ 13.83909, 52.87998 ], [ 13.83914, 52.88 ], [ 13.83913, 52.87999 ], [ 13.83917, 52.87999 ], [ 13.83916, 52.87997 ], [ 13.83915, 52.87997 ] ] ] } },
{ "type": "Feature", "properties": { "Z_max": 21.6, "id": "298" }, "geometry": { "type": "Polygon", "coordinates": [ [ [ 13.8391, 52.88027 ], [ 13.83908, 52.88027 ], [ 13.83906, 52.88026 ], [ 13.83903, 52.88026 ], [ 13.83903, 52.88027 ], [ 13.83902, 52.88028 ], [ 13.83901, 52.88028 ], [ 13.83903, 52.88029 ], [ 13.83903, 52.8803 ], [ 13.83904, 52.8803 ], [ 13.83904, 52.88031 ], [ 13.8391, 52.88029 ], [ 13.83911, 52.88028 ], [ 13.8391, 52.88027 ] ] ] } },
{ "type": "Feature", "properties": { "Z_max": 24.1, "id": "299" }, "geometry": { "type": "Polygon", "coordinates": [ [ [ 13.8393, 52.87956 ], [ 13.8393, 52.87954 ], [ 13.83928, 52.87954 ], [ 13.83927, 52.87955 ], [ 13.83924, 52.87955 ], [ 13.83924, 52.87956 ], [ 13.83921, 52.87956 ], [ 13.83921, 52.87956 ], [ 13.83921, 52.87957 ], [ 13.83924, 52.87959 ], [ 13.83925, 52.87959 ], [ 13.83931, 52.87958 ], [ 13.8393, 52.87956 ] ] ] } },
{ "type": "Feature", "properties": { "Z_max": 23.2, "id": "300" }, "geometry": { "type": "Polygon", "coordinates": [ [ [ 13.83918, 52.87994 ], [ 13.83918, 52.87994 ], [ 13.83913, 52.87993 ], [ 13.83909, 52.87996 ], [ 13.8391, 52.87996 ], [ 13.83912, 52.87996 ], [ 13.83918, 52.87998 ], [ 13.83919, 52.87997 ], [ 13.8392, 52.87995 ], [ 13.83918, 52.87994 ] ] ] } },
{ "type": "Feature", "properties": { "Z_max": 18.9, "id": "301" }, "geometry": { "type": "Polygon", "coordinates": [ [ [ 13.83904, 52.88067 ], [ 13.83904, 52.88066 ], [ 13.83902, 52.88066 ], [ 13.83901, 52.88064 ], [ 13.83898, 52.88063 ], [ 13.83896, 52.88063 ], [ 13.83896, 52.88064 ], [ 13.83895, 52.88065 ], [ 13.83891, 52.88066 ], [ 13.83891, 52.88067 ], [ 13.83893, 52.88068 ], [ 13.83893, 52.8807 ], [ 13.83895, 52.8807 ], [ 13.83896, 52.88071 ], [ 13.83901, 52.8807 ], [ 13.83906, 52.88067 ], [ 13.83904, 52.88067 ] ] ] } },
{ "type": "Feature", "properties": { "Z_max": 23.8, "id": "302" }, "geometry": { "type": "Polygon", "coordinates": [ [ [ 13.83926, 52.87991 ], [ 13.83924, 52.87991 ], [ 13.83924, 52.8799 ], [ 13.8392, 52.8799 ], [ 13.8392, 52.87989 ], [ 13.83917, 52.87989 ], [ 13.83914, 52.87991 ], [ 13.83914, 52.87991 ], [ 13.83913, 52.87992 ], [ 13.83912, 52.87993 ], [ 13.83914, 52.87993 ], [ 13.83917, 52.87993 ], [ 13.83919, 52.87994 ], [ 13.83924, 52.87993 ], [ 13.83926, 52.87993 ], [ 13.83926, 52.87991 ] ] ] } },
{ "type": "Feature", "properties": { "Z_max": 26.0, "id": "303" }, "geometry": { "type": "Polygon", "coordinates": [ [ [ 13.83923, 52.87978 ], [ 13.83919, 52.87977 ], [ 13.83918, 52.8798 ], [ 13.83917, 52.87981 ], [ 13.83916, 52.87981 ], [ 13.83916, 52.87983 ], [ 13.83918, 52.87983 ], [ 13.83921, 52.87984 ], [ 13.83923, 52.87984 ], [ 13.83923, 52.87983 ], [ 13.83926, 52.87984 ], [ 13.83926, 52.87983 ], [ 13.83927, 52.87983 ], [ 13.83927, 52.87979 ], [ 13.83923, 52.87978 ] ] ] } },
{ "type": "Feature", "properties": { "Z_max": 23.1, "id": "304" }, "geometry": { "type": "Polygon", "coordinates": [ [ [ 13.83929, 52.87966 ], [ 13.83929, 52.87965 ], [ 13.83924, 52.87963 ], [ 13.83923, 52.87964 ], [ 13.83922, 52.87964 ], [ 13.83921, 52.87966 ], [ 13.83926, 52.87968 ], [ 13.83928, 52.87967 ], [ 13.83931, 52.87968 ], [ 13.8393, 52.87966 ], [ 13.83929, 52.87966 ] ] ] } },
{ "type": "Feature", "properties": { "Z_max": 22.7, "id": "305" }, "geometry": { "type": "Polygon", "coordinates": [ [ [ 13.83923, 52.87986 ], [ 13.83923, 52.87985 ], [ 13.83921, 52.87984 ], [ 13.83917, 52.87984 ], [ 13.83917, 52.87989 ], [ 13.8392, 52.87989 ], [ 13.8392, 52.8799 ], [ 13.83924, 52.8799 ], [ 13.83924, 52.87987 ], [ 13.83923, 52.87986 ] ] ] } },
{ "type": "Feature", "properties": { "Z_max": 20.5, "id": "306" }, "geometry": { "type": "Polygon", "coordinates": [ [ [ 13.83908, 52.88051 ], [ 13.83909, 52.88051 ], [ 13.83909, 52.8805 ], [ 13.83908, 52.8805 ], [ 13.83908, 52.88049 ], [ 13.83907, 52.88048 ], [ 13.83906, 52.88048 ], [ 13.83904, 52.88047 ], [ 13.83901, 52.88048 ], [ 13.83899, 52.88049 ], [ 13.83903, 52.88054 ], [ 13.83906, 52.88054 ], [ 13.83906, 52.88053 ], [ 13.83908, 52.88052 ], [ 13.83908, 52.88051 ] ] ] } },
{ "type": "Feature", "properties": { "Z_max": 23.1, "id": "307" }, "geometry": { "type": "Polygon", "coordinates": [ [ [ 13.83928, 52.87972 ], [ 13.83925, 52.87973 ], [ 13.83923, 52.87973 ], [ 13.8392, 52.87975 ], [ 13.83916, 52.87975 ], [ 13.83916, 52.87975 ], [ 13.83917, 52.87976 ], [ 13.83918, 52.87977 ], [ 13.83921, 52.87977 ], [ 13.83925, 52.87979 ], [ 13.83927, 52.87979 ], [ 13.83927, 52.87978 ], [ 13.83926, 52.87978 ], [ 13.83927, 52.87977 ], [ 13.83927, 52.87977 ], [ 13.83928, 52.87972 ] ] ] } },
{ "type": "Feature", "properties": { "Z_max": 22.9, "id": "308" }, "geometry": { "type": "Polygon", "coordinates": [ [ [ 13.83916, 52.88024 ], [ 13.83912, 52.88022 ], [ 13.83911, 52.88023 ], [ 13.8391, 52.88023 ], [ 13.83907, 52.88025 ], [ 13.83907, 52.88026 ], [ 13.8391, 52.88026 ], [ 13.83911, 52.88028 ], [ 13.83913, 52.88028 ], [ 13.83917, 52.88026 ], [ 13.83916, 52.88024 ] ] ] } },
{ "type": "Feature", "properties": { "Z_max": 22.2, "id": "309" }, "geometry": { "type": "Polygon", "coordinates": [ [ [ 13.83922, 52.87998 ], [ 13.83922, 52.87997 ], [ 13.83921, 52.87997 ], [ 13.83919, 52.87997 ], [ 13.83917, 52.87998 ], [ 13.83918, 52.87999 ], [ 13.83918, 52.88001 ], [ 13.83919, 52.88002 ], [ 13.83923, 52.88002 ], [ 13.83923, 52.88 ], [ 13.83924, 52.88 ], [ 13.83924, 52.87999 ], [ 13.83922, 52.87998 ] ] ] } },
{ "type": "Feature", "properties": { "Z_max": 21.0, "id": "310" }, "geometry": { "type": "Polygon", "coordinates": [ [ [ 13.83924, 52.88003 ], [ 13.83923, 52.88003 ], [ 13.83922, 52.88002 ], [ 13.83917, 52.88002 ], [ 13.83917, 52.88003 ], [ 13.83915, 52.88004 ], [ 13.83915, 52.88006 ], [ 13.83919, 52.88008 ], [ 13.83924, 52.88008 ], [ 13.83927, 52.88007 ], [ 13.83927, 52.88006 ], [ 13.83928, 52.88006 ], [ 13.83924, 52.88003 ] ] ] } },
{ "type": "Feature", "properties": { "Z_max": 23.0, "id": "311" }, "geometry": { "type": "Polygon", "coordinates": [ [ [ 13.83924, 52.87993 ], [ 13.83922, 52.87993 ], [ 13.83921, 52.87994 ], [ 13.8392, 52.87994 ], [ 13.8392, 52.87997 ], [ 13.83924, 52.87998 ], [ 13.83924, 52.87993 ] ] ] } },
{ "type": "Feature", "properties": { "Z_max": 28.1, "id": "312" }, "geometry": { "type": "Polygon", "coordinates": [ [ [ 13.83937, 52.87956 ], [ 13.83937, 52.87954 ], [ 13.83935, 52.87952 ], [ 13.83932, 52.87952 ], [ 13.83931, 52.87953 ], [ 13.8393, 52.87953 ], [ 13.8393, 52.87956 ], [ 13.83931, 52.87957 ], [ 13.83931, 52.87958 ], [ 13.83934, 52.87958 ], [ 13.83934, 52.87958 ], [ 13.83935, 52.87959 ], [ 13.83936, 52.87958 ], [ 13.83937, 52.87958 ], [ 13.83938, 52.87957 ], [ 13.83937, 52.87956 ] ] ] } },
{ "type": "Feature", "properties": { "Z_max": 23.3, "id": "313" }, "geometry": { "type": "Polygon", "coordinates": [ [ [ 13.83934, 52.87974 ], [ 13.83932, 52.87973 ], [ 13.83929, 52.87973 ], [ 13.83928, 52.87974 ], [ 13.83928, 52.87976 ], [ 13.83929, 52.87977 ], [ 13.8393, 52.87977 ], [ 13.83934, 52.87975 ], [ 13.83934, 52.87974 ] ] ] } },
{ "type": "Feature", "properties": { "Z_max": 22.2, "id": "314" }, "geometry": { "type": "Polygon", "coordinates": [ [ [ 13.8392, 52.88028 ], [ 13.83917, 52.88026 ], [ 13.83914, 52.88026 ], [ 13.8391, 52.88029 ], [ 13.8391, 52.8803 ], [ 13.83912, 52.88031 ], [ 13.83912, 52.88031 ], [ 13.83916, 52.88031 ], [ 13.83919, 52.8803 ], [ 13.8392, 52.88029 ], [ 13.8392, 52.88028 ] ] ] } },
{ "type": "Feature", "properties": { "Z_max": 15.1, "id": "315" }, "geometry": { "type": "Polygon", "coordinates": [ [ [ 13.83907, 52.88061 ], [ 13.83905, 52.88061 ], [ 13.83905, 52.88063 ], [ 13.83906, 52.88063 ], [ 13.83906, 52.88064 ], [ 13.83909, 52.88063 ], [ 13.83909, 52.88062 ], [ 13.83907, 52.88061 ] ] ] } },
{ "type": "Feature", "properties": { "Z_max": 25.7, "id": "316" }, "geometry": { "type": "Polygon", "coordinates": [ [ [ 13.83935, 52.87965 ], [ 13.83935, 52.87964 ], [ 13.83934, 52.87963 ], [ 13.83932, 52.87963 ], [ 13.8393, 52.87965 ], [ 13.8393, 52.87965 ], [ 13.83929, 52.87965 ], [ 13.83931, 52.87966 ], [ 13.83931, 52.87967 ], [ 13.83934, 52.87967 ], [ 13.83934, 52.87966 ], [ 13.83937, 52.87967 ], [ 13.83936, 52.87966 ], [ 13.83935, 52.87965 ] ] ] } },
{ "type": "Feature", "properties": { "Z_max": 22.4, "id": "317" }, "geometry": { "type": "Polygon", "coordinates": [ [ [ 13.83922, 52.88021 ], [ 13.83921, 52.88021 ], [ 13.8392, 52.8802 ], [ 13.83918, 52.88021 ], [ 13.83917, 52.88021 ], [ 13.83916, 52.88022 ], [ 13.83913, 52.88021 ], [ 13.83913, 52.88023 ], [ 13.83914, 52.88023 ], [ 13.83915, 52.88024 ], [ 13.83916, 52.88024 ], [ 13.83917, 52.88025 ], [ 13.83918, 52.88024 ], [ 13.8392, 52.88024 ], [ 13.83922, 52.88023 ], [ 13.83922, 52.88021 ] ] ] } },
{ "type": "Feature", "properties": { "Z_max": 24.1, "id": "318" }, "geometry": { "type": "Polygon", "coordinates": [ [ [ 13.83932, 52.87982 ], [ 13.8393, 52.87982 ], [ 13.83928, 52.87982 ], [ 13.83927, 52.87983 ], [ 13.83926, 52.87983 ], [ 13.83926, 52.87984 ], [ 13.83929, 52.87987 ], [ 13.8393, 52.87987 ], [ 13.83932, 52.87986 ], [ 13.83933, 52.87986 ], [ 13.83933, 52.87983 ], [ 13.83932, 52.87982 ] ] ] } },
{ "type": "Feature", "properties": { "Z_max": 23.2, "id": "319" }, "geometry": { "type": "Polygon", "coordinates": [ [ [ 13.83937, 52.87967 ], [ 13.83934, 52.87967 ], [ 13.83933, 52.87968 ], [ 13.83931, 52.87968 ], [ 13.83931, 52.8797 ], [ 13.83932, 52.8797 ], [ 13.83932, 52.87971 ], [ 13.83937, 52.87971 ], [ 13.83937, 52.8797 ], [ 13.83938, 52.8797 ], [ 13.83937, 52.87967 ] ] ] } },
{ "type": "Feature", "properties": { "Z_max": 15.9, "id": "320" }, "geometry": { "type": "Polygon", "coordinates": [ [ [ 13.83909, 52.88071 ], [ 13.83907, 52.88071 ], [ 13.83907, 52.88069 ], [ 13.83903, 52.88069 ], [ 13.83903, 52.88073 ], [ 13.83901, 52.88074 ], [ 13.83907, 52.88074 ], [ 13.83907, 52.88073 ], [ 13.83909, 52.88073 ], [ 13.83909, 52.88071 ] ] ] } },
{ "type": "Feature", "properties": { "Z_max": 23.6, "id": "321" }, "geometry": { "type": "Polygon", "coordinates": [ [ [ 13.83932, 52.87995 ], [ 13.83932, 52.87994 ], [ 13.83929, 52.87992 ], [ 13.83927, 52.87992 ], [ 13.83925, 52.87993 ], [ 13.83924, 52.87998 ], [ 13.83932, 52.87998 ], [ 13.83932, 52.87997 ], [ 13.83933, 52.87997 ], [ 13.83933, 52.87996 ], [ 13.83932, 52.87995 ] ] ] } },
{ "type": "Feature", "properties": { "Z_max": 21.3, "id": "322" }, "geometry": { "type": "Polygon", "coordinates": [ [ [ 13.83933, 52.87989 ], [ 13.83935, 52.87988 ], [ 13.83935, 52.87987 ], [ 13.83929, 52.87987 ], [ 13.83927, 52.87988 ], [ 13.83928, 52.87992 ], [ 13.8393, 52.87992 ], [ 13.83933, 52.87989 ], [ 13.83933, 52.87989 ] ] ] } },
{ "type": "Feature", "properties": { "Z_max": 21.9, "id": "323" }, "geometry": { "type": "Polygon", "coordinates": [ [ [ 13.83938, 52.87976 ], [ 13.83936, 52.87976 ], [ 13.83935, 52.87975 ], [ 13.83935, 52.87975 ], [ 13.83931, 52.87977 ], [ 13.83931, 52.87978 ], [ 13.83932, 52.87978 ], [ 13.83932, 52.87979 ], [ 13.83933, 52.8798 ], [ 13.83934, 52.87979 ], [ 13.83939, 52.87978 ], [ 13.83939, 52.87977 ], [ 13.83938, 52.87976 ] ] ] } },
{ "type": "Feature", "properties": { "Z_max": 25.9, "id": "324" }, "geometry": { "type": "Polygon", "coordinates": [ [ [ 13.83942, 52.87958 ], [ 13.8394, 52.87958 ], [ 13.8394, 52.87957 ], [ 13.83938, 52.87957 ], [ 13.83937, 52.87958 ], [ 13.83936, 52.87958 ], [ 13.83936, 52.87959 ], [ 13.83937, 52.87959 ], [ 13.83937, 52.8796 ], [ 13.83941, 52.8796 ], [ 13.83942, 52.87959 ], [ 13.83943, 52.87959 ], [ 13.83942, 52.87958 ] ] ] } },
{ "type": "Feature", "properties": { "Z_max": 21.6, "id": "325" }, "geometry": { "type": "Polygon", "coordinates": [ [ [ 13.83926, 52.88024 ], [ 13.83925, 52.88023 ], [ 13.83925, 52.88022 ], [ 13.83923, 52.88022 ], [ 13.8392, 52.88023 ], [ 13.8392, 52.88024 ], [ 13.83919, 52.88024 ], [ 13.83921, 52.88026 ], [ 13.83922, 52.88026 ], [ 13.83925, 52.88026 ], [ 13.83925, 52.88025 ], [ 13.83926, 52.88025 ], [ 13.83926, 52.88024 ] ] ] } },
{ "type": "Feature", "properties": { "Z_max": 24.0, "id": "326" }, "geometry": { "type": "Polygon", "coordinates": [ [ [ 13.83929, 52.88019 ], [ 13.83921, 52.88019 ], [ 13.83921, 52.88021 ], [ 13.83921, 52.88021 ], [ 13.83923, 52.88022 ], [ 13.83926, 52.88022 ], [ 13.83927, 52.88021 ], [ 13.83928, 52.88021 ], [ 13.83928, 52.8802 ], [ 13.83929, 52.88021 ], [ 13.8393, 52.88019 ], [ 13.83929, 52.88019 ] ] ] } },
{ "type": "Feature", "properties": { "Z_max": 26.1, "id": "327" }, "geometry": { "type": "Polygon", "coordinates": [ [ [ 13.83943, 52.87961 ], [ 13.83937, 52.87961 ], [ 13.83937, 52.87963 ], [ 13.83943, 52.87963 ], [ 13.83943, 52.87961 ] ] ] } },
{ "type": "Feature", "properties": { "Z_max": 23.7, "id": "328" }, "geometry": { "type": "Polygon", "coordinates": [ [ [ 13.83927, 52.88014 ], [ 13.83924, 52.88013 ], [ 13.83919, 52.88017 ], [ 13.83919, 52.88018 ], [ 13.83921, 52.88019 ], [ 13.8393, 52.88019 ], [ 13.83931, 52.88018 ], [ 13.83933, 52.88018 ], [ 13.83932, 52.88017 ], [ 13.83927, 52.88014 ] ] ] } },
{ "type": "Feature", "properties": { "Z_max": 25.0, "id": "329" }, "geometry": { "type": "Polygon", "coordinates": [ [ [ 13.83933, 52.88002 ], [ 13.83934, 52.88002 ], [ 13.83935, 52.87999 ], [ 13.83933, 52.87999 ], [ 13.83933, 52.87998 ], [ 13.8393, 52.87998 ], [ 13.83928, 52.87999 ], [ 13.83926, 52.88 ], [ 13.83926, 52.88 ], [ 13.83926, 52.88002 ], [ 13.83925, 52.88003 ], [ 13.83924, 52.88003 ], [ 13.83924, 52.88003 ], [ 13.83927, 52.88005 ], [ 13.83928, 52.88005 ], [ 13.8393, 52.88005 ], [ 13.83933, 52.88002 ] ] ] } },
{ "type": "Feature", "properties": { "Z_max": 26.8, "id": "330" }, "geometry": { "type": "Polygon", "coordinates": [ [ [ 13.83946, 52.87956 ], [ 13.83946, 52.87955 ], [ 13.83943, 52.87955 ], [ 13.83943, 52.87956 ], [ 13.83942, 52.87956 ], [ 13.83941, 52.87957 ], [ 13.8394, 52.87957 ], [ 13.8394, 52.87957 ], [ 13.83942, 52.87958 ], [ 13.83944, 52.87959 ], [ 13.83945, 52.87958 ], [ 13.83948, 52.87958 ], [ 13.83947, 52.87956 ], [ 13.83946, 52.87956 ] ] ] } },
{ "type": "Feature", "properties": { "Z_max": 23.9, "id": "331" }, "geometry": { "type": "Polygon", "coordinates": [ [ [ 13.83942, 52.87979 ], [ 13.83941, 52.87979 ], [ 13.83941, 52.87978 ], [ 13.83934, 52.87978 ], [ 13.83931, 52.87982 ], [ 13.83934, 52.87984 ], [ 13.83938, 52.87984 ], [ 13.83941, 52.87983 ], [ 13.83941, 52.87981 ], [ 13.83942, 52.87981 ], [ 13.83942, 52.87979 ] ] ] } },
{ "type": "Feature", "properties": { "Z_max": 17.5, "id": "332" }, "geometry": { "type": "Polygon", "coordinates": [ [ [ 13.83918, 52.88065 ], [ 13.83915, 52.88065 ], [ 13.83915, 52.88063 ], [ 13.83914, 52.88063 ], [ 13.83914, 52.88064 ], [ 13.83912, 52.88065 ], [ 13.83915, 52.88068 ], [ 13.83916, 52.88068 ], [ 13.83917, 52.88066 ], [ 13.83918, 52.88066 ], [ 13.83918, 52.88065 ] ] ] } },
{ "type": "Feature", "properties": { "Z_max": 21.4, "id": "333" }, "geometry": { "type": "Polygon", "coordinates": [ [ [ 13.83926, 52.88035 ], [ 13.83923, 52.88034 ], [ 13.83921, 52.88034 ], [ 13.8392, 52.88037 ], [ 13.83922, 52.88038 ], [ 13.83924, 52.88039 ], [ 13.83925, 52.88038 ], [ 13.83926, 52.88037 ], [ 13.83926, 52.88035 ] ] ] } },
{ "type": "Feature", "properties": { "Z_max": 23.3, "id": "334" }, "geometry": { "type": "Polygon", "coordinates": [ [ [ 13.83944, 52.8797 ], [ 13.83941, 52.87968 ], [ 13.8394, 52.87968 ], [ 13.83935, 52.87972 ], [ 13.83938, 52.87972 ], [ 13.83938, 52.87973 ], [ 13.83942, 52.87973 ], [ 13.83943, 52.87972 ], [ 13.83944, 52.87972 ], [ 13.83944, 52.8797 ] ] ] } },
{ "type": "Feature", "properties": { "Z_max": 23.8, "id": "335" }, "geometry": { "type": "Polygon", "coordinates": [ [ [ 13.83939, 52.87986 ], [ 13.83941, 52.87985 ], [ 13.8394, 52.87983 ], [ 13.83934, 52.87984 ], [ 13.83933, 52.87987 ], [ 13.83939, 52.87987 ], [ 13.83939, 52.87986 ] ] ] } },
{ "type": "Feature", "properties": { "Z_max": 23.8, "id": "336" }, "geometry": { "type": "Polygon", "coordinates": [ [ [ 13.83946, 52.87968 ], [ 13.83952, 52.87966 ], [ 13.83952, 52.87965 ], [ 13.83951, 52.87964 ], [ 13.83947, 52.87964 ], [ 13.83945, 52.87963 ], [ 13.83944, 52.87963 ], [ 13.83943, 52.87964 ], [ 13.83942, 52.87967 ], [ 13.83941, 52.87967 ], [ 13.83941, 52.87969 ], [ 13.83943, 52.87969 ], [ 13.83943, 52.87969 ], [ 13.83946, 52.87969 ], [ 13.83946, 52.87968 ] ] ] } },
{ "type": "Feature", "properties": { "Z_max": 23.9, "id": "337" }, "geometry": { "type": "Polygon", "coordinates": [ [ [ 13.83944, 52.87989 ], [ 13.83943, 52.87988 ], [ 13.83942, 52.87988 ], [ 13.83941, 52.87988 ], [ 13.8394, 52.87987 ], [ 13.83939, 52.87987 ], [ 13.83939, 52.87988 ], [ 13.83935, 52.87988 ], [ 13.83935, 52.87991 ], [ 13.83939, 52.87991 ], [ 13.8394, 52.87992 ], [ 13.83942, 52.87992 ], [ 13.83943, 52.87991 ], [ 13.83943, 52.87991 ], [ 13.83944, 52.87989 ] ] ] } },
{ "type": "Feature", "properties": { "Z_max": 14.0, "id": "338" }, "geometry": { "type": "Polygon", "coordinates": [ [ [ 13.83925, 52.88055 ], [ 13.83928, 52.88053 ], [ 13.83931, 52.88053 ], [ 13.83931, 52.88052 ], [ 13.83924, 52.88052 ], [ 13.83921, 52.88053 ], [ 13.83921, 52.88054 ], [ 13.8392, 52.88055 ], [ 13.8392, 52.88056 ], [ 13.83923, 52.88057 ], [ 13.83925, 52.88057 ], [ 13.83925, 52.88055 ] ] ] } },
{ "type": "Feature", "properties": { "Z_max": 28.7, "id": "339" }, "geometry": { "type": "Polygon", "coordinates": [ [ [ 13.83952, 52.87953 ], [ 13.8395, 52.87952 ], [ 13.83949, 52.87952 ], [ 13.83948, 52.87952 ], [ 13.83947, 52.87953 ], [ 13.83946, 52.87952 ], [ 13.83946, 52.87954 ], [ 13.83945, 52.87953 ], [ 13.83945, 52.87955 ], [ 13.83946, 52.87956 ], [ 13.8395, 52.87956 ], [ 13.83951, 52.87955 ], [ 13.83952, 52.87955 ], [ 13.83953, 52.87954 ], [ 13.83952, 52.87953 ] ] ] } },
{ "type": "Feature", "properties": { "Z_max": 23.2, "id": "340" }, "geometry": { "type": "Polygon", "coordinates": [ [ [ 13.83932, 52.88021 ], [ 13.83928, 52.88021 ], [ 13.83925, 52.88023 ], [ 13.83927, 52.88024 ], [ 13.8393, 52.88024 ], [ 13.83929, 52.88025 ], [ 13.83933, 52.88025 ], [ 13.83935, 52.88024 ], [ 13.83935, 52.88023 ], [ 13.83932, 52.88021 ] ] ] } },
{ "type": "Feature", "properties": { "Z_max": 21.4, "id": "341" }, "geometry": { "type": "Polygon", "coordinates": [ [ [ 13.83939, 52.87991 ], [ 13.83935, 52.87991 ], [ 13.83935, 52.87995 ], [ 13.83935, 52.87995 ], [ 13.83942, 52.87995 ], [ 13.83943, 52.87994 ], [ 13.83939, 52.87991 ] ] ] } },
{ "type": "Feature", "properties": { "Z_max": 24.8, "id": "342" }, "geometry": { "type": "Polygon", "coordinates": [ [ [ 13.83952, 52.87963 ], [ 13.8395, 52.87961 ], [ 13.83948, 52.8796 ], [ 13.83946, 52.8796 ], [ 13.83946, 52.87961 ], [ 13.83945, 52.87961 ], [ 13.83945, 52.87962 ], [ 13.83943, 52.87962 ], [ 13.83943, 52.87963 ], [ 13.83944, 52.87963 ], [ 13.83946, 52.87963 ], [ 13.83946, 52.87964 ], [ 13.83953, 52.87964 ], [ 13.83953, 52.87963 ], [ 13.83952, 52.87963 ] ] ] } },
{ "type": "Feature", "properties": { "Z_max": 20.1, "id": "343" }, "geometry": { "type": "Polygon", "coordinates": [ [ [ 13.8393, 52.88043 ], [ 13.83927, 52.88041 ], [ 13.83922, 52.88043 ], [ 13.83921, 52.88044 ], [ 13.83922, 52.88044 ], [ 13.83924, 52.88046 ], [ 13.83924, 52.88047 ], [ 13.83926, 52.88047 ], [ 13.83928, 52.88048 ], [ 13.8393, 52.88046 ], [ 13.8393, 52.88043 ] ] ] } },
{ "type": "Feature", "properties": { "Z_max": 25.4, "id": "344" }, "geometry": { "type": "Polygon", "coordinates": [ [ [ 13.83947, 52.87976 ], [ 13.83948, 52.87975 ], [ 13.8395, 52.87975 ], [ 13.8395, 52.87974 ], [ 13.83951, 52.87974 ], [ 13.83952, 52.87973 ], [ 13.83953, 52.87973 ], [ 13.83953, 52.87972 ], [ 13.83951, 52.87971 ], [ 13.83949, 52.87971 ], [ 13.83947, 52.8797 ], [ 13.83944, 52.8797 ], [ 13.83943, 52.87975 ], [ 13.83944, 52.87975 ], [ 13.83944, 52.87975 ], [ 13.83944, 52.87977 ], [ 13.83946, 52.87978 ], [ 13.83947, 52.87978 ], [ 13.83947, 52.87976 ] ] ] } },
{ "type": "Feature", "properties": { "Z_max": 3.3, "id": "345" }, "geometry": { "type": "Polygon", "coordinates": [ [ [ 13.83929, 52.88039 ], [ 13.83929, 52.88039 ], [ 13.8393, 52.88039 ], [ 13.8393, 52.88039 ], [ 13.83929, 52.88039 ] ] ] } },
{ "type": "Feature", "properties": { "Z_max": 22.4, "id": "346" }, "geometry": { "type": "Polygon", "coordinates": [ [ [ 13.83945, 52.87986 ], [ 13.83945, 52.87985 ], [ 13.83944, 52.87985 ], [ 13.83944, 52.87984 ], [ 13.83942, 52.87984 ], [ 13.83939, 52.87986 ], [ 13.83942, 52.87987 ], [ 13.83943, 52.87988 ], [ 13.83943, 52.87988 ], [ 13.83947, 52.87986 ], [ 13.83945, 52.87986 ] ] ] } },
{ "type": "Feature", "properties": { "Z_max": 2.9, "id": "347" }, "geometry": { "type": "Polygon", "coordinates": [ [ [ 13.83929, 52.8804 ], [ 13.83929, 52.88041 ], [ 13.8393, 52.88041 ], [ 13.8393, 52.8804 ], [ 13.83929, 52.8804 ] ] ] } },
{ "type": "Feature", "properties": { "Z_max": 27.1, "id": "348" }, "geometry": { "type": "Polygon", "coordinates": [ [ [ 13.83955, 52.87957 ], [ 13.83953, 52.87957 ], [ 13.83953, 52.87955 ], [ 13.83951, 52.87955 ], [ 13.8395, 52.87956 ], [ 13.83948, 52.87956 ], [ 13.83948, 52.87959 ], [ 13.8395, 52.87961 ], [ 13.83954, 52.87959 ], [ 13.83955, 52.8796 ], [ 13.83955, 52.87957 ] ] ] } },
{ "type": "Feature", "properties": { "Z_max": 22.5, "id": "349" }, "geometry": { "type": "Polygon", "coordinates": [ [ [ 13.83937, 52.88018 ], [ 13.83931, 52.88018 ], [ 13.8393, 52.88019 ], [ 13.83929, 52.8802 ], [ 13.83936, 52.88023 ], [ 13.83937, 52.88022 ], [ 13.83938, 52.88022 ], [ 13.83938, 52.88019 ], [ 13.83937, 52.88018 ] ] ] } },
{ "type": "Feature", "properties": { "Z_max": 23.1, "id": "350" }, "geometry": { "type": "Polygon", "coordinates": [ [ [ 13.83933, 52.88034 ], [ 13.83936, 52.88032 ], [ 13.83937, 52.88031 ], [ 13.83938, 52.88031 ], [ 13.83933, 52.88027 ], [ 13.83932, 52.88027 ], [ 13.83928, 52.8803 ], [ 13.83928, 52.88031 ], [ 13.83931, 52.88033 ], [ 13.83931, 52.88037 ], [ 13.83933, 52.88038 ], [ 13.83933, 52.88034 ] ] ] } },
{ "type": "Feature", "properties": { "Z_max": 21.7, "id": "351" }, "geometry": { "type": "Polygon", "coordinates": [ [ [ 13.83949, 52.87987 ], [ 13.83948, 52.87987 ], [ 13.83945, 52.87987 ], [ 13.83944, 52.87987 ], [ 13.83944, 52.8799 ], [ 13.83948, 52.8799 ], [ 13.83948, 52.87989 ], [ 13.83949, 52.87988 ], [ 13.83949, 52.87988 ], [ 13.8395, 52.87987 ], [ 13.83949, 52.87987 ] ] ] } },
{ "type": "Feature", "properties": { "Z_max": 25.2, "id": "352" }, "geometry": { "type": "Polygon", "coordinates": [ [ [ 13.83942, 52.88024 ], [ 13.83941, 52.88025 ], [ 13.83941, 52.88025 ], [ 13.83939, 52.88025 ], [ 13.83936, 52.88024 ], [ 13.83932, 52.88026 ], [ 13.83933, 52.88026 ], [ 13.83934, 52.88027 ], [ 13.83936, 52.88027 ], [ 13.83937, 52.88027 ], [ 13.83939, 52.88026 ], [ 13.83943, 52.88026 ], [ 13.83942, 52.88024 ] ] ] } },
{ "type": "Feature", "properties": { "Z_max": 21.0, "id": "353" }, "geometry": { "type": "Polygon", "coordinates": [ [ [ 13.83954, 52.87985 ], [ 13.83949, 52.87983 ], [ 13.83948, 52.87983 ], [ 13.83945, 52.87985 ], [ 13.83947, 52.87986 ], [ 13.83947, 52.87987 ], [ 13.83951, 52.87987 ], [ 13.83954, 52.87985 ] ] ] } },
{ "type": "Feature", "properties": { "Z_max": 23.4, "id": "354" }, "geometry": { "type": "Polygon", "coordinates": [ [ [ 13.83945, 52.88015 ], [ 13.83945, 52.88014 ], [ 13.83942, 52.88014 ], [ 13.8394, 52.88014 ], [ 13.83939, 52.88015 ], [ 13.83942, 52.88017 ], [ 13.83944, 52.88017 ], [ 13.83945, 52.88016 ], [ 13.83946, 52.88016 ], [ 13.83946, 52.88016 ], [ 13.83947, 52.88015 ], [ 13.83945, 52.88015 ] ] ] } },
{ "type": "Feature", "properties": { "Z_max": 25.5, "id": "355" }, "geometry": { "type": "Polygon", "coordinates": [ [ [ 13.83941, 52.88026 ], [ 13.83939, 52.88026 ], [ 13.83937, 52.88027 ], [ 13.83934, 52.88027 ], [ 13.83934, 52.88029 ], [ 13.83935, 52.8803 ], [ 13.83936, 52.8803 ], [ 13.83937, 52.8803 ], [ 13.83938, 52.8803 ], [ 13.83944, 52.88029 ], [ 13.83941, 52.88026 ] ] ] } },
{ "type": "Feature", "properties": { "Z_max": 23.7, "id": "356" }, "geometry": { "type": "Polygon", "coordinates": [ [ [ 13.83948, 52.88 ], [ 13.83941, 52.88 ], [ 13.83939, 52.88001 ], [ 13.8394, 52.88002 ], [ 13.83942, 52.88003 ], [ 13.8395, 52.88003 ], [ 13.83951, 52.88002 ], [ 13.83949, 52.88002 ], [ 13.83948, 52.88 ] ] ] } },
{ "type": "Feature", "properties": { "Z_max": 23.6, "id": "357" }, "geometry": { "type": "Polygon", "coordinates": [ [ [ 13.83949, 52.87998 ], [ 13.83948, 52.87997 ], [ 13.83947, 52.87997 ], [ 13.83944, 52.87997 ], [ 13.83942, 52.87998 ], [ 13.83942, 52.87999 ], [ 13.83941, 52.87999 ], [ 13.83941, 52.88 ], [ 13.83949, 52.88 ], [ 13.83949, 52.87998 ] ] ] } },
{ "type": "Feature", "properties": { "Z_max": 25.2, "id": "358" }, "geometry": { "type": "Polygon", "coordinates": [ [ [ 13.83959, 52.87965 ], [ 13.83956, 52.87963 ], [ 13.83954, 52.87963 ], [ 13.83952, 52.87964 ], [ 13.83951, 52.87966 ], [ 13.8395, 52.87966 ], [ 13.83952, 52.87968 ], [ 13.83952, 52.87969 ], [ 13.83953, 52.8797 ], [ 13.83956, 52.8797 ], [ 13.83957, 52.87969 ], [ 13.83959, 52.87969 ], [ 13.83959, 52.87965 ] ] ] } },
{ "type": "Feature", "properties": { "Z_max": 22.7, "id": "359" }, "geometry": { "type": "Polygon", "coordinates": [ [ [ 13.83954, 52.87975 ], [ 13.83954, 52.87973 ], [ 13.83952, 52.87973 ], [ 13.83947, 52.87976 ], [ 13.83947, 52.87978 ], [ 13.83949, 52.87979 ], [ 13.83951, 52.87979 ], [ 13.83954, 52.87977 ], [ 13.83956, 52.87978 ], [ 13.83956, 52.87976 ], [ 13.83954, 52.87975 ] ] ] } },
{ "type": "Feature", "properties": { "Z_max": 23.1, "id": "360" }, "geometry": { "type": "Polygon", "coordinates": [ [ [ 13.83947, 52.88019 ], [ 13.83946, 52.88019 ], [ 13.83946, 52.88018 ], [ 13.83945, 52.88018 ], [ 13.83944, 52.88017 ], [ 13.83942, 52.88017 ], [ 13.83941, 52.88018 ], [ 13.83941, 52.88018 ], [ 13.83939, 52.88019 ], [ 13.83938, 52.88019 ], [ 13.83939, 52.88021 ], [ 13.83941, 52.88024 ], [ 13.83942, 52.88024 ], [ 13.83943, 52.88023 ], [ 13.83946, 52.88022 ], [ 13.83948, 52.88022 ], [ 13.83949, 52.8802 ], [ 13.83947, 52.88019 ] ] ] } },
{ "type": "Feature", "properties": { "Z_max": 22.9, "id": "361" }, "geometry": { "type": "Polygon", "coordinates": [ [ [ 13.83948, 52.88006 ], [ 13.83948, 52.88004 ], [ 13.83949, 52.88004 ], [ 13.83949, 52.88003 ], [ 13.83942, 52.88003 ], [ 13.83942, 52.88008 ], [ 13.83944, 52.88009 ], [ 13.83947, 52.88009 ], [ 13.83948, 52.88006 ] ] ] } },
{ "type": "Feature", "properties": { "Z_max": 25.6, "id": "362" }, "geometry": { "type": "Polygon", "coordinates": [ [ [ 13.8396, 52.8797 ], [ 13.8396, 52.87969 ], [ 13.83957, 52.87969 ], [ 13.83954, 52.8797 ], [ 13.83953, 52.8797 ], [ 13.83952, 52.8797 ], [ 13.83952, 52.87972 ], [ 13.83955, 52.87973 ], [ 13.83957, 52.87973 ], [ 13.8396, 52.8797 ] ] ] } },
{ "type": "Feature", "properties": { "Z_max": 11.4, "id": "363" }, "geometry": { "type": "Polygon", "coordinates": [ [ [ 13.83931, 52.88073 ], [ 13.8393, 52.88073 ], [ 13.83931, 52.88074 ], [ 13.83931, 52.88073 ] ] ] } },
{ "type": "Feature", "properties": { "Z_max": 23.4, "id": "364" }, "geometry": { "type": "Polygon", "coordinates": [ [ [ 13.83954, 52.87995 ], [ 13.83954, 52.87994 ], [ 13.83953, 52.87994 ], [ 13.83951, 52.87995 ], [ 13.83949, 52.87994 ], [ 13.83946, 52.87995 ], [ 13.83945, 52.87995 ], [ 13.83945, 52.87996 ], [ 13.83946, 52.87996 ], [ 13.83947, 52.87996 ], [ 13.8395, 52.87998 ], [ 13.83954, 52.87996 ], [ 13.83955, 52.87996 ], [ 13.83954, 52.87995 ] ] ] } },
{ "type": "Feature", "properties": { "Z_max": 18.9, "id": "365" }, "geometry": { "type": "Polygon", "coordinates": [ [ [ 13.83934, 52.88061 ], [ 13.83932, 52.88061 ], [ 13.83931, 52.88064 ], [ 13.83934, 52.88064 ], [ 13.83934, 52.88061 ] ] ] } },
{ "type": "Feature", "properties": { "Z_max": 24.3, "id": "366" }, "geometry": { "type": "Polygon", "coordinates": [ [ [ 13.83954, 52.87991 ], [ 13.83956, 52.87991 ], [ 13.83955, 52.87988 ], [ 13.83952, 52.87988 ], [ 13.83948, 52.87991 ], [ 13.83951, 52.87993 ], [ 13.83954, 52.87993 ], [ 13.83954, 52.87991 ] ] ] } },
{ "type": "Feature", "properties": { "Z_max": 24.6, "id": "367" }, "geometry": { "type": "Polygon", "coordinates": [ [ [ 13.83963, 52.87957 ], [ 13.83964, 52.87956 ], [ 13.83963, 52.87956 ], [ 13.83961, 52.87955 ], [ 13.8396, 52.87955 ], [ 13.83958, 52.87956 ], [ 13.83958, 52.87957 ], [ 13.83958, 52.87958 ], [ 13.83959, 52.87958 ], [ 13.83959, 52.8796 ], [ 13.83965, 52.8796 ], [ 13.83964, 52.87958 ], [ 13.83963, 52.87957 ] ] ] } },
{ "type": "Feature", "properties": { "Z_max": 25.2, "id": "368" }, "geometry": { "type": "Polygon", "coordinates": [ [ [ 13.83966, 52.8796 ], [ 13.83967, 52.8796 ], [ 13.8396, 52.8796 ], [ 13.83959, 52.87961 ], [ 13.83958, 52.87961 ], [ 13.83956, 52.87962 ], [ 13.83955, 52.87962 ], [ 13.83955, 52.87963 ], [ 13.83953, 52.87962 ], [ 13.83954, 52.87963 ], [ 13.83958, 52.87965 ], [ 13.8396, 52.87965 ], [ 13.83961, 52.87965 ], [ 13.83967, 52.87963 ], [ 13.83969, 52.87963 ], [ 13.83969, 52.87963 ], [ 13.83966, 52.8796 ] ] ] } },
{ "type": "Feature", "properties": { "Z_max": 22.8, "id": "369" }, "geometry": { "type": "Polygon", "coordinates": [ [ [ 13.8396, 52.87976 ], [ 13.8396, 52.87974 ], [ 13.83959, 52.87974 ], [ 13.83959, 52.87973 ], [ 13.83955, 52.87973 ], [ 13.83955, 52.87975 ], [ 13.83956, 52.87977 ], [ 13.83956, 52.87979 ], [ 13.83958, 52.87979 ], [ 13.83959, 52.87978 ], [ 13.8396, 52.87978 ], [ 13.83961, 52.87977 ], [ 13.83962, 52.87977 ], [ 13.83962, 52.87976 ], [ 13.8396, 52.87976 ] ] ] } },
{ "type": "Feature", "properties": { "Z_max": 26.2, "id": "370" }, "geometry": { "type": "Polygon", "coordinates": [ [ [ 13.83947, 52.88023 ], [ 13.83946, 52.88023 ], [ 13.83945, 52.88024 ], [ 13.83943, 52.88024 ], [ 13.83943, 52.88025 ], [ 13.83942, 52.88026 ], [ 13.83942, 52.88026 ], [ 13.83941, 52.88027 ], [ 13.83944, 52.88029 ], [ 13.83946, 52.88029 ], [ 13.83948, 52.88028 ], [ 13.8395, 52.88028 ], [ 13.83951, 52.88027 ], [ 13.83951, 52.88026 ], [ 13.83947, 52.88023 ] ] ] } },
{ "type": "Feature", "properties": { "Z_max": 23.8, "id": "371" }, "geometry": { "type": "Polygon", "coordinates": [ [ [ 13.83955, 52.88004 ], [ 13.83953, 52.88004 ], [ 13.83952, 52.88003 ], [ 13.8395, 52.88003 ], [ 13.83949, 52.88004 ], [ 13.83948, 52.88005 ], [ 13.83948, 52.88008 ], [ 13.83953, 52.88008 ], [ 13.83953, 52.88007 ], [ 13.83955, 52.88006 ], [ 13.83955, 52.88004 ] ] ] } },
{ "type": "Feature", "properties": { "Z_max": 18.3, "id": "372" }, "geometry": { "type": "Polygon", "coordinates": [ [ [ 13.83945, 52.88047 ], [ 13.83944, 52.88046 ], [ 13.83942, 52.88046 ], [ 13.83942, 52.88046 ], [ 13.8394, 52.88047 ], [ 13.83936, 52.88047 ], [ 13.83935, 52.88048 ], [ 13.83935, 52.8805 ], [ 13.83938, 52.88052 ], [ 13.8394, 52.88053 ], [ 13.8394, 52.88052 ], [ 13.83945, 52.88049 ], [ 13.83945, 52.88047 ] ] ] } },
{ "type": "Feature", "properties": { "Z_max": 16.3, "id": "373" }, "geometry": { "type": "Polygon", "coordinates": [ [ [ 13.83939, 52.88061 ], [ 13.83937, 52.88061 ], [ 13.83938, 52.88063 ], [ 13.83936, 52.88064 ], [ 13.83932, 52.88064 ], [ 13.83931, 52.88065 ], [ 13.83936, 52.88065 ], [ 13.83937, 52.88066 ], [ 13.83939, 52.88066 ], [ 13.83939, 52.88061 ] ] ] } },
{ "type": "Feature", "properties": { "Z_max": 27.3, "id": "374" }, "geometry": { "type": "Polygon", "coordinates": [ [ [ 13.83971, 52.87953 ], [ 13.83968, 52.87951 ], [ 13.83966, 52.87951 ], [ 13.83965, 52.87952 ], [ 13.83961, 52.87952 ], [ 13.8396, 52.87953 ], [ 13.83959, 52.87954 ], [ 13.83964, 52.87954 ], [ 13.83964, 52.87956 ], [ 13.83966, 52.87956 ], [ 13.83971, 52.87953 ] ] ] } },
{ "type": "Feature", "properties": { "Z_max": 22.0, "id": "375" }, "geometry": { "type": "Polygon", "coordinates": [ [ [ 13.83952, 52.88011 ], [ 13.83952, 52.88008 ], [ 13.83948, 52.88008 ], [ 13.83948, 52.88012 ], [ 13.83949, 52.88014 ], [ 13.83953, 52.88014 ], [ 13.83953, 52.88012 ], [ 13.83952, 52.88011 ] ] ] } },
{ "type": "Feature", "properties": { "Z_max": 21.5, "id": "376" }, "geometry": { "type": "Polygon", "coordinates": [ [ [ 13.83963, 52.87983 ], [ 13.8396, 52.87982 ], [ 13.83958, 52.87982 ], [ 13.83954, 52.87985 ], [ 13.83957, 52.87986 ], [ 13.83958, 52.87988 ], [ 13.83961, 52.87985 ], [ 13.83963, 52.87983 ] ] ] } },
{ "type": "Feature", "properties": { "Z_max": 16.2, "id": "377" }, "geometry": { "type": "Polygon", "coordinates": [ [ [ 13.83941, 52.88071 ], [ 13.8394, 52.8807 ], [ 13.83938, 52.8807 ], [ 13.83935, 52.88069 ], [ 13.83933, 52.8807 ], [ 13.83933, 52.88071 ], [ 13.83934, 52.88072 ], [ 13.83935, 52.88074 ], [ 13.83937, 52.88074 ], [ 13.83937, 52.88073 ], [ 13.83939, 52.88073 ], [ 13.83941, 52.88073 ], [ 13.83941, 52.88071 ] ] ] } },
{ "type": "Feature", "properties": { "Z_max": 24.5, "id": "378" }, "geometry": { "type": "Polygon", "coordinates": [ [ [ 13.83961, 52.87977 ], [ 13.83956, 52.8798 ], [ 13.83957, 52.8798 ], [ 13.83958, 52.87982 ], [ 13.8396, 52.87983 ], [ 13.8396, 52.87983 ], [ 13.83963, 52.87983 ], [ 13.83966, 52.87981 ], [ 13.83961, 52.87977 ] ] ] } },
{ "type": "Feature", "properties": { "Z_max": 24.1, "id": "379" }, "geometry": { "type": "Polygon", "coordinates": [ [ [ 13.83968, 52.87964 ], [ 13.83967, 52.87964 ], [ 13.83964, 52.87963 ], [ 13.83959, 52.87965 ], [ 13.83959, 52.87969 ], [ 13.83962, 52.87971 ], [ 13.83965, 52.8797 ], [ 13.83966, 52.8797 ], [ 13.83971, 52.87968 ], [ 13.83971, 52.87967 ], [ 13.83968, 52.87965 ], [ 13.83968, 52.87964 ] ] ] } },
{ "type": "Feature", "properties": { "Z_max": 16.2, "id": "380" }, "geometry": { "type": "Polygon", "coordinates": [ [ [ 13.83946, 52.88047 ], [ 13.83945, 52.88047 ], [ 13.83942, 52.8805 ], [ 13.83941, 52.88051 ], [ 13.83941, 52.88053 ], [ 13.83943, 52.88053 ], [ 13.83943, 52.88054 ], [ 13.83945, 52.88054 ], [ 13.83946, 52.88054 ], [ 13.83947, 52.88053 ], [ 13.83948, 52.88053 ], [ 13.83949, 52.88053 ], [ 13.83949, 52.88052 ], [ 13.83946, 52.8805 ], [ 13.83946, 52.88047 ] ] ] } },
{ "type": "Feature", "properties": { "Z_max": 27.5, "id": "381" }, "geometry": { "type": "Polygon", "coordinates": [ [ [ 13.83974, 52.87954 ], [ 13.83971, 52.87954 ], [ 13.8397, 52.87954 ], [ 13.83969, 52.87955 ], [ 13.83965, 52.87956 ], [ 13.83967, 52.87958 ], [ 13.83967, 52.87959 ], [ 13.8397, 52.87959 ], [ 13.83972, 52.87958 ], [ 13.83973, 52.87958 ], [ 13.83974, 52.87956 ], [ 13.83974, 52.87954 ] ] ] } },
{ "type": "Feature", "properties": { "Z_max": 20.2, "id": "382" }, "geometry": { "type": "Polygon", "coordinates": [ [ [ 13.83948, 52.8806 ], [ 13.83947, 52.8806 ], [ 13.83946, 52.88059 ], [ 13.83946, 52.88057 ], [ 13.83941, 52.88057 ], [ 13.8394, 52.88058 ], [ 13.83939, 52.88058 ], [ 13.83939, 52.88059 ], [ 13.83938, 52.88058 ], [ 13.83936, 52.88059 ], [ 13.83936, 52.88063 ], [ 13.83936, 52.88064 ], [ 13.83937, 52.88064 ], [ 13.83937, 52.88063 ], [ 13.83939, 52.88062 ], [ 13.83942, 52.88062 ], [ 13.83943, 52.88063 ], [ 13.83946, 52.88063 ], [ 13.83946, 52.88062 ], [ 13.83947, 52.88062 ], [ 13.83948, 52.8806 ] ] ] } },
{ "type": "Feature", "properties": { "Z_max": 22.0, "id": "383" }, "geometry": { "type": "Polygon", "coordinates": [ [ [ 13.83971, 52.87973 ], [ 13.8397, 52.87973 ], [ 13.83965, 52.87973 ], [ 13.83965, 52.87976 ], [ 13.83967, 52.87976 ], [ 13.8397, 52.87974 ], [ 13.83971, 52.87973 ] ] ] } },
{ "type": "Feature", "properties": { "Z_max": 26.6, "id": "384" }, "geometry": { "type": "Polygon", "coordinates": [ [ [ 13.83963, 52.88028 ], [ 13.83959, 52.88028 ], [ 13.83959, 52.88027 ], [ 13.83954, 52.88027 ], [ 13.83952, 52.88026 ], [ 13.83949, 52.88028 ], [ 13.83949, 52.8803 ], [ 13.8395, 52.88032 ], [ 13.8395, 52.88032 ], [ 13.83952, 52.88032 ], [ 13.83954, 52.88031 ], [ 13.83963, 52.88032 ], [ 13.83963, 52.88028 ] ] ] } },
{ "type": "Feature", "properties": { "Z_max": 21.3, "id": "385" }, "geometry": { "type": "Polygon", "coordinates": [ [ [ 13.83964, 52.88003 ], [ 13.83957, 52.88003 ], [ 13.83957, 52.88004 ], [ 13.83955, 52.88004 ], [ 13.83955, 52.88005 ], [ 13.83958, 52.88006 ], [ 13.83958, 52.88007 ], [ 13.83959, 52.88007 ], [ 13.83959, 52.88007 ], [ 13.83962, 52.88006 ], [ 13.83965, 52.88005 ], [ 13.83964, 52.88003 ] ] ] } },
{ "type": "Feature", "properties": { "Z_max": 18.0, "id": "386" }, "geometry": { "type": "Polygon", "coordinates": [ [ [ 13.83954, 52.8804 ], [ 13.83954, 52.88039 ], [ 13.83949, 52.88039 ], [ 13.83948, 52.88039 ], [ 13.83947, 52.8804 ], [ 13.83947, 52.8804 ], [ 13.8395, 52.88042 ], [ 13.83954, 52.8804 ] ] ] } },
{ "type": "Feature", "properties": { "Z_max": 24.7, "id": "387" }, "geometry": { "type": "Polygon", "coordinates": [ [ [ 13.83974, 52.87969 ], [ 13.83972, 52.87968 ], [ 13.83968, 52.87968 ], [ 13.83965, 52.8797 ], [ 13.83964, 52.87971 ], [ 13.83964, 52.87971 ], [ 13.83963, 52.87971 ], [ 13.83966, 52.87972 ], [ 13.83972, 52.87972 ], [ 13.83974, 52.8797 ], [ 13.83974, 52.87969 ] ] ] } },
{ "type": "Feature", "properties": { "Z_max": 18.0, "id": "388" }, "geometry": { "type": "Polygon", "coordinates": [ [ [ 13.83949, 52.88053 ], [ 13.83947, 52.88053 ], [ 13.83946, 52.88054 ], [ 13.83945, 52.88054 ], [ 13.83945, 52.88055 ], [ 13.83943, 52.88056 ], [ 13.83943, 52.88056 ], [ 13.83939, 52.88056 ], [ 13.83939, 52.88057 ], [ 13.83948, 52.88057 ], [ 13.83948, 52.88056 ], [ 13.83952, 52.88056 ], [ 13.83949, 52.88053 ] ] ] } },
{ "type": "Feature", "properties": { "Z_max": 25.0, "id": "389" }, "geometry": { "type": "Polygon", "coordinates": [ [ [ 13.83955, 52.88036 ], [ 13.83957, 52.88035 ], [ 13.83961, 52.88033 ], [ 13.83963, 52.88033 ], [ 13.83963, 52.88032 ], [ 13.83953, 52.88032 ], [ 13.83949, 52.88033 ], [ 13.83948, 52.88037 ], [ 13.83952, 52.88036 ], [ 13.83956, 52.88036 ], [ 13.83955, 52.88036 ] ] ] } },
{ "type": "Feature", "properties": { "Z_max": 23.2, "id": "390" }, "geometry": { "type": "Polygon", "coordinates": [ [ [ 13.83964, 52.87997 ], [ 13.83964, 52.87997 ], [ 13.83962, 52.87997 ], [ 13.83962, 52.87997 ], [ 13.8396, 52.87998 ], [ 13.83958, 52.87998 ], [ 13.83958, 52.88 ], [ 13.83961, 52.88001 ], [ 13.83961, 52.88003 ], [ 13.83962, 52.88003 ], [ 13.83965, 52.88003 ], [ 13.83966, 52.87998 ], [ 13.83964, 52.87997 ] ] ] } },
{ "type": "Feature", "properties": { "Z_max": 24.7, "id": "391" }, "geometry": { "type": "Polygon", "coordinates": [ [ [ 13.8397, 52.87977 ], [ 13.83971, 52.87976 ], [ 13.83968, 52.87975 ], [ 13.83967, 52.87976 ], [ 13.83964, 52.87976 ], [ 13.83963, 52.87977 ], [ 13.83962, 52.87977 ], [ 13.83962, 52.87978 ], [ 13.83966, 52.8798 ], [ 13.8397, 52.8798 ], [ 13.83971, 52.87979 ], [ 13.83972, 52.87979 ], [ 13.83972, 52.87978 ], [ 13.8397, 52.87977 ] ] ] } },
{ "type": "Feature", "properties": { "Z_max": 22.6, "id": "392" }, "geometry": { "type": "Polygon", "coordinates": [ [ [ 13.83973, 52.87984 ], [ 13.83975, 52.87983 ], [ 13.83975, 52.87982 ], [ 13.8397, 52.87981 ], [ 13.83966, 52.87981 ], [ 13.83963, 52.87982 ], [ 13.83966, 52.87984 ], [ 13.83966, 52.87989 ], [ 13.83968, 52.8799 ], [ 13.8397, 52.8799 ], [ 13.83973, 52.87987 ], [ 13.83973, 52.87984 ] ] ] } },
{ "type": "Feature", "properties": { "Z_max": 15.4, "id": "393" }, "geometry": { "type": "Polygon", "coordinates": [ [ [ 13.83949, 52.88069 ], [ 13.83949, 52.88068 ], [ 13.83948, 52.88069 ], [ 13.83946, 52.88068 ], [ 13.83944, 52.88068 ], [ 13.83939, 52.88069 ], [ 13.83939, 52.8807 ], [ 13.83942, 52.88072 ], [ 13.83945, 52.88072 ], [ 13.8395, 52.8807 ], [ 13.8395, 52.88069 ], [ 13.83949, 52.88069 ] ] ] } },
{ "type": "Feature", "properties": { "Z_max": 24.4, "id": "394" }, "geometry": { "type": "Polygon", "coordinates": [ [ [ 13.83979, 52.87954 ], [ 13.83975, 52.87954 ], [ 13.83975, 52.87956 ], [ 13.83973, 52.87957 ], [ 13.83972, 52.87958 ], [ 13.83971, 52.87958 ], [ 13.83971, 52.87959 ], [ 13.83969, 52.87959 ], [ 13.83968, 52.8796 ], [ 13.83971, 52.8796 ], [ 13.83976, 52.87961 ], [ 13.83976, 52.87962 ], [ 13.83977, 52.87962 ], [ 13.83977, 52.87961 ], [ 13.83978, 52.87961 ], [ 13.83979, 52.87954 ] ] ] } },
{ "type": "Feature", "properties": { "Z_max": 19.3, "id": "395" }, "geometry": { "type": "Polygon", "coordinates": [ [ [ 13.83952, 52.88057 ], [ 13.83952, 52.88056 ], [ 13.83948, 52.88056 ], [ 13.83947, 52.88057 ], [ 13.83946, 52.88058 ], [ 13.83946, 52.88059 ], [ 13.83947, 52.88059 ], [ 13.83948, 52.8806 ], [ 13.83948, 52.88061 ], [ 13.83952, 52.88061 ], [ 13.83953, 52.8806 ], [ 13.83954, 52.8806 ], [ 13.83954, 52.88058 ], [ 13.83952, 52.88057 ] ] ] } },
{ "type": "Feature", "properties": { "Z_max": 24.8, "id": "396" }, "geometry": { "type": "Polygon", "coordinates": [ [ [ 13.8398, 52.87965 ], [ 13.83977, 52.87964 ], [ 13.83973, 52.87963 ], [ 13.83971, 52.87963 ], [ 13.83968, 52.87963 ], [ 13.83968, 52.87966 ], [ 13.8397, 52.87966 ], [ 13.8397, 52.87967 ], [ 13.83973, 52.87969 ], [ 13.83976, 52.87969 ], [ 13.83977, 52.87968 ], [ 13.83978, 52.87968 ], [ 13.83978, 52.87967 ], [ 13.83979, 52.87967 ], [ 13.8398, 52.87967 ], [ 13.8398, 52.87965 ] ] ] } },
{ "type": "Feature", "properties": { "Z_max": 13.1, "id": "397" }, "geometry": { "type": "Polygon", "coordinates": [ [ [ 13.83951, 52.88067 ], [ 13.83951, 52.88067 ], [ 13.83952, 52.88067 ], [ 13.83953, 52.88067 ], [ 13.83951, 52.88067 ] ] ] } },
{ "type": "Feature", "properties": { "Z_max": 24.5, "id": "398" }, "geometry": { "type": "Polygon", "coordinates": [ [ [ 13.83978, 52.87976 ], [ 13.83978, 52.87975 ], [ 13.83974, 52.87975 ], [ 13.83974, 52.87976 ], [ 13.83971, 52.87976 ], [ 13.83971, 52.87977 ], [ 13.83972, 52.87979 ], [ 13.83973, 52.8798 ], [ 13.83977, 52.8798 ], [ 13.8398, 52.87977 ], [ 13.83978, 52.87976 ] ] ] } },
{ "type": "Feature", "properties": { "Z_max": 15.3, "id": "399" }, "geometry": { "type": "Polygon", "coordinates": [ [ [ 13.83958, 52.88061 ], [ 13.83957, 52.8806 ], [ 13.83956, 52.88061 ], [ 13.83954, 52.88061 ], [ 13.83954, 52.8806 ], [ 13.83953, 52.8806 ], [ 13.83951, 52.88061 ], [ 13.83948, 52.88061 ], [ 13.83946, 52.88062 ], [ 13.83946, 52.88063 ], [ 13.83949, 52.88063 ], [ 13.83949, 52.88063 ], [ 13.83949, 52.88065 ], [ 13.83948, 52.88065 ], [ 13.83948, 52.88066 ], [ 13.8395, 52.88067 ], [ 13.83951, 52.88067 ], [ 13.83952, 52.88066 ], [ 13.83954, 52.88067 ], [ 13.83954, 52.88065 ], [ 13.83956, 52.88063 ], [ 13.83958, 52.88063 ], [ 13.83958, 52.88061 ] ] ] } },
{ "type": "Feature", "properties": { "Z_max": 24.7, "id": "400" }, "geometry": { "type": "Polygon", "coordinates": [ [ [ 13.83965, 52.88023 ], [ 13.83965, 52.88023 ], [ 13.83966, 52.88023 ], [ 13.83966, 52.88021 ], [ 13.83965, 52.8802 ], [ 13.83965, 52.88019 ], [ 13.83963, 52.88019 ], [ 13.83958, 52.88021 ], [ 13.83959, 52.88025 ], [ 13.83959, 52.88028 ], [ 13.83961, 52.88028 ], [ 13.83962, 52.88027 ], [ 13.83962, 52.88026 ], [ 13.83963, 52.88025 ], [ 13.83965, 52.88025 ], [ 13.83965, 52.88023 ] ] ] } },
{ "type": "Feature", "properties": { "Z_max": 23.1, "id": "401" }, "geometry": { "type": "Polygon", "coordinates": [ [ [ 13.83968, 52.8801 ], [ 13.83967, 52.88009 ], [ 13.83967, 52.88008 ], [ 13.83966, 52.88008 ], [ 13.83964, 52.88009 ], [ 13.83963, 52.88009 ], [ 13.83962, 52.88012 ], [ 13.83966, 52.88012 ], [ 13.83967, 52.88011 ], [ 13.83968, 52.88011 ], [ 13.83968, 52.8801 ] ] ] } },
{ "type": "Feature", "properties": { "Z_max": 20.3, "id": "402" }, "geometry": { "type": "Polygon", "coordinates": [ [ [ 13.8396, 52.88045 ], [ 13.83956, 52.88044 ], [ 13.83952, 52.88046 ], [ 13.83951, 52.88046 ], [ 13.83951, 52.88048 ], [ 13.83958, 52.88048 ], [ 13.8396, 52.88047 ], [ 13.8396, 52.88045 ] ] ] } },
{ "type": "Feature", "properties": { "Z_max": 17.7, "id": "403" }, "geometry": { "type": "Polygon", "coordinates": [ [ [ 13.83962, 52.88038 ], [ 13.83961, 52.88036 ], [ 13.83957, 52.88036 ], [ 13.83956, 52.88037 ], [ 13.83956, 52.88039 ], [ 13.83957, 52.88041 ], [ 13.83959, 52.8804 ], [ 13.83959, 52.8804 ], [ 13.83963, 52.8804 ], [ 13.83962, 52.88038 ] ] ] } },
{ "type": "Feature", "properties": { "Z_max": 18.5, "id": "404" }, "geometry": { "type": "Polygon", "coordinates": [ [ [ 13.83961, 52.8804 ], [ 13.83961, 52.8804 ], [ 13.83957, 52.88041 ], [ 13.83956, 52.88041 ], [ 13.83956, 52.88043 ], [ 13.83957, 52.88043 ], [ 13.83957, 52.88045 ], [ 13.8396, 52.88045 ], [ 13.8396, 52.88044 ], [ 13.83962, 52.88043 ], [ 13.83961, 52.8804 ] ] ] } },
{ "type": "Feature", "properties": { "Z_max": 24.5, "id": "405" }, "geometry": { "type": "Polygon", "coordinates": [ [ [ 13.8398, 52.8796 ], [ 13.83979, 52.8796 ], [ 13.83974, 52.87963 ], [ 13.83978, 52.87964 ], [ 13.8398, 52.87964 ], [ 13.83981, 52.87963 ], [ 13.83981, 52.87962 ], [ 13.8398, 52.8796 ] ] ] } },
{ "type": "Feature", "properties": { "Z_max": 15.1, "id": "406" }, "geometry": { "type": "Polygon", "coordinates": [ [ [ 13.8396, 52.88052 ], [ 13.83959, 52.88051 ], [ 13.83958, 52.88051 ], [ 13.83956, 52.88051 ], [ 13.83955, 52.88051 ], [ 13.83951, 52.88051 ], [ 13.83951, 52.88052 ], [ 13.8395, 52.88052 ], [ 13.8395, 52.88054 ], [ 13.83951, 52.88054 ], [ 13.83951, 52.88055 ], [ 13.83955, 52.88055 ], [ 13.83958, 52.88053 ], [ 13.83959, 52.88052 ], [ 13.8396, 52.88052 ] ] ] } },
{ "type": "Feature", "properties": { "Z_max": 25.6, "id": "407" }, "geometry": { "type": "Polygon", "coordinates": [ [ [ 13.83974, 52.88 ], [ 13.83973, 52.88 ], [ 13.83973, 52.88 ], [ 13.8397, 52.87999 ], [ 13.83969, 52.87999 ], [ 13.83969, 52.88001 ], [ 13.83967, 52.88002 ], [ 13.83973, 52.88002 ], [ 13.83974, 52.88002 ], [ 13.83974, 52.88 ] ] ] } },
{ "type": "Feature", "properties": { "Z_max": 25.2, "id": "408" }, "geometry": { "type": "Polygon", "coordinates": [ [ [ 13.83984, 52.8797 ], [ 13.83984, 52.87969 ], [ 13.83978, 52.87967 ], [ 13.83975, 52.87969 ], [ 13.83974, 52.87969 ], [ 13.83974, 52.8797 ], [ 13.83977, 52.87972 ], [ 13.8398, 52.87972 ], [ 13.8398, 52.87972 ], [ 13.83982, 52.87971 ], [ 13.83985, 52.87972 ], [ 13.83984, 52.8797 ] ] ] } },
{ "type": "Feature", "properties": { "Z_max": 22.5, "id": "409" }, "geometry": { "type": "Polygon", "coordinates": [ [ [ 13.83974, 52.88003 ], [ 13.83973, 52.88002 ], [ 13.83966, 52.88002 ], [ 13.83964, 52.88003 ], [ 13.83964, 52.88005 ], [ 13.83965, 52.88005 ], [ 13.83966, 52.88006 ], [ 13.83971, 52.88007 ], [ 13.83974, 52.88005 ], [ 13.83974, 52.88003 ] ] ] } },
{ "type": "Feature", "properties": { "Z_max": 18.8, "id": "410" }, "geometry": { "type": "Polygon", "coordinates": [ [ [ 13.83965, 52.88031 ], [ 13.83964, 52.8803 ], [ 13.83963, 52.88033 ], [ 13.83964, 52.88034 ], [ 13.83965, 52.88033 ], [ 13.83966, 52.88032 ], [ 13.83966, 52.88032 ], [ 13.83965, 52.88031 ] ] ] } },
{ "type": "Feature", "properties": { "Z_max": 16.9, "id": "411" }, "geometry": { "type": "Polygon", "coordinates": [ [ [ 13.83964, 52.88047 ], [ 13.83963, 52.88047 ], [ 13.83963, 52.88047 ], [ 13.83961, 52.88047 ], [ 13.83959, 52.88049 ], [ 13.83959, 52.88051 ], [ 13.83961, 52.88052 ], [ 13.83964, 52.88052 ], [ 13.83966, 52.88051 ], [ 13.83966, 52.88048 ], [ 13.83964, 52.88047 ] ] ] } },
{ "type": "Feature", "properties": { "Z_max": 25.6, "id": "412" }, "geometry": { "type": "Polygon", "coordinates": [ [ [ 13.83986, 52.87965 ], [ 13.83983, 52.87963 ], [ 13.83983, 52.87962 ], [ 13.83979, 52.87964 ], [ 13.83979, 52.87965 ], [ 13.8398, 52.87966 ], [ 13.8398, 52.87968 ], [ 13.83983, 52.87969 ], [ 13.83984, 52.87969 ], [ 13.83986, 52.87966 ], [ 13.83986, 52.87965 ] ] ] } },
{ "type": "Feature", "properties": { "Z_max": 18.6, "id": "413" }, "geometry": { "type": "Polygon", "coordinates": [ [ [ 13.83967, 52.88042 ], [ 13.83965, 52.8804 ], [ 13.83962, 52.8804 ], [ 13.83962, 52.88041 ], [ 13.83962, 52.88043 ], [ 13.8396, 52.88044 ], [ 13.8396, 52.88046 ], [ 13.83964, 52.88046 ], [ 13.83967, 52.88043 ], [ 13.83967, 52.88042 ] ] ] } },
{ "type": "Feature", "properties": { "Z_max": 25.4, "id": "414" }, "geometry": { "type": "Polygon", "coordinates": [ [ [ 13.83983, 52.87974 ], [ 13.83982, 52.87972 ], [ 13.83981, 52.87972 ], [ 13.8398, 52.87972 ], [ 13.83979, 52.87973 ], [ 13.83978, 52.87973 ], [ 13.83977, 52.87974 ], [ 13.83977, 52.87975 ], [ 13.83977, 52.87975 ], [ 13.8398, 52.87975 ], [ 13.8398, 52.87977 ], [ 13.8398, 52.87977 ], [ 13.83984, 52.87975 ], [ 13.83983, 52.87974 ] ] ] } },
{ "type": "Feature", "properties": { "Z_max": 14.8, "id": "415" }, "geometry": { "type": "Polygon", "coordinates": [ [ [ 13.83959, 52.88072 ], [ 13.83958, 52.88071 ], [ 13.83952, 52.88071 ], [ 13.83952, 52.88072 ], [ 13.83952, 52.88073 ], [ 13.83953, 52.88073 ], [ 13.83954, 52.88074 ], [ 13.83953, 52.88075 ], [ 13.83959, 52.88075 ], [ 13.83959, 52.88072 ] ] ] } },
{ "type": "Feature", "properties": { "Z_max": 25.4, "id": "416" }, "geometry": { "type": "Polygon", "coordinates": [ [ [ 13.83973, 52.88023 ], [ 13.8397, 52.88021 ], [ 13.83967, 52.88021 ], [ 13.83967, 52.88022 ], [ 13.83965, 52.88023 ], [ 13.83965, 52.88026 ], [ 13.83967, 52.88027 ], [ 13.83971, 52.88027 ], [ 13.83972, 52.88027 ], [ 13.83973, 52.88023 ] ] ] } },
{ "type": "Feature", "properties": { "Z_max": 26.2, "id": "417" }, "geometry": { "type": "Polygon", "coordinates": [ [ [ 13.83986, 52.87958 ], [ 13.83983, 52.87957 ], [ 13.83981, 52.8796 ], [ 13.83983, 52.87962 ], [ 13.83986, 52.87963 ], [ 13.83986, 52.87962 ], [ 13.83987, 52.87962 ], [ 13.83988, 52.87959 ], [ 13.83986, 52.87958 ] ] ] } },
{ "type": "Feature", "properties": { "Z_max": 16.0, "id": "418" }, "geometry": { "type": "Polygon", "coordinates": [ [ [ 13.83969, 52.88033 ], [ 13.83966, 52.88033 ], [ 13.83967, 52.88033 ], [ 13.83969, 52.88033 ], [ 13.83969, 52.88033 ] ] ] } },
{ "type": "Feature", "properties": { "Z_max": 23.7, "id": "419" }, "geometry": { "type": "Polygon", "coordinates": [ [ [ 13.83984, 52.87979 ], [ 13.83982, 52.87978 ], [ 13.8398, 52.87978 ], [ 13.83978, 52.87978 ], [ 13.83977, 52.87979 ], [ 13.83977, 52.87981 ], [ 13.83978, 52.87981 ], [ 13.8398, 52.87981 ], [ 13.83982, 52.87982 ], [ 13.83984, 52.87979 ] ] ] } },
{ "type": "Feature", "properties": { "Z_max": 26.0, "id": "420" }, "geometry": { "type": "Polygon", "coordinates": [ [ [ 13.83991, 52.87953 ], [ 13.83989, 52.87952 ], [ 13.83986, 52.87952 ], [ 13.83983, 52.87953 ], [ 13.83983, 52.87955 ], [ 13.83982, 52.87955 ], [ 13.83982, 52.87956 ], [ 13.83986, 52.87958 ], [ 13.83989, 52.87958 ], [ 13.83992, 52.87956 ], [ 13.83992, 52.87955 ], [ 13.83991, 52.87953 ] ] ] } },
{ "type": "Feature", "properties": { "Z_max": 25.7, "id": "421" }, "geometry": { "type": "Polygon", "coordinates": [ [ [ 13.83984, 52.87983 ], [ 13.83982, 52.87982 ], [ 13.83981, 52.87982 ], [ 13.83977, 52.87982 ], [ 13.83974, 52.87983 ], [ 13.83974, 52.87987 ], [ 13.83982, 52.87987 ], [ 13.83984, 52.87984 ], [ 13.83984, 52.87983 ] ] ] } },
{ "type": "Feature", "properties": { "Z_max": 24.1, "id": "422" }, "geometry": { "type": "Polygon", "coordinates": [ [ [ 13.83982, 52.87987 ], [ 13.83974, 52.87987 ], [ 13.83973, 52.87988 ], [ 13.83972, 52.87988 ], [ 13.83971, 52.87989 ], [ 13.83971, 52.8799 ], [ 13.83972, 52.8799 ], [ 13.83976, 52.87994 ], [ 13.8398, 52.87994 ], [ 13.83981, 52.87993 ], [ 13.83986, 52.87993 ], [ 13.83988, 52.87992 ], [ 13.83988, 52.87991 ], [ 13.83985, 52.87988 ], [ 13.83982, 52.87987 ] ] ] } },
{ "type": "Feature", "properties": { "Z_max": 23.7, "id": "423" }, "geometry": { "type": "Polygon", "coordinates": [ [ [ 13.83987, 52.87976 ], [ 13.83983, 52.87975 ], [ 13.8398, 52.87978 ], [ 13.83986, 52.8798 ], [ 13.83987, 52.87979 ], [ 13.83987, 52.87976 ] ] ] } },
{ "type": "Feature", "properties": { "Z_max": 18.6, "id": "424" }, "geometry": { "type": "Polygon", "coordinates": [ [ [ 13.83964, 52.88064 ], [ 13.83964, 52.88062 ], [ 13.8396, 52.88061 ], [ 13.83958, 52.88061 ], [ 13.83958, 52.88063 ], [ 13.83955, 52.88063 ], [ 13.83954, 52.88064 ], [ 13.83954, 52.88067 ], [ 13.83957, 52.88068 ], [ 13.83965, 52.88068 ], [ 13.83965, 52.88067 ], [ 13.83966, 52.88067 ], [ 13.83967, 52.88067 ], [ 13.83966, 52.88066 ], [ 13.83964, 52.88064 ] ] ] } },
{ "type": "Feature", "properties": { "Z_max": 25.8, "id": "425" }, "geometry": { "type": "Polygon", "coordinates": [ [ [ 13.83993, 52.87962 ], [ 13.83991, 52.87962 ], [ 13.83988, 52.87961 ], [ 13.83983, 52.87963 ], [ 13.83983, 52.87964 ], [ 13.83986, 52.87965 ], [ 13.83988, 52.87965 ], [ 13.8399, 52.87964 ], [ 13.83991, 52.87964 ], [ 13.83992, 52.87963 ], [ 13.83993, 52.87963 ], [ 13.83993, 52.87962 ] ] ] } },
{ "type": "Feature", "properties": { "Z_max": 15.1, "id": "426" }, "geometry": { "type": "Polygon", "coordinates": [ [ [ 13.83966, 52.88056 ], [ 13.83964, 52.88056 ], [ 13.83964, 52.88059 ], [ 13.83965, 52.88059 ], [ 13.83966, 52.88056 ] ] ] } },
{ "type": "Feature", "properties": { "Z_max": 17.3, "id": "427" }, "geometry": { "type": "Polygon", "coordinates": [ [ [ 13.83975, 52.88041 ], [ 13.83974, 52.88041 ], [ 13.83974, 52.88039 ], [ 13.83975, 52.88038 ], [ 13.83975, 52.88038 ], [ 13.83972, 52.88035 ], [ 13.83969, 52.88035 ], [ 13.83965, 52.88039 ], [ 13.83963, 52.88039 ], [ 13.83963, 52.8804 ], [ 13.83968, 52.88042 ], [ 13.83971, 52.88043 ], [ 13.83971, 52.88043 ], [ 13.83973, 52.88043 ], [ 13.83975, 52.88042 ], [ 13.83975, 52.88041 ] ] ] } },
{ "type": "Feature", "properties": { "Z_max": 24.5, "id": "428" }, "geometry": { "type": "Polygon", "coordinates": [ [ [ 13.83973, 52.88013 ], [ 13.83972, 52.88014 ], [ 13.83971, 52.88014 ], [ 13.8397, 52.88015 ], [ 13.8397, 52.88017 ], [ 13.83971, 52.88017 ], [ 13.83974, 52.88017 ], [ 13.83974, 52.88018 ], [ 13.83977, 52.88018 ], [ 13.83979, 52.88016 ], [ 13.83976, 52.88013 ], [ 13.83973, 52.88013 ] ] ] } },
{ "type": "Feature", "properties": { "Z_max": 26.2, "id": "429" }, "geometry": { "type": "Polygon", "coordinates": [ [ [ 13.83989, 52.87965 ], [ 13.83989, 52.87965 ], [ 13.83987, 52.87965 ], [ 13.83984, 52.87967 ], [ 13.83984, 52.87968 ], [ 13.83985, 52.87969 ], [ 13.8399, 52.87969 ], [ 13.83991, 52.87968 ], [ 13.83992, 52.87968 ], [ 13.83992, 52.87965 ], [ 13.83989, 52.87965 ] ] ] } },
{ "type": "Feature", "properties": { "Z_max": 23.0, "id": "430" }, "geometry": { "type": "Polygon", "coordinates": [ [ [ 13.83985, 52.87994 ], [ 13.83983, 52.87994 ], [ 13.83982, 52.87993 ], [ 13.83981, 52.87993 ], [ 13.8398, 52.87994 ], [ 13.83976, 52.87994 ], [ 13.83976, 52.87996 ], [ 13.83979, 52.87999 ], [ 13.83982, 52.88 ], [ 13.83982, 52.87998 ], [ 13.83985, 52.87996 ], [ 13.83985, 52.87994 ] ] ] } },
{ "type": "Feature", "properties": { "Z_max": 26.1, "id": "431" }, "geometry": { "type": "Polygon", "coordinates": [ [ [ 13.83994, 52.87955 ], [ 13.83992, 52.87955 ], [ 13.83989, 52.87957 ], [ 13.83989, 52.87959 ], [ 13.83988, 52.87958 ], [ 13.83988, 52.87959 ], [ 13.83989, 52.87959 ], [ 13.83991, 52.8796 ], [ 13.83991, 52.87962 ], [ 13.83995, 52.87962 ], [ 13.83996, 52.87961 ], [ 13.83996, 52.87961 ], [ 13.83997, 52.87956 ], [ 13.83994, 52.87955 ] ] ] } },
{ "type": "Feature", "properties": { "Z_max": 18.0, "id": "432" }, "geometry": { "type": "Polygon", "coordinates": [ [ [ 13.83976, 52.8803 ], [ 13.83973, 52.8803 ], [ 13.83973, 52.88031 ], [ 13.83972, 52.88031 ], [ 13.8397, 52.88031 ], [ 13.83969, 52.88033 ], [ 13.83971, 52.88033 ], [ 13.83975, 52.88034 ], [ 13.83977, 52.88032 ], [ 13.83976, 52.8803 ] ] ] } },
{ "type": "Feature", "properties": { "Z_max": 16.8, "id": "433" }, "geometry": { "type": "Polygon", "coordinates": [ [ [ 13.83972, 52.88053 ], [ 13.83967, 52.88053 ], [ 13.83966, 52.88054 ], [ 13.83966, 52.88057 ], [ 13.83971, 52.88057 ], [ 13.83972, 52.88053 ] ] ] } },
{ "type": "Feature", "properties": { "Z_max": 25.4, "id": "434" }, "geometry": { "type": "Polygon", "coordinates": [ [ [ 13.83989, 52.87975 ], [ 13.83988, 52.87976 ], [ 13.83987, 52.87975 ], [ 13.83987, 52.87979 ], [ 13.83989, 52.87979 ], [ 13.83991, 52.87978 ], [ 13.83991, 52.87976 ], [ 13.83989, 52.87975 ] ] ] } },
{ "type": "Feature", "properties": { "Z_max": 28.3, "id": "435" }, "geometry": { "type": "Polygon", "coordinates": [ [ [ 13.83994, 52.8797 ], [ 13.83993, 52.8797 ], [ 13.83993, 52.87969 ], [ 13.83993, 52.87969 ], [ 13.83992, 52.87968 ], [ 13.8399, 52.87968 ], [ 13.8399, 52.87969 ], [ 13.83985, 52.87969 ], [ 13.83984, 52.87971 ], [ 13.83986, 52.87972 ], [ 13.83987, 52.87973 ], [ 13.8399, 52.87973 ], [ 13.83992, 52.87973 ], [ 13.83992, 52.87974 ], [ 13.83993, 52.87974 ], [ 13.83996, 52.87972 ], [ 13.83994, 52.8797 ] ] ] } },
{ "type": "Feature", "properties": { "Z_max": 16.5, "id": "436" }, "geometry": { "type": "Polygon", "coordinates": [ [ [ 13.83968, 52.88058 ], [ 13.83966, 52.88058 ], [ 13.83966, 52.8806 ], [ 13.83968, 52.88059 ], [ 13.83968, 52.88058 ] ] ] } },
{ "type": "Feature", "properties": { "Z_max": 23.4, "id": "437" }, "geometry": { "type": "Polygon", "coordinates": [ [ [ 13.8399, 52.87984 ], [ 13.83987, 52.87983 ], [ 13.83986, 52.87984 ], [ 13.83984, 52.87984 ], [ 13.83983, 52.87986 ], [ 13.83983, 52.87988 ], [ 13.83985, 52.87988 ], [ 13.83988, 52.87987 ], [ 13.8399, 52.87987 ], [ 13.83991, 52.87985 ], [ 13.8399, 52.87984 ] ] ] } },
{ "type": "Feature", "properties": { "Z_max": 27.6, "id": "438" }, "geometry": { "type": "Polygon", "coordinates": [ [ [ 13.83985, 52.8802 ], [ 13.83979, 52.88018 ], [ 13.83977, 52.88018 ], [ 13.83976, 52.88019 ], [ 13.83975, 52.88024 ], [ 13.83978, 52.88023 ], [ 13.8398, 52.88024 ], [ 13.83981, 52.88024 ], [ 13.83982, 52.88023 ], [ 13.83984, 52.88023 ], [ 13.83984, 52.88021 ], [ 13.83986, 52.88021 ], [ 13.83986, 52.8802 ], [ 13.83985, 52.8802 ] ] ] } },
{ "type": "Feature", "properties": { "Z_max": 22.3, "id": "439" }, "geometry": { "type": "Polygon", "coordinates": [ [ [ 13.83986, 52.87996 ], [ 13.83985, 52.87996 ], [ 13.83982, 52.87998 ], [ 13.83982, 52.87999 ], [ 13.83983, 52.87999 ], [ 13.83984, 52.88 ], [ 13.83985, 52.88 ], [ 13.83987, 52.88003 ], [ 13.83989, 52.88003 ], [ 13.83989, 52.88003 ], [ 13.83989, 52.87999 ], [ 13.83986, 52.87996 ] ] ] } },
{ "type": "Feature", "properties": { "Z_max": 15.8, "id": "440" }, "geometry": { "type": "Polygon", "coordinates": [ [ [ 13.83971, 52.88061 ], [ 13.8397, 52.88057 ], [ 13.83966, 52.88057 ], [ 13.83966, 52.88058 ], [ 13.83964, 52.88062 ], [ 13.83964, 52.88063 ], [ 13.83966, 52.88063 ], [ 13.83969, 52.88064 ], [ 13.83969, 52.88064 ], [ 13.8397, 52.88064 ], [ 13.8397, 52.88063 ], [ 13.83971, 52.88063 ], [ 13.83971, 52.88061 ], [ 13.83971, 52.88061 ] ] ] } },
{ "type": "Feature", "properties": { "Z_max": 13.7, "id": "441" }, "geometry": { "type": "Polygon", "coordinates": [ [ [ 13.8397, 52.88071 ], [ 13.83964, 52.8807 ], [ 13.83964, 52.88073 ], [ 13.83967, 52.88073 ], [ 13.83967, 52.88074 ], [ 13.83968, 52.88074 ], [ 13.83969, 52.88074 ], [ 13.8397, 52.88071 ] ] ] } },
{ "type": "Feature", "properties": { "Z_max": 14.2, "id": "442" }, "geometry": { "type": "Polygon", "coordinates": [ [ [ 13.83967, 52.88063 ], [ 13.83964, 52.88063 ], [ 13.83964, 52.88065 ], [ 13.83965, 52.88065 ], [ 13.83966, 52.88066 ], [ 13.83968, 52.88066 ], [ 13.8397, 52.88064 ], [ 13.83967, 52.88063 ] ] ] } },
{ "type": "Feature", "properties": { "Z_max": 16.4, "id": "443" }, "geometry": { "type": "Polygon", "coordinates": [ [ [ 13.8397, 52.88067 ], [ 13.8397, 52.88065 ], [ 13.83969, 52.88065 ], [ 13.83966, 52.88067 ], [ 13.83966, 52.88068 ], [ 13.83964, 52.88069 ], [ 13.83964, 52.8807 ], [ 13.83969, 52.8807 ], [ 13.8397, 52.88071 ], [ 13.83971, 52.88071 ], [ 13.83971, 52.88071 ], [ 13.83972, 52.88069 ], [ 13.83974, 52.88069 ], [ 13.83973, 52.88068 ], [ 13.8397, 52.88067 ] ] ] } },
{ "type": "Feature", "properties": { "Z_max": 14.1, "id": "444" }, "geometry": { "type": "Polygon", "coordinates": [ [ [ 13.83975, 52.88048 ], [ 13.83973, 52.88048 ], [ 13.83974, 52.88049 ], [ 13.83975, 52.88049 ], [ 13.83975, 52.88048 ] ] ] } },
{ "type": "Feature", "properties": { "Z_max": 17.5, "id": "445" }, "geometry": { "type": "Polygon", "coordinates": [ [ [ 13.83979, 52.8803 ], [ 13.83977, 52.8803 ], [ 13.83977, 52.88031 ], [ 13.83974, 52.88034 ], [ 13.83971, 52.88034 ], [ 13.83971, 52.88035 ], [ 13.83973, 52.88036 ], [ 13.83977, 52.88036 ], [ 13.83982, 52.88035 ], [ 13.83983, 52.88032 ], [ 13.83979, 52.8803 ] ] ] } },
{ "type": "Feature", "properties": { "Z_max": 23.9, "id": "446" }, "geometry": { "type": "Polygon", "coordinates": [ [ [ 13.83997, 52.87977 ], [ 13.83995, 52.87975 ], [ 13.83994, 52.87975 ], [ 13.83989, 52.87979 ], [ 13.83988, 52.87979 ], [ 13.83987, 52.8798 ], [ 13.83991, 52.87981 ], [ 13.83995, 52.87981 ], [ 13.83997, 52.8798 ], [ 13.83997, 52.87977 ] ] ] } },
{ "type": "Feature", "properties": { "Z_max": 16.0, "id": "447" }, "geometry": { "type": "Polygon", "coordinates": [ [ [ 13.83974, 52.88057 ], [ 13.8397, 52.88057 ], [ 13.8397, 52.88061 ], [ 13.83971, 52.8806 ], [ 13.83972, 52.88061 ], [ 13.83972, 52.88063 ], [ 13.83973, 52.88063 ], [ 13.83973, 52.88061 ], [ 13.83974, 52.88061 ], [ 13.83975, 52.88058 ], [ 13.83974, 52.88057 ] ] ] } },
{ "type": "Feature", "properties": { "Z_max": 16.2, "id": "448" }, "geometry": { "type": "Polygon", "coordinates": [ [ [ 13.83984, 52.88024 ], [ 13.83984, 52.88023 ], [ 13.83982, 52.88023 ], [ 13.83979, 52.88024 ], [ 13.83976, 52.88024 ], [ 13.83976, 52.88025 ], [ 13.83979, 52.88025 ], [ 13.8398, 52.88026 ], [ 13.8398, 52.88028 ], [ 13.83981, 52.88029 ], [ 13.83983, 52.88029 ], [ 13.83984, 52.88028 ], [ 13.83984, 52.88028 ], [ 13.83984, 52.88024 ] ] ] } },
{ "type": "Feature", "properties": { "Z_max": 26.9, "id": "449" }, "geometry": { "type": "Polygon", "coordinates": [ [ [ 13.83989, 52.88007 ], [ 13.83987, 52.88007 ], [ 13.83985, 52.88007 ], [ 13.83981, 52.88009 ], [ 13.83979, 52.88009 ], [ 13.83979, 52.88009 ], [ 13.8398, 52.88009 ], [ 13.8398, 52.8801 ], [ 13.83982, 52.8801 ], [ 13.83982, 52.88011 ], [ 13.83985, 52.88013 ], [ 13.83986, 52.88013 ], [ 13.83987, 52.8801 ], [ 13.83989, 52.88009 ], [ 13.83989, 52.88007 ] ] ] } },
{ "type": "Feature", "properties": { "Z_max": 28.5, "id": "450" }, "geometry": { "type": "Polygon", "coordinates": [ [ [ 13.84002, 52.87962 ], [ 13.84, 52.87962 ], [ 13.83999, 52.87961 ], [ 13.83995, 52.87961 ], [ 13.83992, 52.87964 ], [ 13.83997, 52.87966 ], [ 13.84, 52.87966 ], [ 13.84001, 52.87965 ], [ 13.84002, 52.87965 ], [ 13.84002, 52.87962 ] ] ] } },
{ "type": "Feature", "properties": { "Z_max": 26.4, "id": "451" }, "geometry": { "type": "Polygon", "coordinates": [ [ [ 13.83994, 52.87996 ], [ 13.83991, 52.87993 ], [ 13.83991, 52.87992 ], [ 13.83989, 52.87992 ], [ 13.83985, 52.87993 ], [ 13.83985, 52.87996 ], [ 13.83986, 52.87996 ], [ 13.83987, 52.87998 ], [ 13.83988, 52.87998 ], [ 13.83988, 52.87998 ], [ 13.83989, 52.87999 ], [ 13.8399, 52.88004 ], [ 13.83992, 52.88004 ], [ 13.83994, 52.88003 ], [ 13.83994, 52.87996 ] ] ] } },
{ "type": "Feature", "properties": { "Z_max": 26.6, "id": "452" }, "geometry": { "type": "Polygon", "coordinates": [ [ [ 13.84002, 52.87957 ], [ 13.84001, 52.87956 ], [ 13.83997, 52.87956 ], [ 13.83997, 52.87961 ], [ 13.83998, 52.87961 ], [ 13.84, 52.87962 ], [ 13.84002, 52.87962 ], [ 13.84002, 52.87957 ] ] ] } },
{ "type": "Feature", "properties": { "Z_max": 15.3, "id": "453" }, "geometry": { "type": "Polygon", "coordinates": [ [ [ 13.83978, 52.88052 ], [ 13.83976, 52.88052 ], [ 13.83975, 52.88053 ], [ 13.83975, 52.88053 ], [ 13.83977, 52.88053 ], [ 13.83978, 52.88052 ] ] ] } },
{ "type": "Feature", "properties": { "Z_max": 23.4, "id": "454" }, "geometry": { "type": "Polygon", "coordinates": [ [ [ 13.84001, 52.87968 ], [ 13.84001, 52.87966 ], [ 13.83997, 52.87966 ], [ 13.83996, 52.87967 ], [ 13.83998, 52.87968 ], [ 13.83998, 52.87971 ], [ 13.83999, 52.87971 ], [ 13.83999, 52.8797 ], [ 13.84001, 52.87968 ] ] ] } },
{ "type": "Feature", "properties": { "Z_max": 24.4, "id": "455" }, "geometry": { "type": "Polygon", "coordinates": [ [ [ 13.84009, 52.87953 ], [ 13.84008, 52.87953 ], [ 13.84007, 52.87952 ], [ 13.84006, 52.87952 ], [ 13.84004, 52.87952 ], [ 13.84004, 52.87951 ], [ 13.84001, 52.87952 ], [ 13.83998, 52.87954 ], [ 13.83997, 52.87954 ], [ 13.83997, 52.87956 ], [ 13.84002, 52.87956 ], [ 13.84004, 52.87957 ], [ 13.84007, 52.87956 ], [ 13.84008, 52.87955 ], [ 13.84009, 52.87954 ], [ 13.8401, 52.87954 ], [ 13.8401, 52.87954 ], [ 13.84009, 52.87953 ] ] ] } },
{ "type": "Feature", "properties": { "Z_max": 14.5, "id": "456" }, "geometry": { "type": "Polygon", "coordinates": [ [ [ 13.83977, 52.88065 ], [ 13.8397, 52.88065 ], [ 13.8397, 52.88067 ], [ 13.83973, 52.88069 ], [ 13.83977, 52.88068 ], [ 13.83978, 52.88068 ], [ 13.83979, 52.88067 ], [ 13.83979, 52.88066 ], [ 13.83977, 52.88065 ] ] ] } },
{ "type": "Feature", "properties": { "Z_max": 15.4, "id": "457" }, "geometry": { "type": "Polygon", "coordinates": [ [ [ 13.83979, 52.88058 ], [ 13.83979, 52.88057 ], [ 13.83978, 52.88057 ], [ 13.83975, 52.88057 ], [ 13.83975, 52.8806 ], [ 13.83974, 52.88061 ], [ 13.83973, 52.88061 ], [ 13.83973, 52.88062 ], [ 13.83976, 52.88063 ], [ 13.83976, 52.88063 ], [ 13.8398, 52.88063 ], [ 13.8398, 52.88063 ], [ 13.83982, 52.88062 ], [ 13.83982, 52.88061 ], [ 13.83979, 52.88058 ] ] ] } },
{ "type": "Feature", "properties": { "Z_max": 15.8, "id": "458" }, "geometry": { "type": "Polygon", "coordinates": [ [ [ 13.83987, 52.88028 ], [ 13.83986, 52.88028 ], [ 13.83986, 52.88027 ], [ 13.83985, 52.88027 ], [ 13.83984, 52.88028 ], [ 13.83983, 52.88028 ], [ 13.83983, 52.8803 ], [ 13.83984, 52.8803 ], [ 13.83984, 52.88031 ], [ 13.83985, 52.88031 ], [ 13.83987, 52.88029 ], [ 13.83987, 52.88028 ] ] ] } },
{ "type": "Feature", "properties": { "Z_max": 25.7, "id": "459" }, "geometry": { "type": "Polygon", "coordinates": [ [ [ 13.84002, 52.87971 ], [ 13.83997, 52.87971 ], [ 13.83993, 52.87973 ], [ 13.83993, 52.87975 ], [ 13.83996, 52.87977 ], [ 13.83999, 52.87977 ], [ 13.84002, 52.87974 ], [ 13.84002, 52.87971 ] ] ] } },
{ "type": "Feature", "properties": { "Z_max": 16.6, "id": "460" }, "geometry": { "type": "Polygon", "coordinates": [ [ [ 13.83993, 52.88019 ], [ 13.83988, 52.88022 ], [ 13.83988, 52.88023 ], [ 13.83987, 52.88024 ], [ 13.83986, 52.88024 ], [ 13.83986, 52.88025 ], [ 13.83984, 52.88026 ], [ 13.83987, 52.88027 ], [ 13.83995, 52.88027 ], [ 13.83998, 52.88026 ], [ 13.83998, 52.88025 ], [ 13.83999, 52.88025 ], [ 13.83999, 52.88023 ], [ 13.83993, 52.88019 ] ] ] } },
{ "type": "Feature", "properties": { "Z_max": 16.3, "id": "461" }, "geometry": { "type": "Polygon", "coordinates": [ [ [ 13.83985, 52.88049 ], [ 13.83985, 52.88048 ], [ 13.83987, 52.88048 ], [ 13.83987, 52.88047 ], [ 13.83985, 52.88047 ], [ 13.83985, 52.88046 ], [ 13.83984, 52.88045 ], [ 13.83983, 52.88046 ], [ 13.83981, 52.88046 ], [ 13.83981, 52.88047 ], [ 13.83979, 52.88047 ], [ 13.83977, 52.8805 ], [ 13.83975, 52.88051 ], [ 13.83974, 52.88052 ], [ 13.83973, 52.88052 ], [ 13.83973, 52.88052 ], [ 13.83976, 52.88052 ], [ 13.83976, 52.88052 ], [ 13.83985, 52.88049 ] ] ] } },
{ "type": "Feature", "properties": { "Z_max": 23.3, "id": "462" }, "geometry": { "type": "Polygon", "coordinates": [ [ [ 13.84005, 52.87968 ], [ 13.84004, 52.87969 ], [ 13.84001, 52.87967 ], [ 13.83999, 52.87969 ], [ 13.83999, 52.87971 ], [ 13.84003, 52.87971 ], [ 13.84005, 52.8797 ], [ 13.84005, 52.87968 ] ] ] } },
{ "type": "Feature", "properties": { "Z_max": 23.9, "id": "463" }, "geometry": { "type": "Polygon", "coordinates": [ [ [ 13.84001, 52.87984 ], [ 13.84, 52.87984 ], [ 13.84, 52.87983 ], [ 13.83999, 52.87983 ], [ 13.83996, 52.87985 ], [ 13.83997, 52.87985 ], [ 13.83997, 52.87987 ], [ 13.83998, 52.87987 ], [ 13.84, 52.87987 ], [ 13.84002, 52.87986 ], [ 13.84003, 52.87986 ], [ 13.84001, 52.87984 ] ] ] } },
{ "type": "Feature", "properties": { "Z_max": 14.2, "id": "464" }, "geometry": { "type": "Polygon", "coordinates": [ [ [ 13.83984, 52.88045 ], [ 13.83982, 52.88045 ], [ 13.83983, 52.88046 ], [ 13.83984, 52.88046 ], [ 13.83984, 52.88045 ] ] ] } },
{ "type": "Feature", "properties": { "Z_max": 25.3, "id": "465" }, "geometry": { "type": "Polygon", "coordinates": [ [ [ 13.8401, 52.87959 ], [ 13.84009, 52.87959 ], [ 13.84008, 52.87956 ], [ 13.84006, 52.87956 ], [ 13.84005, 52.87957 ], [ 13.84004, 52.87957 ], [ 13.84004, 52.87957 ], [ 13.84002, 52.87958 ], [ 13.84002, 52.8796 ], [ 13.84005, 52.8796 ], [ 13.84008, 52.87961 ], [ 13.8401, 52.8796 ], [ 13.8401, 52.87959 ] ] ] } },
{ "type": "Feature", "properties": { "Z_max": 25.2, "id": "466" }, "geometry": { "type": "Polygon", "coordinates": [ [ [ 13.84005, 52.87962 ], [ 13.84003, 52.87962 ], [ 13.84002, 52.87962 ], [ 13.84002, 52.87964 ], [ 13.84002, 52.87965 ], [ 13.84001, 52.87965 ], [ 13.84001, 52.87966 ], [ 13.84007, 52.87966 ], [ 13.84008, 52.87966 ], [ 13.84008, 52.87965 ], [ 13.84005, 52.87962 ] ] ] } },
{ "type": "Feature", "properties": { "Z_max": 25.1, "id": "467" }, "geometry": { "type": "Polygon", "coordinates": [ [ [ 13.84008, 52.87973 ], [ 13.84008, 52.87971 ], [ 13.84005, 52.87971 ], [ 13.84005, 52.87972 ], [ 13.84002, 52.87972 ], [ 13.84002, 52.87974 ], [ 13.84006, 52.87974 ], [ 13.84007, 52.87974 ], [ 13.84008, 52.87974 ], [ 13.84009, 52.87973 ], [ 13.84008, 52.87973 ] ] ] } },
{ "type": "Feature", "properties": { "Z_max": 25.7, "id": "468" }, "geometry": { "type": "Polygon", "coordinates": [ [ [ 13.84003, 52.87991 ], [ 13.84004, 52.87989 ], [ 13.84005, 52.87989 ], [ 13.84003, 52.87988 ], [ 13.84003, 52.87986 ], [ 13.84001, 52.87987 ], [ 13.84, 52.87986 ], [ 13.83994, 52.8799 ], [ 13.83993, 52.8799 ], [ 13.83993, 52.87991 ], [ 13.83997, 52.87992 ], [ 13.84002, 52.87993 ], [ 13.84003, 52.87992 ], [ 13.84003, 52.87991 ] ] ] } },
{ "type": "Feature", "properties": { "Z_max": 26.6, "id": "469" }, "geometry": { "type": "Polygon", "coordinates": [ [ [ 13.84003, 52.87977 ], [ 13.83998, 52.87977 ], [ 13.83997, 52.87979 ], [ 13.83996, 52.87981 ], [ 13.83999, 52.87981 ], [ 13.84002, 52.87983 ], [ 13.84005, 52.87982 ], [ 13.84005, 52.87981 ], [ 13.84006, 52.87981 ], [ 13.84006, 52.87979 ], [ 13.84003, 52.87977 ] ] ] } },
{ "type": "Feature", "properties": { "Z_max": 14.2, "id": "470" }, "geometry": { "type": "Polygon", "coordinates": [ [ [ 13.83992, 52.88051 ], [ 13.8399, 52.88051 ], [ 13.83989, 52.8805 ], [ 13.83988, 52.8805 ], [ 13.83986, 52.8805 ], [ 13.83984, 52.88051 ], [ 13.83984, 52.88054 ], [ 13.83983, 52.88055 ], [ 13.8398, 52.88054 ], [ 13.83979, 52.88055 ], [ 13.83986, 52.88055 ], [ 13.83987, 52.88054 ], [ 13.83993, 52.88053 ], [ 13.83992, 52.88051 ] ] ] } },
{ "type": "Feature", "properties": { "Z_max": 18.7, "id": "471" }, "geometry": { "type": "Polygon", "coordinates": [ [ [ 13.83994, 52.8803 ], [ 13.83992, 52.88031 ], [ 13.8399, 52.88031 ], [ 13.8399, 52.88032 ], [ 13.83993, 52.88033 ], [ 13.83994, 52.88032 ], [ 13.83994, 52.8803 ] ] ] } },
{ "type": "Feature", "properties": { "Z_max": 25.3, "id": "472" }, "geometry": { "type": "Polygon", "coordinates": [ [ [ 13.84009, 52.87966 ], [ 13.84007, 52.87966 ], [ 13.84006, 52.87967 ], [ 13.84005, 52.87967 ], [ 13.84005, 52.87968 ], [ 13.84009, 52.87968 ], [ 13.8401, 52.87967 ], [ 13.84011, 52.87967 ], [ 13.84011, 52.87967 ], [ 13.84009, 52.87966 ] ] ] } },
{ "type": "Feature", "properties": { "Z_max": 14.6, "id": "473" }, "geometry": { "type": "Polygon", "coordinates": [ [ [ 13.83983, 52.88072 ], [ 13.83982, 52.88072 ], [ 13.83976, 52.88071 ], [ 13.83975, 52.88071 ], [ 13.83974, 52.88072 ], [ 13.83975, 52.88072 ], [ 13.83976, 52.88073 ], [ 13.83981, 52.88075 ], [ 13.83983, 52.88075 ], [ 13.83983, 52.88072 ] ] ] } },
{ "type": "Feature", "properties": { "Z_max": 24.7, "id": "474" }, "geometry": { "type": "Polygon", "coordinates": [ [ [ 13.84016, 52.87957 ], [ 13.84016, 52.87956 ], [ 13.84013, 52.87954 ], [ 13.8401, 52.87954 ], [ 13.8401, 52.87955 ], [ 13.84009, 52.87955 ], [ 13.84009, 52.87958 ], [ 13.8401, 52.87959 ], [ 13.84012, 52.87959 ], [ 13.84013, 52.87959 ], [ 13.84017, 52.87958 ], [ 13.84017, 52.87957 ], [ 13.84016, 52.87957 ] ] ] } },
{ "type": "Feature", "properties": { "Z_max": 25.9, "id": "475" }, "geometry": { "type": "Polygon", "coordinates": [ [ [ 13.84008, 52.87983 ], [ 13.84009, 52.87983 ], [ 13.84005, 52.87981 ], [ 13.84004, 52.87982 ], [ 13.84002, 52.87983 ], [ 13.84002, 52.87984 ], [ 13.84003, 52.87984 ], [ 13.84003, 52.87986 ], [ 13.84004, 52.87986 ], [ 13.84006, 52.87986 ], [ 13.84007, 52.87985 ], [ 13.84009, 52.87984 ], [ 13.84008, 52.87983 ] ] ] } },
{ "type": "Feature", "properties": { "Z_max": 25.9, "id": "476" }, "geometry": { "type": "Polygon", "coordinates": [ [ [ 13.84009, 52.87975 ], [ 13.84009, 52.87974 ], [ 13.84007, 52.87974 ], [ 13.84005, 52.87975 ], [ 13.84005, 52.87977 ], [ 13.84003, 52.87978 ], [ 13.84005, 52.87979 ], [ 13.84007, 52.87979 ], [ 13.84008, 52.87979 ], [ 13.84009, 52.87978 ], [ 13.84009, 52.87978 ], [ 13.84009, 52.87975 ] ] ] } },
{ "type": "Feature", "properties": { "Z_max": 25.2, "id": "477" }, "geometry": { "type": "Polygon", "coordinates": [ [ [ 13.84013, 52.87959 ], [ 13.8401, 52.87959 ], [ 13.84009, 52.8796 ], [ 13.84008, 52.87963 ], [ 13.8401, 52.87964 ], [ 13.84012, 52.87964 ], [ 13.84016, 52.87961 ], [ 13.84013, 52.87959 ] ] ] } },
{ "type": "Feature", "properties": { "Z_max": 2.3, "id": "478" }, "geometry": { "type": "Polygon", "coordinates": [ [ [ 13.84005, 52.8799 ], [ 13.84005, 52.8799 ], [ 13.84005, 52.87991 ], [ 13.84006, 52.8799 ], [ 13.84005, 52.8799 ] ] ] } },
{ "type": "Feature", "properties": { "Z_max": 25.2, "id": "479" }, "geometry": { "type": "Polygon", "coordinates": [ [ [ 13.84006, 52.87997 ], [ 13.84004, 52.87995 ], [ 13.84005, 52.87993 ], [ 13.84002, 52.87993 ], [ 13.84001, 52.87994 ], [ 13.84, 52.87993 ], [ 13.83997, 52.87996 ], [ 13.83997, 52.87999 ], [ 13.83998, 52.87999 ], [ 13.84003, 52.88001 ], [ 13.84005, 52.88001 ], [ 13.84006, 52.88 ], [ 13.84006, 52.87997 ] ] ] } },
{ "type": "Feature", "properties": { "Z_max": 14.3, "id": "480" }, "geometry": { "type": "Polygon", "coordinates": [ [ [ 13.83985, 52.88064 ], [ 13.83985, 52.88065 ], [ 13.83986, 52.88065 ], [ 13.83986, 52.88064 ], [ 13.83985, 52.88064 ] ] ] } },
{ "type": "Feature", "properties": { "Z_max": 15.1, "id": "481" }, "geometry": { "type": "Polygon", "coordinates": [ [ [ 13.83992, 52.8805 ], [ 13.83996, 52.88047 ], [ 13.83996, 52.88046 ], [ 13.83994, 52.88045 ], [ 13.83994, 52.88045 ], [ 13.83993, 52.88045 ], [ 13.83992, 52.88044 ], [ 13.8399, 52.88044 ], [ 13.83989, 52.88045 ], [ 13.83985, 52.88046 ], [ 13.83985, 52.88047 ], [ 13.83986, 52.88047 ], [ 13.83988, 52.88047 ], [ 13.83989, 52.88048 ], [ 13.83988, 52.88049 ], [ 13.8399, 52.88051 ], [ 13.83992, 52.88051 ], [ 13.83992, 52.8805 ] ] ] } },
{ "type": "Feature", "properties": { "Z_max": 16.9, "id": "482" }, "geometry": { "type": "Polygon", "coordinates": [ [ [ 13.83996, 52.88039 ], [ 13.83995, 52.88038 ], [ 13.83993, 52.88038 ], [ 13.83993, 52.88039 ], [ 13.83992, 52.88039 ], [ 13.8399, 52.88039 ], [ 13.8399, 52.8804 ], [ 13.83994, 52.8804 ], [ 13.83996, 52.88039 ] ] ] } },
{ "type": "Feature", "properties": { "Z_max": 17.0, "id": "483" }, "geometry": { "type": "Polygon", "coordinates": [ [ [ 13.84002, 52.88031 ], [ 13.84, 52.88031 ], [ 13.84001, 52.88031 ], [ 13.84, 52.8803 ], [ 13.83999, 52.88031 ], [ 13.83999, 52.88032 ], [ 13.83997, 52.88032 ], [ 13.83993, 52.88032 ], [ 13.83992, 52.88033 ], [ 13.83994, 52.88035 ], [ 13.83994, 52.88037 ], [ 13.83997, 52.88036 ], [ 13.83998, 52.88035 ], [ 13.84002, 52.88036 ], [ 13.84002, 52.88031 ] ] ] } },
{ "type": "Feature", "properties": { "Z_max": 15.5, "id": "484" }, "geometry": { "type": "Polygon", "coordinates": [ [ [ 13.83993, 52.88044 ], [ 13.83993, 52.88044 ], [ 13.83994, 52.88044 ], [ 13.83994, 52.88044 ], [ 13.83993, 52.88044 ] ] ] } },
{ "type": "Feature", "properties": { "Z_max": 16.7, "id": "485" }, "geometry": { "type": "Polygon", "coordinates": [ [ [ 13.83992, 52.88058 ], [ 13.83994, 52.88057 ], [ 13.83994, 52.88056 ], [ 13.83991, 52.88053 ], [ 13.83985, 52.88055 ], [ 13.83979, 52.88055 ], [ 13.83979, 52.88057 ], [ 13.83985, 52.88057 ], [ 13.83985, 52.88057 ], [ 13.83987, 52.88057 ], [ 13.83986, 52.88058 ], [ 13.83988, 52.88058 ], [ 13.83988, 52.88059 ], [ 13.83989, 52.88059 ], [ 13.83989, 52.88059 ], [ 13.83989, 52.88061 ], [ 13.8399, 52.88061 ], [ 13.83991, 52.88062 ], [ 13.83991, 52.88061 ], [ 13.83992, 52.8806 ], [ 13.83992, 52.88058 ] ] ] } },
{ "type": "Feature", "properties": { "Z_max": 26.6, "id": "486" }, "geometry": { "type": "Polygon", "coordinates": [ [ [ 13.84016, 52.8798 ], [ 13.84015, 52.87979 ], [ 13.84011, 52.87979 ], [ 13.8401, 52.87978 ], [ 13.84009, 52.87978 ], [ 13.84007, 52.87979 ], [ 13.84007, 52.87982 ], [ 13.8401, 52.87984 ], [ 13.84014, 52.87985 ], [ 13.84014, 52.87982 ], [ 13.84016, 52.87982 ], [ 13.84016, 52.8798 ] ] ] } },
{ "type": "Feature", "properties": { "Z_max": 14.9, "id": "487" }, "geometry": { "type": "Polygon", "coordinates": [ [ [ 13.83999, 52.88031 ], [ 13.83995, 52.88031 ], [ 13.83995, 52.88032 ], [ 13.83995, 52.88032 ], [ 13.83997, 52.88032 ], [ 13.83999, 52.88032 ], [ 13.83999, 52.88031 ] ] ] } },
{ "type": "Feature", "properties": { "Z_max": 27.7, "id": "488" }, "geometry": { "type": "Polygon", "coordinates": [ [ [ 13.84009, 52.87992 ], [ 13.84005, 52.87992 ], [ 13.84004, 52.87996 ], [ 13.84006, 52.88001 ], [ 13.84007, 52.88001 ], [ 13.84007, 52.88 ], [ 13.8401, 52.88 ], [ 13.8401, 52.87997 ], [ 13.84012, 52.87997 ], [ 13.84013, 52.87996 ], [ 13.84009, 52.87992 ] ] ] } },
{ "type": "Feature", "properties": { "Z_max": 27.1, "id": "489" }, "geometry": { "type": "Polygon", "coordinates": [ [ [ 13.84013, 52.87985 ], [ 13.84008, 52.87984 ], [ 13.84003, 52.87986 ], [ 13.84003, 52.87988 ], [ 13.84003, 52.87988 ], [ 13.84005, 52.87988 ], [ 13.84008, 52.87992 ], [ 13.8401, 52.87992 ], [ 13.84012, 52.8799 ], [ 13.84014, 52.87987 ], [ 13.84013, 52.87985 ] ] ] } },
{ "type": "Feature", "properties": { "Z_max": 27.3, "id": "490" }, "geometry": { "type": "Polygon", "coordinates": [ [ [ 13.84018, 52.87975 ], [ 13.84013, 52.87974 ], [ 13.8401, 52.87974 ], [ 13.84009, 52.87978 ], [ 13.84011, 52.87979 ], [ 13.84017, 52.87979 ], [ 13.84017, 52.87978 ], [ 13.84018, 52.87977 ], [ 13.84019, 52.87977 ], [ 13.8402, 52.87976 ], [ 13.84018, 52.87975 ] ] ] } },
{ "type": "Feature", "properties": { "Z_max": 24.8, "id": "491" }, "geometry": { "type": "Polygon", "coordinates": [ [ [ 13.84017, 52.87972 ], [ 13.84017, 52.8797 ], [ 13.84008, 52.8797 ], [ 13.84008, 52.87973 ], [ 13.84009, 52.87973 ], [ 13.84009, 52.87974 ], [ 13.84017, 52.87975 ], [ 13.84018, 52.87974 ], [ 13.84017, 52.87972 ] ] ] } },
{ "type": "Feature", "properties": { "Z_max": 15.7, "id": "492" }, "geometry": { "type": "Polygon", "coordinates": [ [ [ 13.84001, 52.88039 ], [ 13.83997, 52.88039 ], [ 13.83996, 52.88042 ], [ 13.83998, 52.88042 ], [ 13.84, 52.88041 ], [ 13.84003, 52.88041 ], [ 13.84003, 52.8804 ], [ 13.84001, 52.88039 ] ] ] } },
{ "type": "Feature", "properties": { "Z_max": 26.0, "id": "493" }, "geometry": { "type": "Polygon", "coordinates": [ [ [ 13.84022, 52.87953 ], [ 13.8402, 52.87952 ], [ 13.84018, 52.87952 ], [ 13.84013, 52.87954 ], [ 13.84015, 52.87956 ], [ 13.84017, 52.87957 ], [ 13.84017, 52.87958 ], [ 13.8402, 52.87958 ], [ 13.84021, 52.87958 ], [ 13.84022, 52.87958 ], [ 13.84022, 52.87953 ] ] ] } },
{ "type": "Feature", "properties": { "Z_max": 23.8, "id": "494" }, "geometry": { "type": "Polygon", "coordinates": [ [ [ 13.84019, 52.87962 ], [ 13.84014, 52.87962 ], [ 13.84017, 52.87964 ], [ 13.84017, 52.87966 ], [ 13.8402, 52.87966 ], [ 13.84023, 52.87964 ], [ 13.84023, 52.87963 ], [ 13.84019, 52.87962 ] ] ] } },
{ "type": "Feature", "properties": { "Z_max": 26.8, "id": "495" }, "geometry": { "type": "Polygon", "coordinates": [ [ [ 13.8402, 52.87968 ], [ 13.8402, 52.87966 ], [ 13.84016, 52.87966 ], [ 13.84015, 52.87967 ], [ 13.84014, 52.87967 ], [ 13.84011, 52.8797 ], [ 13.84017, 52.8797 ], [ 13.8402, 52.87969 ], [ 13.84021, 52.87969 ], [ 13.84021, 52.87968 ], [ 13.8402, 52.87968 ] ] ] } },
{ "type": "Feature", "properties": { "Z_max": 18.4, "id": "496" }, "geometry": { "type": "Polygon", "coordinates": [ [ [ 13.84004, 52.88042 ], [ 13.84003, 52.88041 ], [ 13.83999, 52.88041 ], [ 13.83998, 52.88042 ], [ 13.83996, 52.88042 ], [ 13.83996, 52.88045 ], [ 13.84, 52.88045 ], [ 13.84, 52.88044 ], [ 13.84005, 52.88044 ], [ 13.84005, 52.88042 ], [ 13.84004, 52.88042 ] ] ] } },
{ "type": "Feature", "properties": { "Z_max": 16.4, "id": "497" }, "geometry": { "type": "Polygon", "coordinates": [ [ [ 13.84001, 52.88054 ], [ 13.83998, 52.88054 ], [ 13.83998, 52.88053 ], [ 13.83994, 52.88053 ], [ 13.83991, 52.88053 ], [ 13.83991, 52.88054 ], [ 13.83993, 52.88055 ], [ 13.83993, 52.88055 ], [ 13.83994, 52.88056 ], [ 13.83996, 52.88056 ], [ 13.83997, 52.88057 ], [ 13.84001, 52.88055 ], [ 13.84001, 52.88054 ] ] ] } },
{ "type": "Feature", "properties": { "Z_max": 26.0, "id": "498" }, "geometry": { "type": "Polygon", "coordinates": [ [ [ 13.84029, 52.87953 ], [ 13.84028, 52.87952 ], [ 13.84023, 52.87952 ], [ 13.84022, 52.87953 ], [ 13.84022, 52.87956 ], [ 13.84026, 52.87957 ], [ 13.84029, 52.87955 ], [ 13.84029, 52.87953 ] ] ] } },
{ "type": "Feature", "properties": { "Z_max": 26.5, "id": "499" }, "geometry": { "type": "Polygon", "coordinates": [ [ [ 13.84028, 52.87958 ], [ 13.84026, 52.87957 ], [ 13.84024, 52.87957 ], [ 13.84022, 52.87957 ], [ 13.84018, 52.87959 ], [ 13.84016, 52.87959 ], [ 13.84016, 52.87959 ], [ 13.84022, 52.87962 ], [ 13.84022, 52.87963 ], [ 13.84023, 52.87963 ], [ 13.84024, 52.87963 ], [ 13.84026, 52.87962 ], [ 13.84027, 52.87962 ], [ 13.84028, 52.87958 ] ] ] } },
{ "type": "Feature", "properties": { "Z_max": 16.8, "id": "500" }, "geometry": { "type": "Polygon", "coordinates": [ [ [ 13.84001, 52.88049 ], [ 13.83999, 52.88049 ], [ 13.83995, 52.88051 ], [ 13.83993, 52.88051 ], [ 13.83993, 52.88053 ], [ 13.84001, 52.88054 ], [ 13.84002, 52.88053 ], [ 13.84004, 52.88053 ], [ 13.84004, 52.88052 ], [ 13.84001, 52.88049 ] ] ] } },
{ "type": "Feature", "properties": { "Z_max": 27.1, "id": "501" }, "geometry": { "type": "Polygon", "coordinates": [ [ [ 13.84021, 52.87993 ], [ 13.84021, 52.87991 ], [ 13.84011, 52.87991 ], [ 13.84009, 52.87992 ], [ 13.84009, 52.87993 ], [ 13.8401, 52.87993 ], [ 13.84011, 52.87994 ], [ 13.84012, 52.87995 ], [ 13.84012, 52.87995 ], [ 13.84016, 52.87995 ], [ 13.84019, 52.87994 ], [ 13.84021, 52.87993 ] ] ] } },
{ "type": "Feature", "properties": { "Z_max": 28.4, "id": "502" }, "geometry": { "type": "Polygon", "coordinates": [ [ [ 13.84024, 52.87988 ], [ 13.84021, 52.87987 ], [ 13.84021, 52.87987 ], [ 13.84017, 52.87985 ], [ 13.84014, 52.87985 ], [ 13.84013, 52.87989 ], [ 13.84012, 52.87989 ], [ 13.84012, 52.87991 ], [ 13.84019, 52.87991 ], [ 13.84023, 52.87992 ], [ 13.84024, 52.87992 ], [ 13.84024, 52.87988 ] ] ] } },
{ "type": "Feature", "properties": { "Z_max": 27.9, "id": "503" }, "geometry": { "type": "Polygon", "coordinates": [ [ [ 13.84024, 52.87982 ], [ 13.84022, 52.87982 ], [ 13.84021, 52.87981 ], [ 13.84017, 52.87981 ], [ 13.84014, 52.87984 ], [ 13.84014, 52.87985 ], [ 13.84021, 52.87986 ], [ 13.84024, 52.87984 ], [ 13.84024, 52.87982 ] ] ] } },
{ "type": "Feature", "properties": { "Z_max": 25.6, "id": "504" }, "geometry": { "type": "Polygon", "coordinates": [ [ [ 13.84021, 52.87967 ], [ 13.8402, 52.87968 ], [ 13.84026, 52.87969 ], [ 13.84027, 52.87968 ], [ 13.84027, 52.87968 ], [ 13.84027, 52.87967 ], [ 13.84021, 52.87967 ] ] ] } },
{ "type": "Feature", "properties": { "Z_max": 15.1, "id": "505" }, "geometry": { "type": "Polygon", "coordinates": [ [ [ 13.84001, 52.88057 ], [ 13.83998, 52.88057 ], [ 13.83997, 52.88057 ], [ 13.83996, 52.88059 ], [ 13.83995, 52.88059 ], [ 13.83995, 52.88059 ], [ 13.83996, 52.8806 ], [ 13.83998, 52.88061 ], [ 13.84001, 52.8806 ], [ 13.84003, 52.8806 ], [ 13.84003, 52.88059 ], [ 13.84001, 52.88057 ] ] ] } },
{ "type": "Feature", "properties": { "Z_max": 24.5, "id": "506" }, "geometry": { "type": "Polygon", "coordinates": [ [ [ 13.84019, 52.87998 ], [ 13.84019, 52.87998 ], [ 13.84019, 52.87997 ], [ 13.84018, 52.87996 ], [ 13.84017, 52.87995 ], [ 13.84015, 52.87995 ], [ 13.84013, 52.87995 ], [ 13.8401, 52.87998 ], [ 13.8401, 52.87999 ], [ 13.84011, 52.88 ], [ 13.84018, 52.88 ], [ 13.84019, 52.87998 ] ] ] } },
{ "type": "Feature", "properties": { "Z_max": 15.9, "id": "507" }, "geometry": { "type": "Polygon", "coordinates": [ [ [ 13.84, 52.88066 ], [ 13.83999, 52.88064 ], [ 13.83994, 52.88065 ], [ 13.83994, 52.88067 ], [ 13.83995, 52.88067 ], [ 13.83995, 52.88068 ], [ 13.83998, 52.88069 ], [ 13.83998, 52.8807 ], [ 13.83998, 52.88071 ], [ 13.83999, 52.88071 ], [ 13.84, 52.8807 ], [ 13.84001, 52.8807 ], [ 13.84001, 52.88067 ], [ 13.84, 52.88066 ] ] ] } },
{ "type": "Feature", "properties": { "Z_max": 27.5, "id": "508" }, "geometry": { "type": "Polygon", "coordinates": [ [ [ 13.84029, 52.87973 ], [ 13.84024, 52.87971 ], [ 13.84021, 52.87971 ], [ 13.84017, 52.87974 ], [ 13.84021, 52.87976 ], [ 13.84029, 52.87977 ], [ 13.84029, 52.87973 ] ] ] } },
{ "type": "Feature", "properties": { "Z_max": 27.4, "id": "509" }, "geometry": { "type": "Polygon", "coordinates": [ [ [ 13.84028, 52.87962 ], [ 13.84025, 52.87962 ], [ 13.8402, 52.87965 ], [ 13.8402, 52.87967 ], [ 13.84029, 52.87967 ], [ 13.84029, 52.87963 ], [ 13.84028, 52.87962 ] ] ] } },
{ "type": "Feature", "properties": { "Z_max": 15.1, "id": "510" }, "geometry": { "type": "Polygon", "coordinates": [ [ [ 13.84007, 52.8804 ], [ 13.84009, 52.88039 ], [ 13.84008, 52.88037 ], [ 13.84006, 52.88037 ], [ 13.84002, 52.88038 ], [ 13.84001, 52.88038 ], [ 13.84001, 52.88039 ], [ 13.84003, 52.88041 ], [ 13.84004, 52.88042 ], [ 13.84007, 52.88042 ], [ 13.84007, 52.8804 ] ] ] } },
{ "type": "Feature", "properties": { "Z_max": 19.1, "id": "511" }, "geometry": { "type": "Polygon", "coordinates": [ [ [ 13.84013, 52.88024 ], [ 13.84009, 52.88018 ], [ 13.84008, 52.88018 ], [ 13.84008, 52.88022 ], [ 13.84008, 52.88022 ], [ 13.84007, 52.88022 ], [ 13.84007, 52.88024 ], [ 13.84009, 52.88024 ], [ 13.84008, 52.88025 ], [ 13.8401, 52.88027 ], [ 13.84011, 52.88027 ], [ 13.84013, 52.88027 ], [ 13.84013, 52.88026 ], [ 13.84014, 52.88026 ], [ 13.84013, 52.88024 ], [ 13.84013, 52.88024 ] ] ] } },
{ "type": "Feature", "properties": { "Z_max": 17.0, "id": "512" }, "geometry": { "type": "Polygon", "coordinates": [ [ [ 13.84009, 52.88045 ], [ 13.84009, 52.88044 ], [ 13.84005, 52.88042 ], [ 13.84002, 52.88046 ], [ 13.84002, 52.88047 ], [ 13.84006, 52.88047 ], [ 13.84008, 52.88046 ], [ 13.8401, 52.88046 ], [ 13.8401, 52.88046 ], [ 13.84009, 52.88045 ] ] ] } },
{ "type": "Feature", "properties": { "Z_max": 20.1, "id": "513" }, "geometry": { "type": "Polygon", "coordinates": [ [ [ 13.84019, 52.88006 ], [ 13.84019, 52.88004 ], [ 13.84018, 52.88003 ], [ 13.84017, 52.88002 ], [ 13.84013, 52.88002 ], [ 13.84013, 52.88006 ], [ 13.84016, 52.88008 ], [ 13.84018, 52.88008 ], [ 13.8402, 52.88008 ], [ 13.8402, 52.88007 ], [ 13.84019, 52.88006 ] ] ] } },
{ "type": "Feature", "properties": { "Z_max": 16.0, "id": "514" }, "geometry": { "type": "Polygon", "coordinates": [ [ [ 13.8402, 52.8801 ], [ 13.84018, 52.8801 ], [ 13.84016, 52.88011 ], [ 13.84015, 52.88011 ], [ 13.84016, 52.88013 ], [ 13.84016, 52.88013 ], [ 13.84017, 52.88013 ], [ 13.8402, 52.88011 ], [ 13.8402, 52.8801 ] ] ] } },
{ "type": "Feature", "properties": { "Z_max": 26.5, "id": "515" }, "geometry": { "type": "Polygon", "coordinates": [ [ [ 13.84029, 52.87977 ], [ 13.84028, 52.87977 ], [ 13.8402, 52.87977 ], [ 13.84018, 52.8798 ], [ 13.84017, 52.87979 ], [ 13.84017, 52.8798 ], [ 13.84015, 52.87979 ], [ 13.84015, 52.8798 ], [ 13.84017, 52.8798 ], [ 13.84017, 52.87981 ], [ 13.84021, 52.87981 ], [ 13.84021, 52.87982 ], [ 13.84025, 52.87982 ], [ 13.84028, 52.8798 ], [ 13.84029, 52.87977 ] ] ] } },
{ "type": "Feature", "properties": { "Z_max": 17.1, "id": "516" }, "geometry": { "type": "Polygon", "coordinates": [ [ [ 13.84009, 52.88047 ], [ 13.84007, 52.88047 ], [ 13.84006, 52.88047 ], [ 13.84006, 52.88047 ], [ 13.84002, 52.88047 ], [ 13.84002, 52.88049 ], [ 13.84006, 52.88049 ], [ 13.84007, 52.88049 ], [ 13.84009, 52.88047 ] ] ] } },
{ "type": "Feature", "properties": { "Z_max": 26.8, "id": "517" }, "geometry": { "type": "Polygon", "coordinates": [ [ [ 13.84033, 52.87969 ], [ 13.8403, 52.87968 ], [ 13.84029, 52.87968 ], [ 13.84028, 52.87969 ], [ 13.84026, 52.87969 ], [ 13.84025, 52.8797 ], [ 13.84025, 52.87969 ], [ 13.84024, 52.87972 ], [ 13.84026, 52.87972 ], [ 13.84026, 52.87973 ], [ 13.8403, 52.87973 ], [ 13.84032, 52.87972 ], [ 13.84033, 52.87971 ], [ 13.84035, 52.8797 ], [ 13.84033, 52.87969 ] ] ] } },
{ "type": "Feature", "properties": { "Z_max": 26.4, "id": "518" }, "geometry": { "type": "Polygon", "coordinates": [ [ [ 13.84037, 52.87952 ], [ 13.8403, 52.87952 ], [ 13.8403, 52.87953 ], [ 13.84026, 52.87956 ], [ 13.84026, 52.87957 ], [ 13.84028, 52.87958 ], [ 13.84029, 52.87959 ], [ 13.84032, 52.87958 ], [ 13.84033, 52.87958 ], [ 13.84035, 52.87958 ], [ 13.84036, 52.87957 ], [ 13.84037, 52.87952 ] ] ] } },
{ "type": "Feature", "properties": { "Z_max": 16.3, "id": "519" }, "geometry": { "type": "Polygon", "coordinates": [ [ [ 13.84022, 52.88001 ], [ 13.84022, 52.88 ], [ 13.84015, 52.88 ], [ 13.84013, 52.88 ], [ 13.84013, 52.88001 ], [ 13.84014, 52.88002 ], [ 13.84021, 52.88001 ], [ 13.84022, 52.88001 ] ] ] } },
{ "type": "Feature", "properties": { "Z_max": 3.8, "id": "520" }, "geometry": { "type": "Polygon", "coordinates": [ [ [ 13.84023, 52.87994 ], [ 13.84022, 52.87994 ], [ 13.84023, 52.87994 ], [ 13.84024, 52.87994 ], [ 13.84023, 52.87994 ] ] ] } },
{ "type": "Feature", "properties": { "Z_max": 15.3, "id": "521" }, "geometry": { "type": "Polygon", "coordinates": [ [ [ 13.84006, 52.88058 ], [ 13.84005, 52.88057 ], [ 13.84003, 52.88056 ], [ 13.84002, 52.88057 ], [ 13.84001, 52.88058 ], [ 13.84003, 52.88059 ], [ 13.8401, 52.88059 ], [ 13.84012, 52.88058 ], [ 13.84006, 52.88058 ] ] ] } },
{ "type": "Feature", "properties": { "Z_max": 28.0, "id": "522" }, "geometry": { "type": "Polygon", "coordinates": [ [ [ 13.84028, 52.87985 ], [ 13.84025, 52.87983 ], [ 13.84021, 52.87985 ], [ 13.84021, 52.87987 ], [ 13.84024, 52.8799 ], [ 13.84024, 52.87992 ], [ 13.84028, 52.87992 ], [ 13.84028, 52.87992 ], [ 13.84028, 52.87985 ] ] ] } },
{ "type": "Feature", "properties": { "Z_max": 16.2, "id": "523" }, "geometry": { "type": "Polygon", "coordinates": [ [ [ 13.84005, 52.88065 ], [ 13.84004, 52.88065 ], [ 13.84, 52.88065 ], [ 13.84, 52.88066 ], [ 13.84001, 52.88067 ], [ 13.84001, 52.88069 ], [ 13.84004, 52.88069 ], [ 13.84005, 52.88068 ], [ 13.84005, 52.88065 ] ] ] } },
{ "type": "Feature", "properties": { "Z_max": 14.9, "id": "524" }, "geometry": { "type": "Polygon", "coordinates": [ [ [ 13.84009, 52.88059 ], [ 13.84003, 52.88059 ], [ 13.84001, 52.8806 ], [ 13.84002, 52.88061 ], [ 13.84, 52.88062 ], [ 13.84008, 52.88063 ], [ 13.84009, 52.88059 ] ] ] } },
{ "type": "Feature", "properties": { "Z_max": 15.1, "id": "525" }, "geometry": { "type": "Polygon", "coordinates": [ [ [ 13.8401, 52.88055 ], [ 13.84004, 52.88055 ], [ 13.84004, 52.88056 ], [ 13.84006, 52.88057 ], [ 13.8401, 52.88057 ], [ 13.8401, 52.88055 ] ] ] } },
{ "type": "Feature", "properties": { "Z_max": 15.8, "id": "526" }, "geometry": { "type": "Polygon", "coordinates": [ [ [ 13.84008, 52.88063 ], [ 13.84001, 52.88063 ], [ 13.84001, 52.88064 ], [ 13.84, 52.88064 ], [ 13.84, 52.88064 ], [ 13.84003, 52.88064 ], [ 13.84004, 52.88064 ], [ 13.84004, 52.88065 ], [ 13.84006, 52.88065 ], [ 13.84007, 52.88064 ], [ 13.84009, 52.88065 ], [ 13.84008, 52.88063 ] ] ] } },
{ "type": "Feature", "properties": { "Z_max": 25.1, "id": "527" }, "geometry": { "type": "Polygon", "coordinates": [ [ [ 13.84033, 52.87958 ], [ 13.84031, 52.87959 ], [ 13.84028, 52.87959 ], [ 13.84028, 52.87961 ], [ 13.84029, 52.87962 ], [ 13.84033, 52.87962 ], [ 13.84037, 52.8796 ], [ 13.84033, 52.87958 ] ] ] } },
{ "type": "Feature", "properties": { "Z_max": 18.1, "id": "528" }, "geometry": { "type": "Polygon", "coordinates": [ [ [ 13.84024, 52.88007 ], [ 13.84025, 52.88007 ], [ 13.84022, 52.88005 ], [ 13.84021, 52.88004 ], [ 13.8402, 52.88004 ], [ 13.84018, 52.88005 ], [ 13.84018, 52.88007 ], [ 13.84016, 52.88008 ], [ 13.84016, 52.8801 ], [ 13.84017, 52.8801 ], [ 13.84017, 52.8801 ], [ 13.8402, 52.8801 ], [ 13.84023, 52.8801 ], [ 13.84023, 52.88009 ], [ 13.84024, 52.88007 ] ] ] } },
{ "type": "Feature", "properties": { "Z_max": 15.1, "id": "529" }, "geometry": { "type": "Polygon", "coordinates": [ [ [ 13.84009, 52.88051 ], [ 13.84007, 52.88051 ], [ 13.84005, 52.88051 ], [ 13.84004, 52.88053 ], [ 13.84003, 52.88053 ], [ 13.84005, 52.88054 ], [ 13.84009, 52.88055 ], [ 13.8401, 52.88054 ], [ 13.8401, 52.88054 ], [ 13.84012, 52.88054 ], [ 13.84012, 52.88053 ], [ 13.84009, 52.88051 ] ] ] } },
{ "type": "Feature", "properties": { "Z_max": 16.0, "id": "530" }, "geometry": { "type": "Polygon", "coordinates": [ [ [ 13.84013, 52.88049 ], [ 13.8401, 52.88047 ], [ 13.84006, 52.88049 ], [ 13.84002, 52.88049 ], [ 13.84003, 52.88051 ], [ 13.84004, 52.88051 ], [ 13.84007, 52.88051 ], [ 13.84009, 52.88052 ], [ 13.8401, 52.88052 ], [ 13.8401, 52.88051 ], [ 13.84012, 52.88051 ], [ 13.84012, 52.8805 ], [ 13.84013, 52.8805 ], [ 13.84013, 52.88049 ] ] ] } },
{ "type": "Feature", "properties": { "Z_max": 15.5, "id": "531" }, "geometry": { "type": "Polygon", "coordinates": [ [ [ 13.84008, 52.8807 ], [ 13.84006, 52.88069 ], [ 13.84001, 52.88069 ], [ 13.84001, 52.8807 ], [ 13.83999, 52.8807 ], [ 13.83999, 52.88071 ], [ 13.83999, 52.88071 ], [ 13.83998, 52.88071 ], [ 13.84, 52.88073 ], [ 13.84, 52.88074 ], [ 13.84003, 52.88074 ], [ 13.84004, 52.88075 ], [ 13.84007, 52.88074 ], [ 13.84007, 52.88072 ], [ 13.84008, 52.88072 ], [ 13.84008, 52.8807 ] ] ] } },
{ "type": "Feature", "properties": { "Z_max": 27.2, "id": "532" }, "geometry": { "type": "Polygon", "coordinates": [ [ [ 13.84036, 52.87964 ], [ 13.84033, 52.87963 ], [ 13.84033, 52.87962 ], [ 13.84029, 52.87962 ], [ 13.84029, 52.87967 ], [ 13.84031, 52.87968 ], [ 13.84031, 52.87968 ], [ 13.84035, 52.87968 ], [ 13.84038, 52.87966 ], [ 13.84038, 52.87966 ], [ 13.84036, 52.87964 ] ] ] } },
{ "type": "Feature", "properties": { "Z_max": 28.6, "id": "533" }, "geometry": { "type": "Polygon", "coordinates": [ [ [ 13.84037, 52.87982 ], [ 13.84036, 52.87982 ], [ 13.84036, 52.87981 ], [ 13.84031, 52.87978 ], [ 13.84029, 52.87978 ], [ 13.84029, 52.87979 ], [ 13.84024, 52.87982 ], [ 13.84024, 52.87983 ], [ 13.84025, 52.87983 ], [ 13.84026, 52.87983 ], [ 13.84029, 52.87986 ], [ 13.84028, 52.87989 ], [ 13.84029, 52.87991 ], [ 13.8403, 52.8799 ], [ 13.84033, 52.87987 ], [ 13.84035, 52.87987 ], [ 13.84037, 52.87986 ], [ 13.84037, 52.87982 ] ] ] } },
{ "type": "Feature", "properties": { "Z_max": 17.2, "id": "534" }, "geometry": { "type": "Polygon", "coordinates": [ [ [ 13.84015, 52.88041 ], [ 13.84013, 52.88042 ], [ 13.84012, 52.88042 ], [ 13.84009, 52.88044 ], [ 13.84009, 52.88046 ], [ 13.84011, 52.88046 ], [ 13.8401, 52.88047 ], [ 13.84012, 52.88048 ], [ 13.84013, 52.88048 ], [ 13.84019, 52.88046 ], [ 13.84019, 52.88047 ], [ 13.84019, 52.88044 ], [ 13.84015, 52.88041 ] ] ] } },
{ "type": "Feature", "properties": { "Z_max": 22.4, "id": "535" }, "geometry": { "type": "Polygon", "coordinates": [ [ [ 13.84027, 52.88022 ], [ 13.84029, 52.88021 ], [ 13.84025, 52.88019 ], [ 13.84023, 52.8802 ], [ 13.84021, 52.8802 ], [ 13.8402, 52.88021 ], [ 13.84017, 52.88021 ], [ 13.84017, 52.88022 ], [ 13.84019, 52.88023 ], [ 13.84027, 52.88023 ], [ 13.84027, 52.88022 ] ] ] } },
{ "type": "Feature", "properties": { "Z_max": 27.4, "id": "536" }, "geometry": { "type": "Polygon", "coordinates": [ [ [ 13.84036, 52.8797 ], [ 13.84034, 52.8797 ], [ 13.84029, 52.87973 ], [ 13.84029, 52.87978 ], [ 13.84033, 52.87977 ], [ 13.84037, 52.87975 ], [ 13.84037, 52.87974 ], [ 13.84036, 52.87974 ], [ 13.84036, 52.8797 ] ] ] } },
{ "type": "Feature", "properties": { "Z_max": 26.1, "id": "537" }, "geometry": { "type": "Polygon", "coordinates": [ [ [ 13.84046, 52.87958 ], [ 13.84042, 52.87957 ], [ 13.84042, 52.87956 ], [ 13.84041, 52.87955 ], [ 13.84041, 52.87952 ], [ 13.8404, 52.87952 ], [ 13.84039, 52.87952 ], [ 13.84039, 52.87952 ], [ 13.84038, 52.87953 ], [ 13.84037, 52.87952 ], [ 13.84037, 52.87956 ], [ 13.84034, 52.87958 ], [ 13.84036, 52.87959 ], [ 13.84036, 52.87959 ], [ 13.8404, 52.8796 ], [ 13.84043, 52.87959 ], [ 13.8405, 52.87959 ], [ 13.8405, 52.87958 ], [ 13.84046, 52.87958 ] ] ] } },
{ "type": "Feature", "properties": { "Z_max": 26.5, "id": "538" }, "geometry": { "type": "Polygon", "coordinates": [ [ [ 13.8404, 52.8796 ], [ 13.84037, 52.8796 ], [ 13.84034, 52.87962 ], [ 13.84034, 52.87962 ], [ 13.84036, 52.87965 ], [ 13.84039, 52.87965 ], [ 13.8404, 52.8796 ] ] ] } },
{ "type": "Feature", "properties": { "Z_max": 16.4, "id": "539" }, "geometry": { "type": "Polygon", "coordinates": [ [ [ 13.84015, 52.88052 ], [ 13.84015, 52.8805 ], [ 13.84012, 52.8805 ], [ 13.84011, 52.88051 ], [ 13.8401, 52.88053 ], [ 13.84013, 52.88054 ], [ 13.84013, 52.88053 ], [ 13.84015, 52.88053 ], [ 13.84016, 52.88054 ], [ 13.84016, 52.88054 ], [ 13.84016, 52.88052 ], [ 13.84015, 52.88052 ] ] ] } },
{ "type": "Feature", "properties": { "Z_max": 18.5, "id": "540" }, "geometry": { "type": "Polygon", "coordinates": [ [ [ 13.84033, 52.87995 ], [ 13.84029, 52.87995 ], [ 13.84028, 52.87995 ], [ 13.84027, 52.87995 ], [ 13.84027, 52.87997 ], [ 13.84032, 52.87998 ], [ 13.84033, 52.87995 ] ] ] } },
{ "type": "Feature", "properties": { "Z_max": 15.9, "id": "541" }, "geometry": { "type": "Polygon", "coordinates": [ [ [ 13.84016, 52.88057 ], [ 13.84013, 52.88057 ], [ 13.84012, 52.88058 ], [ 13.84009, 52.88059 ], [ 13.84009, 52.88063 ], [ 13.8401, 52.88063 ], [ 13.8401, 52.88064 ], [ 13.84012, 52.88065 ], [ 13.84014, 52.88064 ], [ 13.84014, 52.88063 ], [ 13.84016, 52.88063 ], [ 13.84016, 52.88057 ] ] ] } },
{ "type": "Feature", "properties": { "Z_max": 23.1, "id": "542" }, "geometry": { "type": "Polygon", "coordinates": [ [ [ 13.84024, 52.88016 ], [ 13.84022, 52.88016 ], [ 13.84022, 52.88018 ], [ 13.8402, 52.88019 ], [ 13.84021, 52.88019 ], [ 13.84022, 52.8802 ], [ 13.84023, 52.88021 ], [ 13.84026, 52.88019 ], [ 13.84027, 52.88019 ], [ 13.84027, 52.88018 ], [ 13.84024, 52.88016 ] ] ] } },
{ "type": "Feature", "properties": { "Z_max": 15.6, "id": "543" }, "geometry": { "type": "Polygon", "coordinates": [ [ [ 13.84025, 52.88049 ], [ 13.84025, 52.88047 ], [ 13.84024, 52.88047 ], [ 13.84021, 52.88047 ], [ 13.84021, 52.88048 ], [ 13.8402, 52.88048 ], [ 13.84018, 52.88048 ], [ 13.84015, 52.8805 ], [ 13.84015, 52.88052 ], [ 13.84017, 52.88053 ], [ 13.84019, 52.88053 ], [ 13.84023, 52.88052 ], [ 13.84025, 52.88049 ] ] ] } },
{ "type": "Feature", "properties": { "Z_max": 12.2, "id": "544" }, "geometry": { "type": "Polygon", "coordinates": [ [ [ 13.84034, 52.87992 ], [ 13.84034, 52.87993 ], [ 13.84035, 52.87993 ], [ 13.84035, 52.87992 ], [ 13.84034, 52.87992 ] ] ] } },
{ "type": "Feature", "properties": { "Z_max": 25.8, "id": "545" }, "geometry": { "type": "Polygon", "coordinates": [ [ [ 13.84052, 52.87963 ], [ 13.84051, 52.87959 ], [ 13.84042, 52.87959 ], [ 13.8404, 52.8796 ], [ 13.84039, 52.87964 ], [ 13.84041, 52.87964 ], [ 13.84041, 52.87963 ], [ 13.84042, 52.87963 ], [ 13.84043, 52.87962 ], [ 13.84045, 52.87962 ], [ 13.84046, 52.87965 ], [ 13.84053, 52.87965 ], [ 13.84054, 52.87965 ], [ 13.84052, 52.87963 ] ] ] } },
{ "type": "Feature", "properties": { "Z_max": 24.9, "id": "546" }, "geometry": { "type": "Polygon", "coordinates": [ [ [ 13.84031, 52.88015 ], [ 13.84029, 52.88014 ], [ 13.84029, 52.8801 ], [ 13.84029, 52.88009 ], [ 13.84025, 52.88009 ], [ 13.84025, 52.88012 ], [ 13.84024, 52.88014 ], [ 13.84023, 52.88014 ], [ 13.84023, 52.88016 ], [ 13.84024, 52.88016 ], [ 13.84026, 52.88017 ], [ 13.84027, 52.88019 ], [ 13.84026, 52.8802 ], [ 13.84028, 52.8802 ], [ 13.84028, 52.88021 ], [ 13.84029, 52.88021 ], [ 13.84029, 52.88018 ], [ 13.8403, 52.88017 ], [ 13.84031, 52.88015 ] ] ] } },
{ "type": "Feature", "properties": { "Z_max": 27.8, "id": "547" }, "geometry": { "type": "Polygon", "coordinates": [ [ [ 13.84044, 52.87972 ], [ 13.84041, 52.87971 ], [ 13.84036, 52.87972 ], [ 13.84037, 52.87974 ], [ 13.8404, 52.87976 ], [ 13.84042, 52.87975 ], [ 13.84042, 52.87974 ], [ 13.84044, 52.87974 ], [ 13.84044, 52.87972 ] ] ] } },
{ "type": "Feature", "properties": { "Z_max": 14.9, "id": "548" }, "geometry": { "type": "Polygon", "coordinates": [ [ [ 13.84023, 52.8803 ], [ 13.84023, 52.88031 ], [ 13.84023, 52.88031 ], [ 13.84024, 52.88031 ], [ 13.84023, 52.8803 ] ] ] } },
{ "type": "Feature", "properties": { "Z_max": 30.1, "id": "549" }, "geometry": { "type": "Polygon", "coordinates": [ [ [ 13.84056, 52.87966 ], [ 13.84054, 52.87965 ], [ 13.84045, 52.87965 ], [ 13.84039, 52.87966 ], [ 13.84038, 52.87966 ], [ 13.84034, 52.87969 ], [ 13.84037, 52.87971 ], [ 13.84046, 52.87971 ], [ 13.84047, 52.87971 ], [ 13.84047, 52.8797 ], [ 13.84052, 52.8797 ], [ 13.84054, 52.87969 ], [ 13.84055, 52.87969 ], [ 13.84056, 52.87966 ] ] ] } },
{ "type": "Feature", "properties": { "Z_max": 15.8, "id": "550" }, "geometry": { "type": "Polygon", "coordinates": [ [ [ 13.84019, 52.88073 ], [ 13.84019, 52.88072 ], [ 13.84014, 52.8807 ], [ 13.84011, 52.8807 ], [ 13.8401, 52.88071 ], [ 13.84009, 52.88071 ], [ 13.84009, 52.88072 ], [ 13.84007, 52.88073 ], [ 13.84007, 52.88075 ], [ 13.84012, 52.88075 ], [ 13.84014, 52.88076 ], [ 13.84019, 52.88074 ], [ 13.8402, 52.88074 ], [ 13.8402, 52.88073 ], [ 13.84019, 52.88073 ] ] ] } },
{ "type": "Feature", "properties": { "Z_max": 16.3, "id": "551" }, "geometry": { "type": "Polygon", "coordinates": [ [ [ 13.84016, 52.88064 ], [ 13.84015, 52.88064 ], [ 13.8401, 52.88068 ], [ 13.8401, 52.8807 ], [ 13.84016, 52.88071 ], [ 13.84016, 52.88064 ] ] ] } },
{ "type": "Feature", "properties": { "Z_max": 27.9, "id": "552" }, "geometry": { "type": "Polygon", "coordinates": [ [ [ 13.84042, 52.87977 ], [ 13.84039, 52.87975 ], [ 13.84036, 52.87975 ], [ 13.84035, 52.87976 ], [ 13.84035, 52.87979 ], [ 13.84034, 52.87979 ], [ 13.84033, 52.8798 ], [ 13.84036, 52.87982 ], [ 13.84038, 52.87982 ], [ 13.8404, 52.87981 ], [ 13.84041, 52.8798 ], [ 13.84042, 52.8798 ], [ 13.84042, 52.87977 ] ] ] } },
{ "type": "Feature", "properties": { "Z_max": 14.5, "id": "553" }, "geometry": { "type": "Polygon", "coordinates": [ [ [ 13.84023, 52.88036 ], [ 13.84023, 52.88037 ], [ 13.84024, 52.88037 ], [ 13.84024, 52.88036 ], [ 13.84023, 52.88036 ] ] ] } },
{ "type": "Feature", "properties": { "Z_max": 18.1, "id": "554" }, "geometry": { "type": "Polygon", "coordinates": [ [ [ 13.84038, 52.88003 ], [ 13.84038, 52.88001 ], [ 13.84037, 52.88 ], [ 13.84036, 52.88 ], [ 13.84035, 52.88001 ], [ 13.84032, 52.88001 ], [ 13.8403, 52.88002 ], [ 13.84029, 52.88002 ], [ 13.84027, 52.88003 ], [ 13.84027, 52.88004 ], [ 13.84032, 52.88006 ], [ 13.84034, 52.88006 ], [ 13.84038, 52.88005 ], [ 13.8404, 52.88005 ], [ 13.84038, 52.88003 ] ] ] } },
{ "type": "Feature", "properties": { "Z_max": 16.9, "id": "555" }, "geometry": { "type": "Polygon", "coordinates": [ [ [ 13.84021, 52.88056 ], [ 13.84024, 52.88055 ], [ 13.84023, 52.88052 ], [ 13.84021, 52.88052 ], [ 13.8402, 52.88053 ], [ 13.84016, 52.88053 ], [ 13.84016, 52.88056 ], [ 13.84015, 52.88057 ], [ 13.84019, 52.88057 ], [ 13.84021, 52.88057 ], [ 13.84021, 52.88056 ] ] ] } },
{ "type": "Feature", "properties": { "Z_max": 17.0, "id": "556" }, "geometry": { "type": "Polygon", "coordinates": [ [ [ 13.8402, 52.88059 ], [ 13.84017, 52.88059 ], [ 13.84016, 52.8806 ], [ 13.84016, 52.88063 ], [ 13.84017, 52.88063 ], [ 13.84018, 52.88064 ], [ 13.8402, 52.88064 ], [ 13.84021, 52.88063 ], [ 13.84023, 52.88063 ], [ 13.84023, 52.88061 ], [ 13.8402, 52.88059 ] ] ] } },
{ "type": "Feature", "properties": { "Z_max": 15.8, "id": "557" }, "geometry": { "type": "Polygon", "coordinates": [ [ [ 13.84023, 52.88068 ], [ 13.84023, 52.88068 ], [ 13.84019, 52.88066 ], [ 13.84016, 52.88066 ], [ 13.84016, 52.8807 ], [ 13.8402, 52.88069 ], [ 13.8402, 52.88068 ], [ 13.84023, 52.88068 ] ] ] } },
{ "type": "Feature", "properties": { "Z_max": 24.8, "id": "558" }, "geometry": { "type": "Polygon", "coordinates": [ [ [ 13.84034, 52.88011 ], [ 13.84034, 52.88009 ], [ 13.84032, 52.88009 ], [ 13.84032, 52.8801 ], [ 13.84029, 52.8801 ], [ 13.84029, 52.88014 ], [ 13.84031, 52.88015 ], [ 13.84031, 52.88016 ], [ 13.84033, 52.88016 ], [ 13.84035, 52.88015 ], [ 13.84036, 52.88015 ], [ 13.84036, 52.88014 ], [ 13.84034, 52.88011 ] ] ] } },
{ "type": "Feature", "properties": { "Z_max": 28.7, "id": "559" }, "geometry": { "type": "Polygon", "coordinates": [ [ [ 13.84046, 52.87974 ], [ 13.84045, 52.87974 ], [ 13.84045, 52.87973 ], [ 13.84044, 52.87973 ], [ 13.84043, 52.87974 ], [ 13.84042, 52.87974 ], [ 13.84041, 52.87975 ], [ 13.84042, 52.87979 ], [ 13.84045, 52.87979 ], [ 13.84046, 52.87977 ], [ 13.84046, 52.87974 ] ] ] } },
{ "type": "Feature", "properties": { "Z_max": 19.6, "id": "560" }, "geometry": { "type": "Polygon", "coordinates": [ [ [ 13.8403, 52.88035 ], [ 13.8403, 52.88033 ], [ 13.84029, 52.88033 ], [ 13.84028, 52.88034 ], [ 13.84027, 52.88034 ], [ 13.84027, 52.88037 ], [ 13.8403, 52.88037 ], [ 13.84032, 52.88035 ], [ 13.8403, 52.88035 ] ] ] } },
{ "type": "Feature", "properties": { "Z_max": 24.0, "id": "561" }, "geometry": { "type": "Polygon", "coordinates": [ [ [ 13.84053, 52.87954 ], [ 13.84047, 52.87954 ], [ 13.84046, 52.87954 ], [ 13.84046, 52.87955 ], [ 13.84047, 52.87955 ], [ 13.84047, 52.87958 ], [ 13.8405, 52.87958 ], [ 13.8405, 52.87959 ], [ 13.84053, 52.87958 ], [ 13.84054, 52.87958 ], [ 13.84054, 52.87958 ], [ 13.84053, 52.87957 ], [ 13.84054, 52.87956 ], [ 13.84056, 52.87956 ], [ 13.84056, 52.87955 ], [ 13.84053, 52.87954 ] ] ] } },
{ "type": "Feature", "properties": { "Z_max": 15.8, "id": "562" }, "geometry": { "type": "Polygon", "coordinates": [ [ [ 13.8403, 52.88053 ], [ 13.84027, 52.88053 ], [ 13.84026, 52.88052 ], [ 13.84026, 52.88052 ], [ 13.84025, 52.88052 ], [ 13.84021, 52.88056 ], [ 13.84021, 52.88056 ], [ 13.84021, 52.88057 ], [ 13.84022, 52.88057 ], [ 13.84028, 52.88058 ], [ 13.84028, 52.88057 ], [ 13.84029, 52.88057 ], [ 13.8403, 52.88053 ] ] ] } },
{ "type": "Feature", "properties": { "Z_max": 28.2, "id": "563" }, "geometry": { "type": "Polygon", "coordinates": [ [ [ 13.84049, 52.87981 ], [ 13.84046, 52.87979 ], [ 13.84045, 52.8798 ], [ 13.84042, 52.8798 ], [ 13.84038, 52.87982 ], [ 13.84038, 52.87986 ], [ 13.84042, 52.87987 ], [ 13.84042, 52.87987 ], [ 13.84043, 52.87987 ], [ 13.84044, 52.87988 ], [ 13.84045, 52.87988 ], [ 13.84045, 52.87985 ], [ 13.84046, 52.87984 ], [ 13.84047, 52.87985 ], [ 13.84048, 52.87984 ], [ 13.84049, 52.87984 ], [ 13.84049, 52.87981 ] ] ] } },
{ "type": "Feature", "properties": { "Z_max": 24.7, "id": "564" }, "geometry": { "type": "Polygon", "coordinates": [ [ [ 13.84041, 52.88008 ], [ 13.84039, 52.88008 ], [ 13.84038, 52.88008 ], [ 13.84037, 52.88009 ], [ 13.84034, 52.88009 ], [ 13.84034, 52.88012 ], [ 13.84038, 52.88014 ], [ 13.84039, 52.88014 ], [ 13.84041, 52.88013 ], [ 13.84045, 52.88014 ], [ 13.84045, 52.88013 ], [ 13.84043, 52.88009 ], [ 13.84041, 52.88008 ] ] ] } },
{ "type": "Feature", "properties": { "Z_max": 15.7, "id": "565" }, "geometry": { "type": "Polygon", "coordinates": [ [ [ 13.84038, 52.88041 ], [ 13.84037, 52.88041 ], [ 13.84033, 52.88041 ], [ 13.84033, 52.88039 ], [ 13.84032, 52.88039 ], [ 13.84031, 52.88042 ], [ 13.84035, 52.88044 ], [ 13.84035, 52.88044 ], [ 13.84037, 52.88043 ], [ 13.84039, 52.88043 ], [ 13.8404, 52.88043 ], [ 13.8404, 52.88042 ], [ 13.84038, 52.88041 ] ] ] } },
{ "type": "Feature", "properties": { "Z_max": 28.5, "id": "566" }, "geometry": { "type": "Polygon", "coordinates": [ [ [ 13.84055, 52.87978 ], [ 13.84056, 52.87975 ], [ 13.84054, 52.87975 ], [ 13.84054, 52.87974 ], [ 13.84047, 52.87974 ], [ 13.84047, 52.87977 ], [ 13.84048, 52.87978 ], [ 13.84047, 52.87979 ], [ 13.84048, 52.87979 ], [ 13.84048, 52.8798 ], [ 13.8405, 52.87981 ], [ 13.84052, 52.8798 ], [ 13.84054, 52.8798 ], [ 13.84057, 52.87978 ], [ 13.84055, 52.87978 ] ] ] } },
{ "type": "Feature", "properties": { "Z_max": 17.2, "id": "567" }, "geometry": { "type": "Polygon", "coordinates": [ [ [ 13.8404, 52.88037 ], [ 13.84039, 52.88037 ], [ 13.84039, 52.88036 ], [ 13.84031, 52.88036 ], [ 13.84026, 52.88037 ], [ 13.84026, 52.88038 ], [ 13.84028, 52.88038 ], [ 13.84029, 52.88037 ], [ 13.8403, 52.88038 ], [ 13.8403, 52.88039 ], [ 13.84033, 52.88039 ], [ 13.84033, 52.88041 ], [ 13.84035, 52.88041 ], [ 13.84037, 52.8804 ], [ 13.84039, 52.8804 ], [ 13.84039, 52.8804 ], [ 13.8404, 52.88039 ], [ 13.8404, 52.88037 ] ] ] } },
{ "type": "Feature", "properties": { "Z_max": 25.2, "id": "568" }, "geometry": { "type": "Polygon", "coordinates": [ [ [ 13.84039, 52.88026 ], [ 13.84042, 52.88022 ], [ 13.84042, 52.8802 ], [ 13.84041, 52.8802 ], [ 13.8404, 52.8802 ], [ 13.84039, 52.88019 ], [ 13.84038, 52.88019 ], [ 13.84037, 52.8802 ], [ 13.84036, 52.8802 ], [ 13.84032, 52.88022 ], [ 13.84032, 52.88023 ], [ 13.84035, 52.88025 ], [ 13.84035, 52.88028 ], [ 13.84038, 52.88029 ], [ 13.84039, 52.88026 ] ] ] } },
{ "type": "Feature", "properties": { "Z_max": 17.4, "id": "569" }, "geometry": { "type": "Polygon", "coordinates": [ [ [ 13.84036, 52.88033 ], [ 13.84035, 52.88033 ], [ 13.84035, 52.88035 ], [ 13.84037, 52.88035 ], [ 13.84039, 52.88033 ], [ 13.84036, 52.88033 ] ] ] } },
{ "type": "Feature", "properties": { "Z_max": 17.2, "id": "570" }, "geometry": { "type": "Polygon", "coordinates": [ [ [ 13.84037, 52.88055 ], [ 13.84036, 52.88055 ], [ 13.84035, 52.88054 ], [ 13.84035, 52.88054 ], [ 13.8403, 52.88054 ], [ 13.8403, 52.88056 ], [ 13.84027, 52.88058 ], [ 13.84026, 52.88061 ], [ 13.84038, 52.88061 ], [ 13.84038, 52.88059 ], [ 13.84037, 52.88059 ], [ 13.84037, 52.88055 ] ] ] } },
{ "type": "Feature", "properties": { "Z_max": 17.4, "id": "571" }, "geometry": { "type": "Polygon", "coordinates": [ [ [ 13.84039, 52.88035 ], [ 13.84039, 52.88034 ], [ 13.84038, 52.88034 ], [ 13.84037, 52.88035 ], [ 13.84035, 52.88035 ], [ 13.84035, 52.88036 ], [ 13.84041, 52.88036 ], [ 13.84041, 52.88035 ], [ 13.84039, 52.88035 ] ] ] } },
{ "type": "Feature", "properties": { "Z_max": 16.0, "id": "572" }, "geometry": { "type": "Polygon", "coordinates": [ [ [ 13.84052, 52.87987 ], [ 13.84051, 52.87987 ], [ 13.84051, 52.87988 ], [ 13.84052, 52.87989 ], [ 13.84052, 52.87987 ] ] ] } },
{ "type": "Feature", "properties": { "Z_max": 15.0, "id": "573" }, "geometry": { "type": "Polygon", "coordinates": [ [ [ 13.84033, 52.88066 ], [ 13.84031, 52.88066 ], [ 13.84031, 52.88067 ], [ 13.84025, 52.88067 ], [ 13.84024, 52.88067 ], [ 13.84023, 52.88068 ], [ 13.84024, 52.88068 ], [ 13.84025, 52.88068 ], [ 13.84025, 52.88069 ], [ 13.84028, 52.88069 ], [ 13.84029, 52.88068 ], [ 13.84034, 52.88068 ], [ 13.84033, 52.88066 ] ] ] } },
{ "type": "Feature", "properties": { "Z_max": 15.5, "id": "574" }, "geometry": { "type": "Polygon", "coordinates": [ [ [ 13.84037, 52.88044 ], [ 13.84036, 52.88044 ], [ 13.84036, 52.88045 ], [ 13.84037, 52.88045 ], [ 13.84037, 52.88044 ] ] ] } },
{ "type": "Feature", "properties": { "Z_max": 27.1, "id": "575" }, "geometry": { "type": "Polygon", "coordinates": [ [ [ 13.84065, 52.87959 ], [ 13.84062, 52.87956 ], [ 13.84058, 52.87956 ], [ 13.84058, 52.8796 ], [ 13.8406, 52.87964 ], [ 13.84064, 52.87964 ], [ 13.84065, 52.87964 ], [ 13.84063, 52.87964 ], [ 13.84063, 52.87963 ], [ 13.84062, 52.87962 ], [ 13.84062, 52.87962 ], [ 13.84062, 52.87961 ], [ 13.84063, 52.8796 ], [ 13.84065, 52.87961 ], [ 13.84065, 52.87959 ] ] ] } },
{ "type": "Feature", "properties": { "Z_max": 16.7, "id": "576" }, "geometry": { "type": "Polygon", "coordinates": [ [ [ 13.8404, 52.88043 ], [ 13.8404, 52.88043 ], [ 13.84042, 52.88043 ], [ 13.84042, 52.88043 ], [ 13.8404, 52.88043 ] ] ] } },
{ "type": "Feature", "properties": { "Z_max": 18.4, "id": "577" }, "geometry": { "type": "Polygon", "coordinates": [ [ [ 13.8406, 52.87977 ], [ 13.84061, 52.87977 ], [ 13.84061, 52.87976 ], [ 13.84056, 52.87976 ], [ 13.84056, 52.87978 ], [ 13.84059, 52.87978 ], [ 13.8406, 52.87977 ] ] ] } },
{ "type": "Feature", "properties": { "Z_max": 26.0, "id": "578" }, "geometry": { "type": "Polygon", "coordinates": [ [ [ 13.84045, 52.8803 ], [ 13.84045, 52.88027 ], [ 13.84039, 52.88028 ], [ 13.84039, 52.88028 ], [ 13.84036, 52.88029 ], [ 13.84036, 52.8803 ], [ 13.84038, 52.8803 ], [ 13.84039, 52.8803 ], [ 13.84044, 52.88033 ], [ 13.84044, 52.88034 ], [ 13.84045, 52.88034 ], [ 13.84046, 52.88033 ], [ 13.84046, 52.88031 ], [ 13.84045, 52.8803 ] ] ] } },
{ "type": "Feature", "properties": { "Z_max": 20.2, "id": "579" }, "geometry": { "type": "Polygon", "coordinates": [ [ [ 13.84058, 52.87984 ], [ 13.84058, 52.87984 ], [ 13.84057, 52.87985 ], [ 13.84058, 52.87985 ], [ 13.84058, 52.87984 ] ] ] } },
{ "type": "Feature", "properties": { "Z_max": 26.7, "id": "580" }, "geometry": { "type": "Polygon", "coordinates": [ [ [ 13.84068, 52.87954 ], [ 13.84066, 52.87954 ], [ 13.84064, 52.87955 ], [ 13.84055, 52.87954 ], [ 13.84055, 52.87955 ], [ 13.84058, 52.87956 ], [ 13.84059, 52.87956 ], [ 13.84061, 52.87956 ], [ 13.84064, 52.87958 ], [ 13.84065, 52.87958 ], [ 13.84065, 52.8796 ], [ 13.84066, 52.8796 ], [ 13.84068, 52.87959 ], [ 13.84068, 52.87957 ], [ 13.84069, 52.87956 ], [ 13.84069, 52.87955 ], [ 13.84068, 52.87954 ] ] ] } },
{ "type": "Feature", "properties": { "Z_max": 15.0, "id": "581" }, "geometry": { "type": "Polygon", "coordinates": [ [ [ 13.84036, 52.8807 ], [ 13.84037, 52.88066 ], [ 13.84034, 52.88066 ], [ 13.84034, 52.88067 ], [ 13.84033, 52.88069 ], [ 13.8403, 52.88068 ], [ 13.84029, 52.88069 ], [ 13.84029, 52.8807 ], [ 13.84032, 52.88072 ], [ 13.84032, 52.88073 ], [ 13.84035, 52.88073 ], [ 13.84035, 52.88072 ], [ 13.84036, 52.88072 ], [ 13.84037, 52.88071 ], [ 13.84038, 52.88071 ], [ 13.84038, 52.8807 ], [ 13.84036, 52.8807 ] ] ] } },
{ "type": "Feature", "properties": { "Z_max": 28.4, "id": "582" }, "geometry": { "type": "Polygon", "coordinates": [ [ [ 13.84055, 52.87993 ], [ 13.84055, 52.87992 ], [ 13.84054, 52.87991 ], [ 13.84053, 52.87992 ], [ 13.84049, 52.87992 ], [ 13.84045, 52.87995 ], [ 13.84046, 52.87995 ], [ 13.84046, 52.87997 ], [ 13.84047, 52.87997 ], [ 13.84047, 52.87998 ], [ 13.84051, 52.88 ], [ 13.84057, 52.88 ], [ 13.84058, 52.87999 ], [ 13.84059, 52.87999 ], [ 13.84059, 52.87998 ], [ 13.84059, 52.87997 ], [ 13.84058, 52.87996 ], [ 13.84055, 52.87993 ] ] ] } },
{ "type": "Feature", "properties": { "Z_max": 28.9, "id": "583" }, "geometry": { "type": "Polygon", "coordinates": [ [ [ 13.84051, 52.88008 ], [ 13.84052, 52.88006 ], [ 13.84051, 52.88007 ], [ 13.84043, 52.88011 ], [ 13.84045, 52.88012 ], [ 13.84051, 52.88012 ], [ 13.84052, 52.88011 ], [ 13.84053, 52.88011 ], [ 13.84053, 52.8801 ], [ 13.84051, 52.88008 ] ] ] } },
{ "type": "Feature", "properties": { "Z_max": 28.6, "id": "584" }, "geometry": { "type": "Polygon", "coordinates": [ [ [ 13.84056, 52.88011 ], [ 13.84055, 52.88011 ], [ 13.84054, 52.88011 ], [ 13.84054, 52.88009 ], [ 13.84053, 52.8801 ], [ 13.8405, 52.88012 ], [ 13.84044, 52.88012 ], [ 13.84044, 52.88013 ], [ 13.84051, 52.88016 ], [ 13.84053, 52.88016 ], [ 13.84055, 52.88015 ], [ 13.84056, 52.88015 ], [ 13.84056, 52.88011 ] ] ] } },
{ "type": "Feature", "properties": { "Z_max": 26.5, "id": "585" }, "geometry": { "type": "Polygon", "coordinates": [ [ [ 13.84049, 52.88027 ], [ 13.84045, 52.88027 ], [ 13.84045, 52.88031 ], [ 13.84046, 52.88031 ], [ 13.84047, 52.88032 ], [ 13.84049, 52.88032 ], [ 13.84049, 52.88031 ], [ 13.84051, 52.88031 ], [ 13.84051, 52.88028 ], [ 13.84049, 52.88027 ] ] ] } },
{ "type": "Feature", "properties": { "Z_max": 25.1, "id": "586" }, "geometry": { "type": "Polygon", "coordinates": [ [ [ 13.84077, 52.87961 ], [ 13.84075, 52.87961 ], [ 13.84075, 52.8796 ], [ 13.84069, 52.8796 ], [ 13.84069, 52.87959 ], [ 13.84067, 52.87959 ], [ 13.84065, 52.8796 ], [ 13.84065, 52.87963 ], [ 13.84066, 52.87964 ], [ 13.84068, 52.87965 ], [ 13.84068, 52.87965 ], [ 13.8407, 52.87965 ], [ 13.84072, 52.87964 ], [ 13.84074, 52.87964 ], [ 13.84077, 52.87961 ] ] ] } },
{ "type": "Feature", "properties": { "Z_max": 28.4, "id": "587" }, "geometry": { "type": "Polygon", "coordinates": [ [ [ 13.84059, 52.88006 ], [ 13.84057, 52.88005 ], [ 13.84055, 52.88006 ], [ 13.84055, 52.88007 ], [ 13.84053, 52.88009 ], [ 13.84054, 52.88009 ], [ 13.84055, 52.8801 ], [ 13.84055, 52.88011 ], [ 13.84057, 52.88011 ], [ 13.84059, 52.8801 ], [ 13.84059, 52.88006 ] ] ] } },
{ "type": "Feature", "properties": { "Z_max": 27.1, "id": "588" }, "geometry": { "type": "Polygon", "coordinates": [ [ [ 13.84072, 52.87954 ], [ 13.84071, 52.87954 ], [ 13.84071, 52.87955 ], [ 13.8407, 52.87955 ], [ 13.84069, 52.87957 ], [ 13.84068, 52.87956 ], [ 13.84068, 52.87958 ], [ 13.8407, 52.8796 ], [ 13.84076, 52.8796 ], [ 13.84077, 52.87957 ], [ 13.84072, 52.87954 ] ] ] } },
{ "type": "Feature", "properties": { "Z_max": 25.4, "id": "589" }, "geometry": { "type": "Polygon", "coordinates": [ [ [ 13.84055, 52.88035 ], [ 13.84055, 52.88034 ], [ 13.84054, 52.88033 ], [ 13.84051, 52.88034 ], [ 13.84051, 52.88033 ], [ 13.84048, 52.88033 ], [ 13.84042, 52.88035 ], [ 13.84042, 52.88038 ], [ 13.84042, 52.88038 ], [ 13.84051, 52.88038 ], [ 13.84054, 52.88036 ], [ 13.84054, 52.88036 ], [ 13.84055, 52.88035 ] ] ] } },
{ "type": "Feature", "properties": { "Z_max": 28.9, "id": "590" }, "geometry": { "type": "Polygon", "coordinates": [ [ [ 13.84061, 52.88014 ], [ 13.84062, 52.88014 ], [ 13.84062, 52.88012 ], [ 13.84058, 52.8801 ], [ 13.84056, 52.88011 ], [ 13.84056, 52.88016 ], [ 13.84059, 52.88016 ], [ 13.84061, 52.88014 ] ] ] } },
{ "type": "Feature", "properties": { "Z_max": 28.7, "id": "591" }, "geometry": { "type": "Polygon", "coordinates": [ [ [ 13.84067, 52.87991 ], [ 13.84067, 52.87991 ], [ 13.84066, 52.87991 ], [ 13.84065, 52.87988 ], [ 13.84058, 52.87988 ], [ 13.84055, 52.87989 ], [ 13.84055, 52.87992 ], [ 13.84059, 52.87992 ], [ 13.84063, 52.87994 ], [ 13.84064, 52.87995 ], [ 13.84067, 52.87996 ], [ 13.84068, 52.87995 ], [ 13.84068, 52.87992 ], [ 13.84067, 52.87991 ] ] ] } },
{ "type": "Feature", "properties": { "Z_max": 27.1, "id": "592" }, "geometry": { "type": "Polygon", "coordinates": [ [ [ 13.84075, 52.87985 ], [ 13.84073, 52.87985 ], [ 13.84073, 52.87984 ], [ 13.84071, 52.87984 ], [ 13.84072, 52.87983 ], [ 13.84068, 52.87981 ], [ 13.84068, 52.8798 ], [ 13.84067, 52.87979 ], [ 13.84065, 52.87979 ], [ 13.84064, 52.8798 ], [ 13.84059, 52.8798 ], [ 13.84058, 52.87981 ], [ 13.8406, 52.87981 ], [ 13.8406, 52.87982 ], [ 13.8406, 52.87987 ], [ 13.84054, 52.87987 ], [ 13.84054, 52.87987 ], [ 13.84054, 52.8799 ], [ 13.84055, 52.8799 ], [ 13.84055, 52.87989 ], [ 13.84057, 52.87988 ], [ 13.84065, 52.87987 ], [ 13.84066, 52.87989 ], [ 13.84068, 52.87989 ], [ 13.84072, 52.87987 ], [ 13.84074, 52.87987 ], [ 13.84075, 52.87985 ] ] ] } },
{ "type": "Feature", "properties": { "Z_max": 26.5, "id": "593" }, "geometry": { "type": "Polygon", "coordinates": [ [ [ 13.84054, 52.88025 ], [ 13.84054, 52.88029 ], [ 13.84057, 52.88029 ], [ 13.84058, 52.88029 ], [ 13.84059, 52.88025 ], [ 13.84054, 52.88025 ] ] ] } },
{ "type": "Feature", "properties": { "Z_max": 14.5, "id": "594" }, "geometry": { "type": "Polygon", "coordinates": [ [ [ 13.84072, 52.87971 ], [ 13.84072, 52.87972 ], [ 13.84073, 52.87972 ], [ 13.84073, 52.87971 ], [ 13.84072, 52.87971 ] ] ] } },
{ "type": "Feature", "properties": { "Z_max": 15.9, "id": "595" }, "geometry": { "type": "Polygon", "coordinates": [ [ [ 13.84055, 52.88056 ], [ 13.84055, 52.88055 ], [ 13.84052, 52.88053 ], [ 13.8405, 52.88053 ], [ 13.84048, 52.88051 ], [ 13.84045, 52.88053 ], [ 13.84044, 52.88054 ], [ 13.84046, 52.88054 ], [ 13.84046, 52.88055 ], [ 13.84046, 52.88057 ], [ 13.84049, 52.88059 ], [ 13.8405, 52.88059 ], [ 13.8405, 52.88059 ], [ 13.84053, 52.88058 ], [ 13.84055, 52.8806 ], [ 13.84055, 52.88059 ], [ 13.84055, 52.88058 ], [ 13.84056, 52.88058 ], [ 13.84055, 52.88056 ] ] ] } },
{ "type": "Feature", "properties": { "Z_max": 15.8, "id": "596" }, "geometry": { "type": "Polygon", "coordinates": [ [ [ 13.84074, 52.87968 ], [ 13.84074, 52.87968 ], [ 13.84075, 52.87968 ], [ 13.84075, 52.87967 ], [ 13.84074, 52.87968 ] ] ] } },
{ "type": "Feature", "properties": { "Z_max": 29.3, "id": "597" }, "geometry": { "type": "Polygon", "coordinates": [ [ [ 13.84065, 52.88009 ], [ 13.84065, 52.88008 ], [ 13.84064, 52.88008 ], [ 13.84063, 52.88007 ], [ 13.84059, 52.88007 ], [ 13.84059, 52.88011 ], [ 13.8406, 52.88011 ], [ 13.8406, 52.88012 ], [ 13.84062, 52.88013 ], [ 13.84063, 52.88013 ], [ 13.84066, 52.8801 ], [ 13.84066, 52.88009 ], [ 13.84065, 52.88009 ] ] ] } },
{ "type": "Feature", "properties": { "Z_max": 14.2, "id": "598" }, "geometry": { "type": "Polygon", "coordinates": [ [ [ 13.84078, 52.87964 ], [ 13.84075, 52.87964 ], [ 13.84075, 52.87963 ], [ 13.84074, 52.87963 ], [ 13.84074, 52.87964 ], [ 13.84074, 52.87966 ], [ 13.84079, 52.87966 ], [ 13.84079, 52.87966 ], [ 13.84079, 52.87966 ], [ 13.84078, 52.87964 ] ] ] } },
{ "type": "Feature", "properties": { "Z_max": 28.8, "id": "599" }, "geometry": { "type": "Polygon", "coordinates": [ [ [ 13.84069, 52.88005 ], [ 13.84068, 52.88005 ], [ 13.84068, 52.88004 ], [ 13.84068, 52.88003 ], [ 13.84061, 52.88003 ], [ 13.84058, 52.88005 ], [ 13.84058, 52.88006 ], [ 13.84059, 52.88005 ], [ 13.84059, 52.88007 ], [ 13.84064, 52.88007 ], [ 13.84065, 52.88008 ], [ 13.84067, 52.88008 ], [ 13.8407, 52.88007 ], [ 13.84069, 52.88005 ] ] ] } },
{ "type": "Feature", "properties": { "Z_max": 25.6, "id": "600" }, "geometry": { "type": "Polygon", "coordinates": [ [ [ 13.84061, 52.88038 ], [ 13.84057, 52.88036 ], [ 13.84054, 52.88036 ], [ 13.84053, 52.88036 ], [ 13.84053, 52.88037 ], [ 13.84051, 52.88037 ], [ 13.8405, 52.88038 ], [ 13.84043, 52.88038 ], [ 13.84045, 52.88039 ], [ 13.84047, 52.8804 ], [ 13.84063, 52.8804 ], [ 13.84063, 52.88039 ], [ 13.84064, 52.88039 ], [ 13.84064, 52.88038 ], [ 13.84061, 52.88038 ] ] ] } },
{ "type": "Feature", "properties": { "Z_max": 31.3, "id": "601" }, "geometry": { "type": "Polygon", "coordinates": [ [ [ 13.84079, 52.87988 ], [ 13.84078, 52.87988 ], [ 13.84077, 52.87987 ], [ 13.84071, 52.87987 ], [ 13.84067, 52.87989 ], [ 13.84066, 52.87989 ], [ 13.84066, 52.8799 ], [ 13.84067, 52.8799 ], [ 13.84068, 52.87993 ], [ 13.84069, 52.87994 ], [ 13.84071, 52.87994 ], [ 13.84072, 52.87993 ], [ 13.84076, 52.87993 ], [ 13.8408, 52.8799 ], [ 13.84079, 52.87988 ] ] ] } },
{ "type": "Feature", "properties": { "Z_max": 27.0, "id": "602" }, "geometry": { "type": "Polygon", "coordinates": [ [ [ 13.84061, 52.88032 ], [ 13.84059, 52.88032 ], [ 13.84058, 52.88033 ], [ 13.84057, 52.88033 ], [ 13.84054, 52.88036 ], [ 13.84057, 52.88037 ], [ 13.84059, 52.88038 ], [ 13.84064, 52.88038 ], [ 13.84064, 52.88036 ], [ 13.84061, 52.88032 ] ] ] } },
{ "type": "Feature", "properties": { "Z_max": 29.1, "id": "603" }, "geometry": { "type": "Polygon", "coordinates": [ [ [ 13.8406, 52.88016 ], [ 13.84058, 52.88017 ], [ 13.84058, 52.88017 ], [ 13.84059, 52.88017 ], [ 13.84059, 52.88018 ], [ 13.84062, 52.8802 ], [ 13.84064, 52.8802 ], [ 13.84066, 52.88019 ], [ 13.84067, 52.88018 ], [ 13.84068, 52.88018 ], [ 13.84068, 52.88016 ], [ 13.8406, 52.88016 ] ] ] } },
{ "type": "Feature", "properties": { "Z_max": 29.3, "id": "604" }, "geometry": { "type": "Polygon", "coordinates": [ [ [ 13.84066, 52.88012 ], [ 13.84064, 52.88012 ], [ 13.84063, 52.88013 ], [ 13.84062, 52.88013 ], [ 13.84061, 52.88014 ], [ 13.84061, 52.88015 ], [ 13.84069, 52.88016 ], [ 13.84071, 52.88014 ], [ 13.84066, 52.88012 ] ] ] } },
{ "type": "Feature", "properties": { "Z_max": 21.8, "id": "605" }, "geometry": { "type": "Polygon", "coordinates": [ [ [ 13.84084, 52.87959 ], [ 13.84085, 52.87959 ], [ 13.84085, 52.87959 ], [ 13.84085, 52.87957 ], [ 13.84084, 52.87957 ], [ 13.84084, 52.87956 ], [ 13.84086, 52.87955 ], [ 13.84088, 52.87956 ], [ 13.8409, 52.87955 ], [ 13.8409, 52.87954 ], [ 13.84092, 52.87953 ], [ 13.84092, 52.87951 ], [ 13.8409, 52.87951 ], [ 13.8409, 52.87953 ], [ 13.84084, 52.87954 ], [ 13.84081, 52.87954 ], [ 13.84077, 52.87957 ], [ 13.84077, 52.8796 ], [ 13.84075, 52.8796 ], [ 13.84075, 52.87961 ], [ 13.84084, 52.87961 ], [ 13.84084, 52.87959 ] ] ] } },
{ "type": "Feature", "properties": { "Z_max": 27.3, "id": "606" }, "geometry": { "type": "Polygon", "coordinates": [ [ [ 13.84066, 52.88024 ], [ 13.84063, 52.88022 ], [ 13.84062, 52.88022 ], [ 13.84062, 52.88023 ], [ 13.84059, 52.88025 ], [ 13.84059, 52.8803 ], [ 13.8406, 52.8803 ], [ 13.84061, 52.88031 ], [ 13.84063, 52.88031 ], [ 13.84066, 52.88029 ], [ 13.84066, 52.88024 ] ] ] } },
{ "type": "Feature", "properties": { "Z_max": 28.2, "id": "607" }, "geometry": { "type": "Polygon", "coordinates": [ [ [ 13.8408, 52.8798 ], [ 13.84075, 52.8798 ], [ 13.84074, 52.87979 ], [ 13.84071, 52.87979 ], [ 13.8407, 52.8798 ], [ 13.84069, 52.8798 ], [ 13.84069, 52.87982 ], [ 13.84074, 52.87985 ], [ 13.84077, 52.87985 ], [ 13.84082, 52.87982 ], [ 13.8408, 52.8798 ] ] ] } },
{ "type": "Feature", "properties": { "Z_max": 18.9, "id": "608" }, "geometry": { "type": "Polygon", "coordinates": [ [ [ 13.84056, 52.88063 ], [ 13.84058, 52.88063 ], [ 13.84056, 52.88062 ], [ 13.84055, 52.88061 ], [ 13.84052, 52.88061 ], [ 13.84052, 52.88062 ], [ 13.84055, 52.88066 ], [ 13.84056, 52.88066 ], [ 13.84056, 52.88063 ] ] ] } },
{ "type": "Feature", "properties": { "Z_max": 31.0, "id": "609" }, "geometry": { "type": "Polygon", "coordinates": [ [ [ 13.84077, 52.87999 ], [ 13.8407, 52.87999 ], [ 13.8407, 52.88001 ], [ 13.8407, 52.88001 ], [ 13.84072, 52.88001 ], [ 13.84073, 52.88002 ], [ 13.84075, 52.88002 ], [ 13.84077, 52.88001 ], [ 13.84077, 52.87999 ] ] ] } },
{ "type": "Feature", "properties": { "Z_max": 15.7, "id": "610" }, "geometry": { "type": "Polygon", "coordinates": [ [ [ 13.84081, 52.87963 ], [ 13.84081, 52.87964 ], [ 13.84079, 52.87964 ], [ 13.84078, 52.87965 ], [ 13.8408, 52.87966 ], [ 13.84081, 52.87966 ], [ 13.84082, 52.87965 ], [ 13.84084, 52.87965 ], [ 13.84084, 52.87964 ], [ 13.84081, 52.87963 ] ] ] } },
{ "type": "Feature", "properties": { "Z_max": 19.0, "id": "611" }, "geometry": { "type": "Polygon", "coordinates": [ [ [ 13.8406, 52.88059 ], [ 13.84061, 52.88058 ], [ 13.84057, 52.88058 ], [ 13.84056, 52.88059 ], [ 13.84053, 52.8806 ], [ 13.84053, 52.88061 ], [ 13.84056, 52.88061 ], [ 13.84056, 52.88062 ], [ 13.84059, 52.88062 ], [ 13.84061, 52.88061 ], [ 13.8406, 52.88059 ] ] ] } },
{ "type": "Feature", "properties": { "Z_max": 26.2, "id": "612" }, "geometry": { "type": "Polygon", "coordinates": [ [ [ 13.84067, 52.88044 ], [ 13.84065, 52.88043 ], [ 13.84065, 52.88043 ], [ 13.84064, 52.88042 ], [ 13.84063, 52.88042 ], [ 13.84061, 52.88041 ], [ 13.84053, 52.88045 ], [ 13.84051, 52.88045 ], [ 13.84051, 52.88046 ], [ 13.84051, 52.88046 ], [ 13.84052, 52.88047 ], [ 13.84053, 52.88048 ], [ 13.84054, 52.88048 ], [ 13.84055, 52.88049 ], [ 13.8406, 52.88049 ], [ 13.84062, 52.88049 ], [ 13.84067, 52.88047 ], [ 13.8407, 52.88047 ], [ 13.8407, 52.88047 ], [ 13.84071, 52.88046 ], [ 13.84071, 52.88046 ], [ 13.84067, 52.88044 ] ] ] } },
{ "type": "Feature", "properties": { "Z_max": 29.5, "id": "613" }, "geometry": { "type": "Polygon", "coordinates": [ [ [ 13.84074, 52.8802 ], [ 13.84072, 52.8802 ], [ 13.84071, 52.8802 ], [ 13.84069, 52.88019 ], [ 13.84067, 52.88018 ], [ 13.84064, 52.8802 ], [ 13.84062, 52.8802 ], [ 13.8406, 52.88022 ], [ 13.84062, 52.88022 ], [ 13.84065, 52.88024 ], [ 13.84067, 52.88024 ], [ 13.84071, 52.88023 ], [ 13.84073, 52.88023 ], [ 13.84075, 52.88021 ], [ 13.84074, 52.8802 ] ] ] } },
{ "type": "Feature", "properties": { "Z_max": 18.4, "id": "614" }, "geometry": { "type": "Polygon", "coordinates": [ [ [ 13.84057, 52.88053 ], [ 13.84056, 52.88053 ], [ 13.84056, 52.88058 ], [ 13.84058, 52.88059 ], [ 13.84059, 52.88059 ], [ 13.84059, 52.88058 ], [ 13.84061, 52.88058 ], [ 13.84062, 52.88056 ], [ 13.84059, 52.88052 ], [ 13.84057, 52.88053 ] ] ] } },
{ "type": "Feature", "properties": { "Z_max": 29.0, "id": "615" }, "geometry": { "type": "Polygon", "coordinates": [ [ [ 13.8407, 52.88031 ], [ 13.84067, 52.88029 ], [ 13.84064, 52.88029 ], [ 13.84061, 52.88031 ], [ 13.84061, 52.88034 ], [ 13.84063, 52.88034 ], [ 13.84063, 52.88036 ], [ 13.84065, 52.88037 ], [ 13.84064, 52.88037 ], [ 13.84065, 52.88038 ], [ 13.84067, 52.88038 ], [ 13.84069, 52.88036 ], [ 13.8407, 52.88036 ], [ 13.8407, 52.88031 ] ] ] } },
{ "type": "Feature", "properties": { "Z_max": 29.5, "id": "616" }, "geometry": { "type": "Polygon", "coordinates": [ [ [ 13.84076, 52.88016 ], [ 13.84075, 52.88015 ], [ 13.84074, 52.88015 ], [ 13.84074, 52.88014 ], [ 13.84072, 52.88013 ], [ 13.84071, 52.88013 ], [ 13.84071, 52.88014 ], [ 13.84068, 52.88016 ], [ 13.84068, 52.88018 ], [ 13.84069, 52.88018 ], [ 13.84069, 52.88019 ], [ 13.8407, 52.88019 ], [ 13.84071, 52.8802 ], [ 13.84073, 52.8802 ], [ 13.84077, 52.88017 ], [ 13.84076, 52.88016 ] ] ] } },
{ "type": "Feature", "properties": { "Z_max": 27.4, "id": "617" }, "geometry": { "type": "Polygon", "coordinates": [ [ [ 13.84072, 52.88023 ], [ 13.8407, 52.88023 ], [ 13.84068, 52.88024 ], [ 13.84067, 52.88024 ], [ 13.84066, 52.88029 ], [ 13.84067, 52.88029 ], [ 13.84067, 52.8803 ], [ 13.84068, 52.8803 ], [ 13.84069, 52.88031 ], [ 13.8407, 52.88031 ], [ 13.84073, 52.88028 ], [ 13.84073, 52.88027 ], [ 13.84075, 52.88027 ], [ 13.84075, 52.88026 ], [ 13.84072, 52.88023 ] ] ] } },
{ "type": "Feature", "properties": { "Z_max": 29.7, "id": "618" }, "geometry": { "type": "Polygon", "coordinates": [ [ [ 13.8408, 52.8801 ], [ 13.84079, 52.8801 ], [ 13.84078, 52.8801 ], [ 13.84074, 52.8801 ], [ 13.84073, 52.8801 ], [ 13.84072, 52.88014 ], [ 13.84076, 52.88014 ], [ 13.8408, 52.88012 ], [ 13.8408, 52.8801 ] ] ] } },
{ "type": "Feature", "properties": { "Z_max": 29.4, "id": "619" }, "geometry": { "type": "Polygon", "coordinates": [ [ [ 13.84089, 52.87979 ], [ 13.84089, 52.87977 ], [ 13.84088, 52.87977 ], [ 13.84088, 52.87976 ], [ 13.84079, 52.87976 ], [ 13.84079, 52.8798 ], [ 13.84081, 52.8798 ], [ 13.84081, 52.87981 ], [ 13.84085, 52.87981 ], [ 13.84086, 52.87982 ], [ 13.84087, 52.87982 ], [ 13.84086, 52.87981 ], [ 13.84089, 52.87979 ] ] ] } },
{ "type": "Feature", "properties": { "Z_max": 29.3, "id": "620" }, "geometry": { "type": "Polygon", "coordinates": [ [ [ 13.84088, 52.87973 ], [ 13.84087, 52.87973 ], [ 13.84087, 52.87972 ], [ 13.8408, 52.87972 ], [ 13.84079, 52.87973 ], [ 13.84078, 52.87973 ], [ 13.84078, 52.87976 ], [ 13.8408, 52.87976 ], [ 13.84087, 52.87976 ], [ 13.84089, 52.87975 ], [ 13.8409, 52.87974 ], [ 13.84088, 52.87973 ] ] ] } },
{ "type": "Feature", "properties": { "Z_max": 30.0, "id": "621" }, "geometry": { "type": "Polygon", "coordinates": [ [ [ 13.84078, 52.88001 ], [ 13.84079, 52.88 ], [ 13.84077, 52.88 ], [ 13.84077, 52.88001 ], [ 13.84074, 52.88002 ], [ 13.84074, 52.88006 ], [ 13.84081, 52.88006 ], [ 13.84083, 52.88005 ], [ 13.84078, 52.88001 ] ] ] } },
{ "type": "Feature", "properties": { "Z_max": 31.9, "id": "622" }, "geometry": { "type": "Polygon", "coordinates": [ [ [ 13.84089, 52.87983 ], [ 13.84088, 52.87983 ], [ 13.84088, 52.87982 ], [ 13.84085, 52.87982 ], [ 13.84085, 52.87981 ], [ 13.84082, 52.87981 ], [ 13.84079, 52.87983 ], [ 13.84079, 52.87984 ], [ 13.84078, 52.87985 ], [ 13.84078, 52.87988 ], [ 13.84085, 52.87988 ], [ 13.84089, 52.87985 ], [ 13.84089, 52.87983 ] ] ] } },
{ "type": "Feature", "properties": { "Z_max": 24.6, "id": "623" }, "geometry": { "type": "Polygon", "coordinates": [ [ [ 13.8407, 52.88047 ], [ 13.84068, 52.88047 ], [ 13.84064, 52.88047 ], [ 13.8406, 52.88049 ], [ 13.84056, 52.88049 ], [ 13.84055, 52.88049 ], [ 13.8406, 52.88054 ], [ 13.84065, 52.88054 ], [ 13.8407, 52.88052 ], [ 13.8407, 52.88047 ] ] ] } },
{ "type": "Feature", "properties": { "Z_max": 13.0, "id": "624" }, "geometry": { "type": "Polygon", "coordinates": [ [ [ 13.8409, 52.87962 ], [ 13.8409, 52.87963 ], [ 13.84092, 52.87963 ], [ 13.84091, 52.87962 ], [ 13.8409, 52.87962 ] ] ] } },
{ "type": "Feature", "properties": { "Z_max": 28.8, "id": "625" }, "geometry": { "type": "Polygon", "coordinates": [ [ [ 13.84071, 52.88044 ], [ 13.84072, 52.88043 ], [ 13.84073, 52.88043 ], [ 13.84075, 52.88043 ], [ 13.84076, 52.88042 ], [ 13.84076, 52.88041 ], [ 13.84078, 52.88041 ], [ 13.84077, 52.88039 ], [ 13.84072, 52.88038 ], [ 13.84072, 52.88036 ], [ 13.84069, 52.88036 ], [ 13.84068, 52.88038 ], [ 13.84064, 52.88038 ], [ 13.84063, 52.88039 ], [ 13.84063, 52.88041 ], [ 13.84069, 52.88045 ], [ 13.84071, 52.88045 ], [ 13.84071, 52.88044 ] ] ] } },
{ "type": "Feature", "properties": { "Z_max": 28.7, "id": "626" }, "geometry": { "type": "Polygon", "coordinates": [ [ [ 13.84099, 52.87963 ], [ 13.84098, 52.87963 ], [ 13.84097, 52.87964 ], [ 13.84095, 52.87964 ], [ 13.84091, 52.87967 ], [ 13.84088, 52.87967 ], [ 13.84087, 52.87966 ], [ 13.84079, 52.87969 ], [ 13.8408, 52.87969 ], [ 13.84078, 52.8797 ], [ 13.84078, 52.87972 ], [ 13.84079, 52.87973 ], [ 13.84081, 52.87971 ], [ 13.84086, 52.87972 ], [ 13.84087, 52.87973 ], [ 13.84088, 52.87973 ], [ 13.8409, 52.87974 ], [ 13.84091, 52.87974 ], [ 13.84095, 52.87973 ], [ 13.84097, 52.87973 ], [ 13.84098, 52.87972 ], [ 13.84099, 52.87972 ], [ 13.84099, 52.87963 ] ] ] } },
{ "type": "Feature", "properties": { "Z_max": 26.8, "id": "627" }, "geometry": { "type": "Polygon", "coordinates": [ [ [ 13.84081, 52.88025 ], [ 13.84081, 52.88023 ], [ 13.84077, 52.88021 ], [ 13.84075, 52.88021 ], [ 13.84072, 52.88023 ], [ 13.84072, 52.88024 ], [ 13.84073, 52.88025 ], [ 13.84074, 52.88025 ], [ 13.84075, 52.88026 ], [ 13.84075, 52.88026 ], [ 13.84082, 52.88026 ], [ 13.84082, 52.88025 ], [ 13.84081, 52.88025 ] ] ] } },
{ "type": "Feature", "properties": { "Z_max": 29.8, "id": "628" }, "geometry": { "type": "Polygon", "coordinates": [ [ [ 13.84079, 52.88032 ], [ 13.84071, 52.88032 ], [ 13.8407, 52.88036 ], [ 13.84075, 52.88039 ], [ 13.84079, 52.88038 ], [ 13.84079, 52.88032 ] ] ] } },
{ "type": "Feature", "properties": { "Z_max": 29.4, "id": "629" }, "geometry": { "type": "Polygon", "coordinates": [ [ [ 13.84083, 52.88012 ], [ 13.8408, 52.88011 ], [ 13.84079, 52.88012 ], [ 13.84074, 52.88014 ], [ 13.84074, 52.88015 ], [ 13.84075, 52.88015 ], [ 13.84075, 52.88016 ], [ 13.84077, 52.88017 ], [ 13.84084, 52.88016 ], [ 13.84084, 52.88015 ], [ 13.84085, 52.88015 ], [ 13.84083, 52.88012 ] ] ] } },
{ "type": "Feature", "properties": { "Z_max": 28.7, "id": "630" }, "geometry": { "type": "Polygon", "coordinates": [ [ [ 13.84084, 52.88018 ], [ 13.84083, 52.88018 ], [ 13.84082, 52.88017 ], [ 13.84077, 52.88017 ], [ 13.84074, 52.88019 ], [ 13.84074, 52.8802 ], [ 13.84076, 52.8802 ], [ 13.84077, 52.88021 ], [ 13.8408, 52.88021 ], [ 13.84083, 52.88019 ], [ 13.84084, 52.88018 ] ] ] } },
{ "type": "Feature", "properties": { "Z_max": 28.5, "id": "631" }, "geometry": { "type": "Polygon", "coordinates": [ [ [ 13.84082, 52.88027 ], [ 13.84078, 52.88027 ], [ 13.84077, 52.88027 ], [ 13.84076, 52.88027 ], [ 13.84074, 52.88027 ], [ 13.84071, 52.88029 ], [ 13.84071, 52.8803 ], [ 13.8407, 52.88032 ], [ 13.84081, 52.88032 ], [ 13.84081, 52.88031 ], [ 13.84082, 52.88031 ], [ 13.84082, 52.88027 ] ] ] } },
{ "type": "Feature", "properties": { "Z_max": 34.6, "id": "632" }, "geometry": { "type": "Polygon", "coordinates": [ [ [ 13.84092, 52.87989 ], [ 13.84091, 52.87989 ], [ 13.8409, 52.87988 ], [ 13.84091, 52.87987 ], [ 13.84089, 52.87987 ], [ 13.84089, 52.87986 ], [ 13.84089, 52.87985 ], [ 13.84088, 52.87986 ], [ 13.84082, 52.87988 ], [ 13.84079, 52.87988 ], [ 13.84079, 52.87989 ], [ 13.8408, 52.8799 ], [ 13.84085, 52.87993 ], [ 13.84086, 52.87993 ], [ 13.84087, 52.87994 ], [ 13.84091, 52.87991 ], [ 13.84092, 52.87989 ] ] ] } },
{ "type": "Feature", "properties": { "Z_max": 10.8, "id": "633" }, "geometry": { "type": "Polygon", "coordinates": [ [ [ 13.84069, 52.88066 ], [ 13.84068, 52.88066 ], [ 13.84068, 52.88068 ], [ 13.84069, 52.88068 ], [ 13.84069, 52.88066 ] ] ] } },
{ "type": "Feature", "properties": { "Z_max": 30.5, "id": "634" }, "geometry": { "type": "Polygon", "coordinates": [ [ [ 13.84084, 52.88025 ], [ 13.84087, 52.88024 ], [ 13.84087, 52.88023 ], [ 13.84088, 52.88023 ], [ 13.84089, 52.88022 ], [ 13.8409, 52.88022 ], [ 13.8409, 52.88021 ], [ 13.84088, 52.88021 ], [ 13.84088, 52.8802 ], [ 13.84087, 52.8802 ], [ 13.84086, 52.8802 ], [ 13.84084, 52.88019 ], [ 13.84082, 52.8802 ], [ 13.84082, 52.88021 ], [ 13.84079, 52.88021 ], [ 13.84078, 52.88022 ], [ 13.84083, 52.88027 ], [ 13.84084, 52.88027 ], [ 13.84084, 52.88025 ] ] ] } },
{ "type": "Feature", "properties": { "Z_max": 30.2, "id": "635" }, "geometry": { "type": "Polygon", "coordinates": [ [ [ 13.84093, 52.88011 ], [ 13.84093, 52.88011 ], [ 13.84092, 52.88011 ], [ 13.84092, 52.8801 ], [ 13.8409, 52.8801 ], [ 13.84088, 52.88009 ], [ 13.84086, 52.88009 ], [ 13.84081, 52.88011 ], [ 13.84082, 52.88012 ], [ 13.84086, 52.88015 ], [ 13.84088, 52.88015 ], [ 13.84093, 52.88013 ], [ 13.84093, 52.88012 ], [ 13.84094, 52.88012 ], [ 13.84093, 52.88011 ] ] ] } },
{ "type": "Feature", "properties": { "Z_max": 15.6, "id": "636" }, "geometry": { "type": "Polygon", "coordinates": [ [ [ 13.84074, 52.88064 ], [ 13.84074, 52.88063 ], [ 13.84073, 52.88062 ], [ 13.84073, 52.88062 ], [ 13.84072, 52.88062 ], [ 13.8407, 52.88062 ], [ 13.84067, 52.88063 ], [ 13.84067, 52.88065 ], [ 13.84068, 52.88065 ], [ 13.84068, 52.88066 ], [ 13.84069, 52.88066 ], [ 13.8407, 52.88067 ], [ 13.84072, 52.88067 ], [ 13.84074, 52.88065 ], [ 13.84075, 52.88065 ], [ 13.84074, 52.88064 ] ] ] } },
{ "type": "Feature", "properties": { "Z_max": 29.7, "id": "637" }, "geometry": { "type": "Polygon", "coordinates": [ [ [ 13.84097, 52.87995 ], [ 13.84096, 52.87994 ], [ 13.84097, 52.87993 ], [ 13.84095, 52.87993 ], [ 13.84094, 52.87992 ], [ 13.84093, 52.87991 ], [ 13.84091, 52.8799 ], [ 13.8409, 52.87992 ], [ 13.84089, 52.87993 ], [ 13.84088, 52.87993 ], [ 13.84088, 52.87993 ], [ 13.8409, 52.87993 ], [ 13.8409, 52.87995 ], [ 13.84089, 52.87995 ], [ 13.84089, 52.87996 ], [ 13.84088, 52.87996 ], [ 13.84087, 52.87997 ], [ 13.84086, 52.87997 ], [ 13.84086, 52.87997 ], [ 13.84091, 52.88 ], [ 13.84096, 52.88001 ], [ 13.84099, 52.87997 ], [ 13.841, 52.87995 ], [ 13.84097, 52.87995 ] ] ] } },
{ "type": "Feature", "properties": { "Z_max": 34.2, "id": "638" }, "geometry": { "type": "Polygon", "coordinates": [ [ [ 13.84095, 52.88003 ], [ 13.84094, 52.88002 ], [ 13.84089, 52.88002 ], [ 13.84089, 52.88003 ], [ 13.84088, 52.88003 ], [ 13.84083, 52.88005 ], [ 13.84083, 52.88006 ], [ 13.84087, 52.88009 ], [ 13.8409, 52.88009 ], [ 13.8409, 52.88008 ], [ 13.84093, 52.88007 ], [ 13.84093, 52.88006 ], [ 13.84094, 52.88006 ], [ 13.84095, 52.88003 ] ] ] } },
{ "type": "Feature", "properties": { "Z_max": 28.5, "id": "639" }, "geometry": { "type": "Polygon", "coordinates": [ [ [ 13.84085, 52.88034 ], [ 13.84085, 52.88031 ], [ 13.84084, 52.8803 ], [ 13.84083, 52.8803 ], [ 13.8408, 52.88032 ], [ 13.84079, 52.88032 ], [ 13.84079, 52.88036 ], [ 13.84081, 52.88036 ], [ 13.84083, 52.88038 ], [ 13.84084, 52.88038 ], [ 13.84085, 52.88037 ], [ 13.84085, 52.88036 ], [ 13.84086, 52.88036 ], [ 13.84086, 52.88034 ], [ 13.84085, 52.88034 ] ] ] } },
{ "type": "Feature", "properties": { "Z_max": 14.9, "id": "640" }, "geometry": { "type": "Polygon", "coordinates": [ [ [ 13.84077, 52.88068 ], [ 13.84077, 52.88065 ], [ 13.84074, 52.88065 ], [ 13.84074, 52.88066 ], [ 13.84073, 52.88066 ], [ 13.84073, 52.88068 ], [ 13.84074, 52.88068 ], [ 13.84074, 52.88069 ], [ 13.84081, 52.88069 ], [ 13.84081, 52.88068 ], [ 13.84081, 52.88068 ], [ 13.84077, 52.88068 ] ] ] } },
{ "type": "Feature", "properties": { "Z_max": 15.2, "id": "641" }, "geometry": { "type": "Polygon", "coordinates": [ [ [ 13.84081, 52.88072 ], [ 13.84074, 52.88073 ], [ 13.84071, 52.88074 ], [ 13.84071, 52.88075 ], [ 13.84074, 52.88077 ], [ 13.84076, 52.88077 ], [ 13.84081, 52.88075 ], [ 13.84081, 52.88072 ] ] ] } },
{ "type": "Feature", "properties": { "Z_max": 29.1, "id": "642" }, "geometry": { "type": "Polygon", "coordinates": [ [ [ 13.84094, 52.88039 ], [ 13.84091, 52.88037 ], [ 13.84087, 52.88036 ], [ 13.84086, 52.88037 ], [ 13.84085, 52.88037 ], [ 13.84082, 52.88038 ], [ 13.84078, 52.88038 ], [ 13.84078, 52.88039 ], [ 13.84079, 52.88039 ], [ 13.84082, 52.88041 ], [ 13.84083, 52.88041 ], [ 13.84084, 52.88042 ], [ 13.84088, 52.88042 ], [ 13.84089, 52.88042 ], [ 13.84094, 52.88039 ] ] ] } },
{ "type": "Feature", "properties": { "Z_max": 13.9, "id": "643" }, "geometry": { "type": "Polygon", "coordinates": [ [ [ 13.84082, 52.88073 ], [ 13.84081, 52.88073 ], [ 13.84081, 52.88075 ], [ 13.84084, 52.88075 ], [ 13.84084, 52.88074 ], [ 13.84083, 52.88074 ], [ 13.84082, 52.88073 ] ] ] } },
{ "type": "Feature", "properties": { "Z_max": 15.6, "id": "644" }, "geometry": { "type": "Polygon", "coordinates": [ [ [ 13.84086, 52.8807 ], [ 13.84086, 52.88069 ], [ 13.84085, 52.88069 ], [ 13.84084, 52.88067 ], [ 13.84081, 52.88067 ], [ 13.84081, 52.88069 ], [ 13.8408, 52.88069 ], [ 13.8408, 52.88072 ], [ 13.84085, 52.88072 ], [ 13.84086, 52.88071 ], [ 13.84087, 52.88071 ], [ 13.84086, 52.8807 ] ] ] } },
{ "type": "Feature", "properties": { "Z_max": 24.3, "id": "645" }, "geometry": { "type": "Polygon", "coordinates": [ [ [ 13.83859, 52.88043 ], [ 13.83859, 52.88042 ], [ 13.83854, 52.88043 ], [ 13.83853, 52.88042 ], [ 13.83849, 52.88046 ], [ 13.83849, 52.88049 ], [ 13.83849, 52.88049 ], [ 13.8385, 52.8805 ], [ 13.83856, 52.8805 ], [ 13.8386, 52.88048 ], [ 13.83861, 52.88043 ], [ 13.83859, 52.88043 ] ] ] } },
{ "type": "Feature", "properties": { "Z_max": 22.1, "id": "646" }, "geometry": { "type": "Polygon", "coordinates": [ [ [ 13.83855, 52.88016 ], [ 13.83857, 52.88015 ], [ 13.83854, 52.88015 ], [ 13.83854, 52.88014 ], [ 13.83849, 52.88014 ], [ 13.8385, 52.88014 ], [ 13.83848, 52.88015 ], [ 13.83848, 52.88018 ], [ 13.83855, 52.88018 ], [ 13.83855, 52.88016 ] ] ] } },
{ "type": "Feature", "properties": { "Z_max": 2.3, "id": "647" }, "geometry": { "type": "Polygon", "coordinates": [ [ [ 13.8386, 52.88026 ], [ 13.8386, 52.88027 ], [ 13.83861, 52.88027 ], [ 13.83861, 52.88026 ], [ 13.8386, 52.88026 ] ] ] } },
{ "type": "Feature", "properties": { "Z_max": 22.9, "id": "648" }, "geometry": { "type": "Polygon", "coordinates": [ [ [ 13.83872, 52.88072 ], [ 13.83871, 52.88072 ], [ 13.83872, 52.88066 ], [ 13.83872, 52.88066 ], [ 13.83871, 52.88066 ], [ 13.8387, 52.88067 ], [ 13.83869, 52.88067 ], [ 13.83868, 52.88069 ], [ 13.83867, 52.88069 ], [ 13.83864, 52.88072 ], [ 13.83864, 52.88074 ], [ 13.83866, 52.88076 ], [ 13.83868, 52.88076 ], [ 13.83873, 52.88075 ], [ 13.83873, 52.88072 ], [ 13.83872, 52.88072 ] ] ] } },
{ "type": "Feature", "properties": { "Z_max": 22.6, "id": "649" }, "geometry": { "type": "Polygon", "coordinates": [ [ [ 13.83866, 52.88038 ], [ 13.83866, 52.88038 ], [ 13.83865, 52.88037 ], [ 13.83865, 52.88037 ], [ 13.83863, 52.88036 ], [ 13.83861, 52.88036 ], [ 13.83861, 52.88038 ], [ 13.83859, 52.88038 ], [ 13.83859, 52.8804 ], [ 13.8386, 52.8804 ], [ 13.83861, 52.88041 ], [ 13.83862, 52.88041 ], [ 13.83863, 52.8804 ], [ 13.83866, 52.8804 ], [ 13.83868, 52.8804 ], [ 13.83868, 52.88039 ], [ 13.83866, 52.88038 ] ] ] } },
{ "type": "Feature", "properties": { "Z_max": 22.9, "id": "650" }, "geometry": { "type": "Polygon", "coordinates": [ [ [ 13.83867, 52.88008 ], [ 13.83862, 52.88009 ], [ 13.83861, 52.88007 ], [ 13.83859, 52.88007 ], [ 13.83857, 52.88009 ], [ 13.83857, 52.88011 ], [ 13.83858, 52.88011 ], [ 13.83859, 52.88012 ], [ 13.83858, 52.88014 ], [ 13.83864, 52.88013 ], [ 13.83867, 52.8801 ], [ 13.83867, 52.88008 ] ] ] } },
{ "type": "Feature", "properties": { "Z_max": 22.9, "id": "651" }, "geometry": { "type": "Polygon", "coordinates": [ [ [ 13.83872, 52.88065 ], [ 13.83872, 52.88072 ], [ 13.83873, 52.88073 ], [ 13.83873, 52.88075 ], [ 13.83875, 52.88075 ], [ 13.83876, 52.88076 ], [ 13.83882, 52.88076 ], [ 13.83878, 52.88068 ], [ 13.83872, 52.88065 ] ] ] } },
{ "type": "Feature", "properties": { "Z_max": 20.4, "id": "652" }, "geometry": { "type": "Polygon", "coordinates": [ [ [ 13.83869, 52.88023 ], [ 13.8387, 52.88022 ], [ 13.8387, 52.88021 ], [ 13.83868, 52.88021 ], [ 13.83867, 52.8802 ], [ 13.83865, 52.8802 ], [ 13.83863, 52.88021 ], [ 13.83863, 52.88021 ], [ 13.83863, 52.88021 ], [ 13.83862, 52.88022 ], [ 13.83861, 52.88022 ], [ 13.83861, 52.88023 ], [ 13.83863, 52.88024 ], [ 13.83868, 52.88024 ], [ 13.83869, 52.88023 ] ] ] } },
{ "type": "Feature", "properties": { "Z_max": 20.8, "id": "653" }, "geometry": { "type": "Polygon", "coordinates": [ [ [ 13.83882, 52.88073 ], [ 13.8388, 52.88072 ], [ 13.83879, 52.88071 ], [ 13.83878, 52.88071 ], [ 13.83878, 52.88073 ], [ 13.83879, 52.88073 ], [ 13.83879, 52.88075 ], [ 13.83882, 52.88075 ], [ 13.83882, 52.88073 ] ] ] } },
{ "type": "Feature", "properties": { "Z_max": 20.6, "id": "654" }, "geometry": { "type": "Polygon", "coordinates": [ [ [ 13.83873, 52.88018 ], [ 13.83871, 52.88018 ], [ 13.83872, 52.88017 ], [ 13.83869, 52.88018 ], [ 13.83867, 52.88017 ], [ 13.83866, 52.88017 ], [ 13.83864, 52.88018 ], [ 13.83863, 52.88018 ], [ 13.83864, 52.8802 ], [ 13.83866, 52.8802 ], [ 13.83867, 52.88021 ], [ 13.8387, 52.88021 ], [ 13.83873, 52.88018 ] ] ] } },
{ "type": "Feature", "properties": { "Z_max": 2.7, "id": "655" }, "geometry": { "type": "Polygon", "coordinates": [ [ [ 13.83879, 52.88065 ], [ 13.83879, 52.88066 ], [ 13.83881, 52.88066 ], [ 13.8388, 52.88065 ], [ 13.83879, 52.88065 ] ] ] } },
{ "type": "Feature", "properties": { "Z_max": 21.9, "id": "656" }, "geometry": { "type": "Polygon", "coordinates": [ [ [ 13.83874, 52.88009 ], [ 13.83868, 52.88009 ], [ 13.83867, 52.88011 ], [ 13.83864, 52.88012 ], [ 13.83864, 52.88014 ], [ 13.8387, 52.88014 ], [ 13.8387, 52.88015 ], [ 13.83872, 52.88014 ], [ 13.83873, 52.88014 ], [ 13.83875, 52.88014 ], [ 13.83874, 52.88009 ] ] ] } },
{ "type": "Feature", "properties": { "Z_max": 19.8, "id": "657" }, "geometry": { "type": "Polygon", "coordinates": [ [ [ 13.83886, 52.88079 ], [ 13.83887, 52.88079 ], [ 13.83888, 52.8808 ], [ 13.83887, 52.88079 ], [ 13.83886, 52.88079 ] ] ] } },
{ "type": "Feature", "properties": { "Z_max": 22.2, "id": "658" }, "geometry": { "type": "Polygon", "coordinates": [ [ [ 13.83885, 52.88051 ], [ 13.83886, 52.8805 ], [ 13.83884, 52.88049 ], [ 13.83879, 52.88049 ], [ 13.83878, 52.88049 ], [ 13.83878, 52.8805 ], [ 13.83877, 52.8805 ], [ 13.83876, 52.88052 ], [ 13.83875, 52.88052 ], [ 13.83875, 52.88054 ], [ 13.8388, 52.88054 ], [ 13.83881, 52.88055 ], [ 13.83882, 52.88055 ], [ 13.83887, 52.88053 ], [ 13.83887, 52.88052 ], [ 13.83885, 52.88051 ] ] ] } },
{ "type": "Feature", "properties": { "Z_max": 21.0, "id": "659" }, "geometry": { "type": "Polygon", "coordinates": [ [ [ 13.83878, 52.88016 ], [ 13.83876, 52.88014 ], [ 13.83873, 52.88014 ], [ 13.83873, 52.88015 ], [ 13.83872, 52.88015 ], [ 13.83872, 52.88018 ], [ 13.83873, 52.88018 ], [ 13.83873, 52.88019 ], [ 13.83876, 52.88019 ], [ 13.83878, 52.88017 ], [ 13.83878, 52.88016 ] ] ] } },
{ "type": "Feature", "properties": { "Z_max": 23.1, "id": "660" }, "geometry": { "type": "Polygon", "coordinates": [ [ [ 13.83878, 52.88004 ], [ 13.83868, 52.88004 ], [ 13.83868, 52.88006 ], [ 13.83869, 52.88007 ], [ 13.83872, 52.88006 ], [ 13.83872, 52.88009 ], [ 13.83875, 52.88009 ], [ 13.83878, 52.88007 ], [ 13.83878, 52.88004 ] ] ] } },
{ "type": "Feature", "properties": { "Z_max": 17.9, "id": "661" }, "geometry": { "type": "Polygon", "coordinates": [ [ [ 13.8389, 52.88076 ], [ 13.8389, 52.88077 ], [ 13.83891, 52.88077 ], [ 13.83891, 52.88076 ], [ 13.8389, 52.88076 ] ] ] } },
{ "type": "Feature", "properties": { "Z_max": 17.1, "id": "662" }, "geometry": { "type": "Polygon", "coordinates": [ [ [ 13.83881, 52.88027 ], [ 13.83881, 52.88025 ], [ 13.8388, 52.88024 ], [ 13.83878, 52.88024 ], [ 13.83876, 52.88025 ], [ 13.83876, 52.88027 ], [ 13.83877, 52.88028 ], [ 13.8388, 52.88028 ], [ 13.83883, 52.88028 ], [ 13.83881, 52.88027 ] ] ] } },
{ "type": "Feature", "properties": { "Z_max": 23.2, "id": "663" }, "geometry": { "type": "Polygon", "coordinates": [ [ [ 13.83875, 52.87993 ], [ 13.83871, 52.87993 ], [ 13.83871, 52.87997 ], [ 13.83872, 52.87996 ], [ 13.83873, 52.87998 ], [ 13.83877, 52.87997 ], [ 13.83879, 52.87997 ], [ 13.83875, 52.87993 ] ] ] } },
{ "type": "Feature", "properties": { "Z_max": 21.4, "id": "664" }, "geometry": { "type": "Polygon", "coordinates": [ [ [ 13.83883, 52.88015 ], [ 13.83881, 52.88014 ], [ 13.8388, 52.88014 ], [ 13.83878, 52.88015 ], [ 13.83878, 52.88018 ], [ 13.83879, 52.88019 ], [ 13.83882, 52.88019 ], [ 13.83882, 52.88018 ], [ 13.83883, 52.88017 ], [ 13.83883, 52.88015 ] ] ] } },
{ "type": "Feature", "properties": { "Z_max": 19.4, "id": "665" }, "geometry": { "type": "Polygon", "coordinates": [ [ [ 13.83901, 52.88084 ], [ 13.83894, 52.88084 ], [ 13.83894, 52.88085 ], [ 13.83894, 52.88087 ], [ 13.83892, 52.88088 ], [ 13.83892, 52.88088 ], [ 13.83897, 52.88091 ], [ 13.83899, 52.88092 ], [ 13.83904, 52.88089 ], [ 13.83904, 52.88089 ], [ 13.83905, 52.88089 ], [ 13.83905, 52.88087 ], [ 13.83901, 52.88084 ] ] ] } },
{ "type": "Feature", "properties": { "Z_max": 20.4, "id": "666" }, "geometry": { "type": "Polygon", "coordinates": [ [ [ 13.83887, 52.88009 ], [ 13.83886, 52.88008 ], [ 13.83879, 52.88008 ], [ 13.83879, 52.88011 ], [ 13.83884, 52.88013 ], [ 13.83885, 52.88014 ], [ 13.83885, 52.88013 ], [ 13.83887, 52.88013 ], [ 13.83887, 52.88009 ] ] ] } },
{ "type": "Feature", "properties": { "Z_max": 22.6, "id": "667" }, "geometry": { "type": "Polygon", "coordinates": [ [ [ 13.83893, 52.88042 ], [ 13.83893, 52.8804 ], [ 13.83889, 52.8804 ], [ 13.83888, 52.88041 ], [ 13.83887, 52.88042 ], [ 13.83886, 52.88042 ], [ 13.83886, 52.88046 ], [ 13.8389, 52.88048 ], [ 13.83892, 52.88048 ], [ 13.83896, 52.88047 ], [ 13.83896, 52.88044 ], [ 13.83893, 52.88042 ] ] ] } },
{ "type": "Feature", "properties": { "Z_max": 18.5, "id": "668" }, "geometry": { "type": "Polygon", "coordinates": [ [ [ 13.83889, 52.88023 ], [ 13.83887, 52.88023 ], [ 13.83885, 52.88024 ], [ 13.83883, 52.88024 ], [ 13.83883, 52.88023 ], [ 13.83881, 52.88023 ], [ 13.83881, 52.88023 ], [ 13.8388, 52.88024 ], [ 13.83886, 52.88025 ], [ 13.83887, 52.88026 ], [ 13.8389, 52.88025 ], [ 13.83891, 52.88024 ], [ 13.83889, 52.88023 ] ] ] } },
{ "type": "Feature", "properties": { "Z_max": 18.1, "id": "669" }, "geometry": { "type": "Polygon", "coordinates": [ [ [ 13.83907, 52.88079 ], [ 13.83906, 52.88079 ], [ 13.83905, 52.88079 ], [ 13.83904, 52.88078 ], [ 13.83898, 52.88078 ], [ 13.83898, 52.88083 ], [ 13.83905, 52.88083 ], [ 13.83905, 52.88082 ], [ 13.83907, 52.88081 ], [ 13.83907, 52.88079 ] ] ] } },
{ "type": "Feature", "properties": { "Z_max": 15.5, "id": "670" }, "geometry": { "type": "Polygon", "coordinates": [ [ [ 13.83911, 52.88092 ], [ 13.83911, 52.8809 ], [ 13.8391, 52.8809 ], [ 13.83907, 52.8809 ], [ 13.83904, 52.88089 ], [ 13.83899, 52.88091 ], [ 13.839, 52.88093 ], [ 13.83903, 52.88093 ], [ 13.83902, 52.88094 ], [ 13.83908, 52.88094 ], [ 13.83909, 52.88093 ], [ 13.83912, 52.88093 ], [ 13.83912, 52.88093 ], [ 13.83911, 52.88092 ] ] ] } },
{ "type": "Feature", "properties": { "Z_max": 18.4, "id": "671" }, "geometry": { "type": "Polygon", "coordinates": [ [ [ 13.83905, 52.88086 ], [ 13.8391, 52.88083 ], [ 13.83908, 52.88082 ], [ 13.83906, 52.88082 ], [ 13.83904, 52.88083 ], [ 13.83901, 52.88084 ], [ 13.839, 52.88083 ], [ 13.839, 52.88084 ], [ 13.83903, 52.88086 ], [ 13.83904, 52.88087 ], [ 13.83905, 52.88086 ] ] ] } },
{ "type": "Feature", "properties": { "Z_max": 17.6, "id": "672" }, "geometry": { "type": "Polygon", "coordinates": [ [ [ 13.83907, 52.88075 ], [ 13.83907, 52.88074 ], [ 13.83904, 52.88074 ], [ 13.839, 52.88073 ], [ 13.839, 52.88072 ], [ 13.83898, 52.88072 ], [ 13.83898, 52.88074 ], [ 13.839, 52.88075 ], [ 13.839, 52.88076 ], [ 13.83899, 52.88078 ], [ 13.83901, 52.88078 ], [ 13.83905, 52.88079 ], [ 13.83907, 52.88079 ], [ 13.83907, 52.88078 ], [ 13.83908, 52.88077 ], [ 13.83908, 52.88076 ], [ 13.83907, 52.88075 ] ] ] } },
{ "type": "Feature", "properties": { "Z_max": 16.4, "id": "673" }, "geometry": { "type": "Polygon", "coordinates": [ [ [ 13.83911, 52.88093 ], [ 13.83909, 52.88093 ], [ 13.83907, 52.88094 ], [ 13.83904, 52.88094 ], [ 13.83907, 52.88099 ], [ 13.83911, 52.88098 ], [ 13.83911, 52.88093 ] ] ] } },
{ "type": "Feature", "properties": { "Z_max": 20.6, "id": "674" }, "geometry": { "type": "Polygon", "coordinates": [ [ [ 13.83896, 52.88007 ], [ 13.83893, 52.88007 ], [ 13.83888, 52.88007 ], [ 13.83887, 52.88008 ], [ 13.83887, 52.88008 ], [ 13.83888, 52.88008 ], [ 13.83893, 52.88011 ], [ 13.83894, 52.88011 ], [ 13.83896, 52.88009 ], [ 13.83897, 52.88009 ], [ 13.83896, 52.88007 ] ] ] } },
{ "type": "Feature", "properties": { "Z_max": 21.9, "id": "675" }, "geometry": { "type": "Polygon", "coordinates": [ [ [ 13.83895, 52.88001 ], [ 13.83891, 52.88002 ], [ 13.83888, 52.88002 ], [ 13.83889, 52.88004 ], [ 13.8389, 52.88005 ], [ 13.8389, 52.88007 ], [ 13.83893, 52.88006 ], [ 13.83895, 52.88006 ], [ 13.83895, 52.88006 ], [ 13.83895, 52.88001 ] ] ] } },
{ "type": "Feature", "properties": { "Z_max": 15.1, "id": "676" }, "geometry": { "type": "Polygon", "coordinates": [ [ [ 13.83916, 52.88086 ], [ 13.83916, 52.88085 ], [ 13.8391, 52.88085 ], [ 13.8391, 52.88089 ], [ 13.83911, 52.8809 ], [ 13.83912, 52.88089 ], [ 13.83914, 52.88089 ], [ 13.83916, 52.88086 ] ] ] } },
{ "type": "Feature", "properties": { "Z_max": 15.5, "id": "677" }, "geometry": { "type": "Polygon", "coordinates": [ [ [ 13.83913, 52.88073 ], [ 13.8391, 52.88072 ], [ 13.8391, 52.88072 ], [ 13.83909, 52.88072 ], [ 13.83907, 52.88074 ], [ 13.83909, 52.88077 ], [ 13.83911, 52.88076 ], [ 13.83913, 52.88075 ], [ 13.83913, 52.88073 ] ] ] } },
{ "type": "Feature", "properties": { "Z_max": 21.8, "id": "678" }, "geometry": { "type": "Polygon", "coordinates": [ [ [ 13.83907, 52.88037 ], [ 13.83905, 52.88036 ], [ 13.839, 52.88036 ], [ 13.83898, 52.88037 ], [ 13.83898, 52.88038 ], [ 13.83899, 52.88038 ], [ 13.83899, 52.8804 ], [ 13.83903, 52.8804 ], [ 13.83907, 52.88038 ], [ 13.83907, 52.88037 ] ] ] } },
{ "type": "Feature", "properties": { "Z_max": 16.8, "id": "679" }, "geometry": { "type": "Polygon", "coordinates": [ [ [ 13.83922, 52.88095 ], [ 13.83921, 52.88094 ], [ 13.8392, 52.88094 ], [ 13.8392, 52.88092 ], [ 13.83913, 52.88093 ], [ 13.83911, 52.88094 ], [ 13.83911, 52.88097 ], [ 13.83912, 52.88097 ], [ 13.83911, 52.88099 ], [ 13.83913, 52.881 ], [ 13.83915, 52.881 ], [ 13.83918, 52.88099 ], [ 13.8392, 52.88099 ], [ 13.83922, 52.88095 ] ] ] } },
{ "type": "Feature", "properties": { "Z_max": 16.9, "id": "680" }, "geometry": { "type": "Polygon", "coordinates": [ [ [ 13.83915, 52.88083 ], [ 13.83916, 52.88082 ], [ 13.83912, 52.88082 ], [ 13.8391, 52.88083 ], [ 13.83912, 52.88084 ], [ 13.83912, 52.88085 ], [ 13.83917, 52.88085 ], [ 13.83917, 52.88084 ], [ 13.83915, 52.88083 ] ] ] } },
{ "type": "Feature", "properties": { "Z_max": 13.0, "id": "681" }, "geometry": { "type": "Polygon", "coordinates": [ [ [ 13.83913, 52.88078 ], [ 13.83913, 52.88077 ], [ 13.8391, 52.88077 ], [ 13.83911, 52.88079 ], [ 13.83913, 52.88079 ], [ 13.83915, 52.88078 ], [ 13.83913, 52.88078 ] ] ] } },
{ "type": "Feature", "properties": { "Z_max": 22.1, "id": "682" }, "geometry": { "type": "Polygon", "coordinates": [ [ [ 13.83894, 52.88016 ], [ 13.83893, 52.88016 ], [ 13.83892, 52.88016 ], [ 13.83893, 52.88018 ], [ 13.83893, 52.88018 ], [ 13.83894, 52.88019 ], [ 13.83896, 52.88019 ], [ 13.83899, 52.88021 ], [ 13.83901, 52.8802 ], [ 13.83903, 52.8802 ], [ 13.839, 52.88016 ], [ 13.83894, 52.88016 ] ] ] } },
{ "type": "Feature", "properties": { "Z_max": 21.1, "id": "683" }, "geometry": { "type": "Polygon", "coordinates": [ [ [ 13.83901, 52.88011 ], [ 13.839, 52.88011 ], [ 13.83898, 52.8801 ], [ 13.83896, 52.8801 ], [ 13.83891, 52.88012 ], [ 13.83891, 52.88015 ], [ 13.83893, 52.88015 ], [ 13.83893, 52.88016 ], [ 13.83899, 52.88016 ], [ 13.839, 52.88015 ], [ 13.839, 52.88014 ], [ 13.83901, 52.88014 ], [ 13.83901, 52.88011 ] ] ] } },
{ "type": "Feature", "properties": { "Z_max": 20.4, "id": "684" }, "geometry": { "type": "Polygon", "coordinates": [ [ [ 13.83903, 52.8802 ], [ 13.839, 52.8802 ], [ 13.83898, 52.88022 ], [ 13.83898, 52.88024 ], [ 13.83897, 52.88024 ], [ 13.83897, 52.88025 ], [ 13.83901, 52.88026 ], [ 13.83902, 52.88024 ], [ 13.83903, 52.8802 ] ] ] } },
{ "type": "Feature", "properties": { "Z_max": 15.1, "id": "685" }, "geometry": { "type": "Polygon", "coordinates": [ [ [ 13.8392, 52.88091 ], [ 13.83915, 52.8809 ], [ 13.83911, 52.88092 ], [ 13.83912, 52.88092 ], [ 13.83918, 52.88092 ], [ 13.8392, 52.88091 ] ] ] } },
{ "type": "Feature", "properties": { "Z_max": 17.5, "id": "686" }, "geometry": { "type": "Polygon", "coordinates": [ [ [ 13.83915, 52.88066 ], [ 13.83912, 52.88066 ], [ 13.83912, 52.88065 ], [ 13.83911, 52.88065 ], [ 13.83909, 52.88066 ], [ 13.83909, 52.88068 ], [ 13.83908, 52.88068 ], [ 13.83905, 52.88068 ], [ 13.83904, 52.88068 ], [ 13.83906, 52.88069 ], [ 13.83911, 52.88069 ], [ 13.83912, 52.8807 ], [ 13.83913, 52.8807 ], [ 13.83913, 52.88069 ], [ 13.83915, 52.88068 ], [ 13.83915, 52.88066 ] ] ] } },
{ "type": "Feature", "properties": { "Z_max": 17.6, "id": "687" }, "geometry": { "type": "Polygon", "coordinates": [ [ [ 13.83915, 52.88068 ], [ 13.83914, 52.88068 ], [ 13.83912, 52.88069 ], [ 13.83907, 52.88069 ], [ 13.83908, 52.88071 ], [ 13.83909, 52.88071 ], [ 13.83909, 52.88072 ], [ 13.8391, 52.88071 ], [ 13.8391, 52.88072 ], [ 13.83913, 52.88073 ], [ 13.83915, 52.88073 ], [ 13.83915, 52.88072 ], [ 13.83918, 52.88072 ], [ 13.83918, 52.88071 ], [ 13.83915, 52.88068 ] ] ] } },
{ "type": "Feature", "properties": { "Z_max": 14.9, "id": "688" }, "geometry": { "type": "Polygon", "coordinates": [ [ [ 13.83923, 52.88099 ], [ 13.83922, 52.88099 ], [ 13.83921, 52.88099 ], [ 13.8392, 52.88101 ], [ 13.83917, 52.88101 ], [ 13.83917, 52.88102 ], [ 13.8392, 52.88103 ], [ 13.8392, 52.88103 ], [ 13.83922, 52.88103 ], [ 13.83923, 52.88099 ] ] ] } },
{ "type": "Feature", "properties": { "Z_max": 17.0, "id": "689" }, "geometry": { "type": "Polygon", "coordinates": [ [ [ 13.83918, 52.88075 ], [ 13.83915, 52.88076 ], [ 13.83914, 52.88074 ], [ 13.8391, 52.88076 ], [ 13.83911, 52.88077 ], [ 13.83915, 52.88079 ], [ 13.83917, 52.88079 ], [ 13.83919, 52.88078 ], [ 13.83919, 52.88077 ], [ 13.83918, 52.88075 ] ] ] } },
{ "type": "Feature", "properties": { "Z_max": 15.1, "id": "690" }, "geometry": { "type": "Polygon", "coordinates": [ [ [ 13.83923, 52.88087 ], [ 13.83922, 52.88087 ], [ 13.83921, 52.88085 ], [ 13.83922, 52.88084 ], [ 13.83918, 52.88084 ], [ 13.83916, 52.88085 ], [ 13.83916, 52.88086 ], [ 13.83914, 52.88087 ], [ 13.83914, 52.88089 ], [ 13.83917, 52.88089 ], [ 13.83917, 52.88088 ], [ 13.83919, 52.88089 ], [ 13.83919, 52.8809 ], [ 13.83919, 52.88091 ], [ 13.83923, 52.88089 ], [ 13.83923, 52.88087 ] ] ] } },
{ "type": "Feature", "properties": { "Z_max": 15.2, "id": "691" }, "geometry": { "type": "Polygon", "coordinates": [ [ [ 13.83913, 52.88057 ], [ 13.83912, 52.88056 ], [ 13.83911, 52.88058 ], [ 13.83913, 52.88059 ], [ 13.83913, 52.88057 ] ] ] } },
{ "type": "Feature", "properties": { "Z_max": 14.8, "id": "692" }, "geometry": { "type": "Polygon", "coordinates": [ [ [ 13.83926, 52.88098 ], [ 13.83923, 52.88098 ], [ 13.83921, 52.88102 ], [ 13.83924, 52.88103 ], [ 13.83926, 52.88103 ], [ 13.83926, 52.88104 ], [ 13.83927, 52.88104 ], [ 13.83927, 52.88103 ], [ 13.83929, 52.88102 ], [ 13.83929, 52.88102 ], [ 13.83926, 52.881 ], [ 13.83926, 52.88098 ] ] ] } },
{ "type": "Feature", "properties": { "Z_max": 15.6, "id": "693" }, "geometry": { "type": "Polygon", "coordinates": [ [ [ 13.83924, 52.88079 ], [ 13.83922, 52.88079 ], [ 13.8392, 52.88078 ], [ 13.83918, 52.88078 ], [ 13.83917, 52.88079 ], [ 13.83916, 52.88079 ], [ 13.83919, 52.88084 ], [ 13.8392, 52.88084 ], [ 13.8392, 52.88083 ], [ 13.83925, 52.8808 ], [ 13.83924, 52.88079 ] ] ] } },
{ "type": "Feature", "properties": { "Z_max": 21.1, "id": "694" }, "geometry": { "type": "Polygon", "coordinates": [ [ [ 13.83915, 52.88039 ], [ 13.83914, 52.88038 ], [ 13.83909, 52.88037 ], [ 13.83907, 52.88037 ], [ 13.83904, 52.88039 ], [ 13.83904, 52.8804 ], [ 13.83907, 52.8804 ], [ 13.83907, 52.88041 ], [ 13.83909, 52.88041 ], [ 13.8391, 52.88041 ], [ 13.8391, 52.88044 ], [ 13.83917, 52.88041 ], [ 13.83915, 52.88039 ] ] ] } },
{ "type": "Feature", "properties": { "Z_max": 22.7, "id": "695" }, "geometry": { "type": "Polygon", "coordinates": [ [ [ 13.83911, 52.88022 ], [ 13.8391, 52.88021 ], [ 13.83907, 52.8802 ], [ 13.83906, 52.88021 ], [ 13.83905, 52.88022 ], [ 13.83904, 52.88022 ], [ 13.83904, 52.88023 ], [ 13.83905, 52.88024 ], [ 13.83907, 52.88025 ], [ 13.83912, 52.88023 ], [ 13.83911, 52.88022 ] ] ] } },
{ "type": "Feature", "properties": { "Z_max": 20.8, "id": "696" }, "geometry": { "type": "Polygon", "coordinates": [ [ [ 13.8391, 52.88009 ], [ 13.83909, 52.88009 ], [ 13.83909, 52.88008 ], [ 13.83905, 52.88008 ], [ 13.83904, 52.88008 ], [ 13.83904, 52.88007 ], [ 13.83903, 52.88007 ], [ 13.83902, 52.88008 ], [ 13.83902, 52.88009 ], [ 13.839, 52.8801 ], [ 13.839, 52.88011 ], [ 13.83905, 52.88011 ], [ 13.83905, 52.88012 ], [ 13.8391, 52.88009 ] ] ] } },
{ "type": "Feature", "properties": { "Z_max": 13.9, "id": "697" }, "geometry": { "type": "Polygon", "coordinates": [ [ [ 13.83932, 52.88093 ], [ 13.83923, 52.88092 ], [ 13.8392, 52.88094 ], [ 13.83922, 52.88094 ], [ 13.83922, 52.88096 ], [ 13.83926, 52.88096 ], [ 13.83927, 52.88098 ], [ 13.83929, 52.88097 ], [ 13.83928, 52.88096 ], [ 13.8393, 52.88096 ], [ 13.83931, 52.88094 ], [ 13.83933, 52.88094 ], [ 13.83933, 52.88094 ], [ 13.83932, 52.88093 ] ] ] } },
{ "type": "Feature", "properties": { "Z_max": 19.0, "id": "698" }, "geometry": { "type": "Polygon", "coordinates": [ [ [ 13.83921, 52.88065 ], [ 13.83921, 52.88063 ], [ 13.8392, 52.88063 ], [ 13.8392, 52.88063 ], [ 13.83918, 52.88064 ], [ 13.83918, 52.88066 ], [ 13.83922, 52.88066 ], [ 13.83922, 52.88066 ], [ 13.83921, 52.88065 ] ] ] } },
{ "type": "Feature", "properties": { "Z_max": 22.8, "id": "699" }, "geometry": { "type": "Polygon", "coordinates": [ [ [ 13.83919, 52.88041 ], [ 13.83914, 52.88041 ], [ 13.83913, 52.88042 ], [ 13.83913, 52.88043 ], [ 13.83911, 52.88043 ], [ 13.8391, 52.88044 ], [ 13.83911, 52.88044 ], [ 13.83911, 52.88045 ], [ 13.83913, 52.88046 ], [ 13.83915, 52.88047 ], [ 13.83916, 52.88047 ], [ 13.83921, 52.88044 ], [ 13.83921, 52.88043 ], [ 13.83919, 52.88041 ] ] ] } },
{ "type": "Feature", "properties": { "Z_max": 25.9, "id": "700" }, "geometry": { "type": "Polygon", "coordinates": [ [ [ 13.83908, 52.87993 ], [ 13.83908, 52.87993 ], [ 13.83906, 52.87992 ], [ 13.83905, 52.87991 ], [ 13.83901, 52.87991 ], [ 13.839, 52.87992 ], [ 13.83899, 52.87992 ], [ 13.83899, 52.87994 ], [ 13.83901, 52.87995 ], [ 13.83909, 52.87995 ], [ 13.83909, 52.87994 ], [ 13.83908, 52.87993 ] ] ] } },
{ "type": "Feature", "properties": { "Z_max": 14.9, "id": "701" }, "geometry": { "type": "Polygon", "coordinates": [ [ [ 13.83927, 52.8809 ], [ 13.83921, 52.8809 ], [ 13.8392, 52.8809 ], [ 13.83923, 52.88091 ], [ 13.83923, 52.88092 ], [ 13.83927, 52.88092 ], [ 13.83928, 52.88092 ], [ 13.83927, 52.8809 ] ] ] } },
{ "type": "Feature", "properties": { "Z_max": 13.6, "id": "702" }, "geometry": { "type": "Polygon", "coordinates": [ [ [ 13.83926, 52.88087 ], [ 13.83925, 52.88087 ], [ 13.83925, 52.88088 ], [ 13.83924, 52.88088 ], [ 13.83922, 52.8809 ], [ 13.83927, 52.8809 ], [ 13.83927, 52.88088 ], [ 13.83926, 52.88087 ] ] ] } },
{ "type": "Feature", "properties": { "Z_max": 17.1, "id": "703" }, "geometry": { "type": "Polygon", "coordinates": [ [ [ 13.83921, 52.8806 ], [ 13.83912, 52.8806 ], [ 13.83912, 52.88061 ], [ 13.83914, 52.88061 ], [ 13.83914, 52.88063 ], [ 13.83914, 52.88063 ], [ 13.83915, 52.88064 ], [ 13.83918, 52.88064 ], [ 13.83921, 52.88063 ], [ 13.83921, 52.8806 ] ] ] } },
{ "type": "Feature", "properties": { "Z_max": 19.5, "id": "704" }, "geometry": { "type": "Polygon", "coordinates": [ [ [ 13.83923, 52.88066 ], [ 13.83921, 52.88066 ], [ 13.83916, 52.88068 ], [ 13.83916, 52.8807 ], [ 13.83918, 52.88071 ], [ 13.83918, 52.88072 ], [ 13.8392, 52.88072 ], [ 13.83922, 52.88073 ], [ 13.83922, 52.88072 ], [ 13.83925, 52.88072 ], [ 13.83926, 52.8807 ], [ 13.83928, 52.8807 ], [ 13.83928, 52.88069 ], [ 13.83923, 52.88066 ] ] ] } },
{ "type": "Feature", "properties": { "Z_max": 15.4, "id": "705" }, "geometry": { "type": "Polygon", "coordinates": [ [ [ 13.83936, 52.88103 ], [ 13.83934, 52.88102 ], [ 13.83929, 52.88101 ], [ 13.83928, 52.88102 ], [ 13.83927, 52.88103 ], [ 13.83927, 52.88105 ], [ 13.83931, 52.88105 ], [ 13.83936, 52.88103 ], [ 13.83936, 52.88103 ] ] ] } },
{ "type": "Feature", "properties": { "Z_max": 17.4, "id": "706" }, "geometry": { "type": "Polygon", "coordinates": [ [ [ 13.83927, 52.88057 ], [ 13.83918, 52.88055 ], [ 13.83917, 52.88055 ], [ 13.83915, 52.88055 ], [ 13.83915, 52.88056 ], [ 13.83914, 52.88056 ], [ 13.83914, 52.88057 ], [ 13.83912, 52.88058 ], [ 13.8391, 52.88058 ], [ 13.83909, 52.8806 ], [ 13.83921, 52.8806 ], [ 13.83923, 52.88061 ], [ 13.83923, 52.88061 ], [ 13.83925, 52.8806 ], [ 13.83927, 52.8806 ], [ 13.83927, 52.88057 ] ] ] } },
{ "type": "Feature", "properties": { "Z_max": 16.6, "id": "707" }, "geometry": { "type": "Polygon", "coordinates": [ [ [ 13.83931, 52.8808 ], [ 13.83926, 52.8808 ], [ 13.83925, 52.8808 ], [ 13.83921, 52.88083 ], [ 13.8392, 52.88084 ], [ 13.83922, 52.88085 ], [ 13.83923, 52.88085 ], [ 13.83932, 52.88085 ], [ 13.83934, 52.88085 ], [ 13.83934, 52.88083 ], [ 13.83931, 52.8808 ] ] ] } },
{ "type": "Feature", "properties": { "Z_max": 15.8, "id": "708" }, "geometry": { "type": "Polygon", "coordinates": [ [ [ 13.83933, 52.88096 ], [ 13.83931, 52.88095 ], [ 13.83926, 52.88098 ], [ 13.83926, 52.88101 ], [ 13.83928, 52.88101 ], [ 13.83934, 52.88102 ], [ 13.83935, 52.88101 ], [ 13.83934, 52.881 ], [ 13.83933, 52.88099 ], [ 13.83933, 52.88096 ] ] ] } },
{ "type": "Feature", "properties": { "Z_max": 14.4, "id": "709" }, "geometry": { "type": "Polygon", "coordinates": [ [ [ 13.83934, 52.88086 ], [ 13.83932, 52.88086 ], [ 13.83929, 52.88085 ], [ 13.83928, 52.88084 ], [ 13.83925, 52.88085 ], [ 13.83922, 52.88085 ], [ 13.83922, 52.88087 ], [ 13.83924, 52.88088 ], [ 13.83928, 52.88088 ], [ 13.83929, 52.88089 ], [ 13.83933, 52.88089 ], [ 13.83934, 52.88086 ] ] ] } },
{ "type": "Feature", "properties": { "Z_max": 14.5, "id": "710" }, "geometry": { "type": "Polygon", "coordinates": [ [ [ 13.83937, 52.88106 ], [ 13.83937, 52.88106 ], [ 13.83936, 52.88105 ], [ 13.83936, 52.88104 ], [ 13.83934, 52.88104 ], [ 13.83934, 52.88104 ], [ 13.83932, 52.88104 ], [ 13.83932, 52.88105 ], [ 13.8393, 52.88105 ], [ 13.8393, 52.88107 ], [ 13.83931, 52.88107 ], [ 13.83933, 52.88108 ], [ 13.83934, 52.88108 ], [ 13.83935, 52.88108 ], [ 13.83937, 52.88109 ], [ 13.83937, 52.88106 ] ] ] } },
{ "type": "Feature", "properties": { "Z_max": 22.5, "id": "711" }, "geometry": { "type": "Polygon", "coordinates": [ [ [ 13.83916, 52.88011 ], [ 13.83915, 52.88009 ], [ 13.83913, 52.88009 ], [ 13.83911, 52.88009 ], [ 13.83908, 52.88011 ], [ 13.83909, 52.88013 ], [ 13.83909, 52.88015 ], [ 13.8391, 52.88015 ], [ 13.8391, 52.88016 ], [ 13.83915, 52.88016 ], [ 13.83916, 52.88014 ], [ 13.83916, 52.88011 ] ] ] } },
{ "type": "Feature", "properties": { "Z_max": 22.7, "id": "712" }, "geometry": { "type": "Polygon", "coordinates": [ [ [ 13.83915, 52.88006 ], [ 13.83915, 52.88004 ], [ 13.83914, 52.88004 ], [ 13.83914, 52.88002 ], [ 13.8391, 52.88004 ], [ 13.83906, 52.88004 ], [ 13.83906, 52.88005 ], [ 13.83907, 52.88005 ], [ 13.83908, 52.88006 ], [ 13.83908, 52.88008 ], [ 13.8391, 52.88009 ], [ 13.83914, 52.88009 ], [ 13.83916, 52.88008 ], [ 13.83916, 52.88006 ], [ 13.83915, 52.88006 ] ] ] } },
{ "type": "Feature", "properties": { "Z_max": 9.9, "id": "713" }, "geometry": { "type": "Polygon", "coordinates": [ [ [ 13.83927, 52.8806 ], [ 13.83924, 52.8806 ], [ 13.83924, 52.88064 ], [ 13.83926, 52.88064 ], [ 13.83927, 52.8806 ] ] ] } },
{ "type": "Feature", "properties": { "Z_max": 23.7, "id": "714" }, "geometry": { "type": "Polygon", "coordinates": [ [ [ 13.83917, 52.88015 ], [ 13.83915, 52.88015 ], [ 13.83913, 52.88016 ], [ 13.83914, 52.88018 ], [ 13.83912, 52.8802 ], [ 13.83914, 52.88021 ], [ 13.83916, 52.88021 ], [ 13.83918, 52.8802 ], [ 13.83921, 52.8802 ], [ 13.83921, 52.88018 ], [ 13.83917, 52.88015 ] ] ] } },
{ "type": "Feature", "properties": { "Z_max": 14.6, "id": "715" }, "geometry": { "type": "Polygon", "coordinates": [ [ [ 13.8393, 52.88075 ], [ 13.8393, 52.88076 ], [ 13.83931, 52.88076 ], [ 13.83931, 52.88076 ], [ 13.8393, 52.88075 ] ] ] } },
{ "type": "Feature", "properties": { "Z_max": 16.2, "id": "716" }, "geometry": { "type": "Polygon", "coordinates": [ [ [ 13.83931, 52.88078 ], [ 13.83929, 52.88079 ], [ 13.83925, 52.88079 ], [ 13.83926, 52.8808 ], [ 13.83932, 52.8808 ], [ 13.83934, 52.8808 ], [ 13.83931, 52.88078 ] ] ] } },
{ "type": "Feature", "properties": { "Z_max": 16.0, "id": "717" }, "geometry": { "type": "Polygon", "coordinates": [ [ [ 13.83939, 52.88097 ], [ 13.83934, 52.88097 ], [ 13.83933, 52.881 ], [ 13.83934, 52.88099 ], [ 13.83935, 52.88101 ], [ 13.83935, 52.88102 ], [ 13.83938, 52.88102 ], [ 13.83938, 52.88101 ], [ 13.83941, 52.88101 ], [ 13.8394, 52.88099 ], [ 13.83939, 52.88097 ] ] ] } },
{ "type": "Feature", "properties": { "Z_max": 15.1, "id": "718" }, "geometry": { "type": "Polygon", "coordinates": [ [ [ 13.83936, 52.88095 ], [ 13.83935, 52.88095 ], [ 13.83936, 52.88096 ], [ 13.83936, 52.88095 ] ] ] } },
{ "type": "Feature", "properties": { "Z_max": 14.0, "id": "719" }, "geometry": { "type": "Polygon", "coordinates": [ [ [ 13.83939, 52.88086 ], [ 13.83937, 52.88085 ], [ 13.83931, 52.88086 ], [ 13.83931, 52.88086 ], [ 13.83933, 52.88086 ], [ 13.83934, 52.88088 ], [ 13.8394, 52.88088 ], [ 13.8394, 52.88088 ], [ 13.83942, 52.88087 ], [ 13.83942, 52.88087 ], [ 13.83939, 52.88086 ] ] ] } },
{ "type": "Feature", "properties": { "Z_max": 15.4, "id": "720" }, "geometry": { "type": "Polygon", "coordinates": [ [ [ 13.83943, 52.88105 ], [ 13.8394, 52.88105 ], [ 13.8394, 52.88104 ], [ 13.83936, 52.88104 ], [ 13.83936, 52.88106 ], [ 13.83938, 52.88107 ], [ 13.83938, 52.88108 ], [ 13.8394, 52.88108 ], [ 13.83943, 52.88106 ], [ 13.83943, 52.88105 ] ] ] } },
{ "type": "Feature", "properties": { "Z_max": 17.0, "id": "721" }, "geometry": { "type": "Polygon", "coordinates": [ [ [ 13.83937, 52.88067 ], [ 13.83937, 52.88066 ], [ 13.83935, 52.88065 ], [ 13.83932, 52.88065 ], [ 13.83932, 52.88066 ], [ 13.8393, 52.88067 ], [ 13.83929, 52.88068 ], [ 13.83929, 52.88068 ], [ 13.83928, 52.8807 ], [ 13.8393, 52.8807 ], [ 13.8393, 52.88071 ], [ 13.83932, 52.88071 ], [ 13.83937, 52.88067 ] ] ] } },
{ "type": "Feature", "properties": { "Z_max": 22.9, "id": "722" }, "geometry": { "type": "Polygon", "coordinates": [ [ [ 13.83924, 52.88009 ], [ 13.83924, 52.88008 ], [ 13.83918, 52.88008 ], [ 13.83918, 52.8801 ], [ 13.83916, 52.8801 ], [ 13.83917, 52.88015 ], [ 13.83919, 52.88015 ], [ 13.8392, 52.88014 ], [ 13.83923, 52.88014 ], [ 13.83924, 52.88013 ], [ 13.83925, 52.88013 ], [ 13.83925, 52.88011 ], [ 13.83924, 52.88009 ] ] ] } },
{ "type": "Feature", "properties": { "Z_max": 16.0, "id": "723" }, "geometry": { "type": "Polygon", "coordinates": [ [ [ 13.83935, 52.88081 ], [ 13.83937, 52.8808 ], [ 13.83936, 52.88078 ], [ 13.83937, 52.88077 ], [ 13.83935, 52.88077 ], [ 13.83935, 52.88076 ], [ 13.83933, 52.88076 ], [ 13.83933, 52.88079 ], [ 13.83931, 52.88081 ], [ 13.83934, 52.88084 ], [ 13.83934, 52.88085 ], [ 13.83935, 52.88084 ], [ 13.83935, 52.88081 ] ] ] } },
{ "type": "Feature", "properties": { "Z_max": 21.7, "id": "724" }, "geometry": { "type": "Polygon", "coordinates": [ [ [ 13.83929, 52.88032 ], [ 13.83929, 52.88032 ], [ 13.83928, 52.88031 ], [ 13.83928, 52.88031 ], [ 13.83924, 52.88031 ], [ 13.83923, 52.88031 ], [ 13.83922, 52.88031 ], [ 13.8392, 52.88032 ], [ 13.8392, 52.88034 ], [ 13.83923, 52.88034 ], [ 13.83923, 52.88035 ], [ 13.83927, 52.88036 ], [ 13.8393, 52.88033 ], [ 13.83929, 52.88032 ] ] ] } },
{ "type": "Feature", "properties": { "Z_max": 13.9, "id": "725" }, "geometry": { "type": "Polygon", "coordinates": [ [ [ 13.83946, 52.88102 ], [ 13.83945, 52.88102 ], [ 13.83945, 52.88101 ], [ 13.83944, 52.88101 ], [ 13.83943, 52.88101 ], [ 13.83942, 52.88102 ], [ 13.83938, 52.88102 ], [ 13.83935, 52.88104 ], [ 13.83935, 52.88104 ], [ 13.83939, 52.88104 ], [ 13.83941, 52.88105 ], [ 13.83941, 52.88105 ], [ 13.83945, 52.88105 ], [ 13.83946, 52.88104 ], [ 13.83946, 52.88102 ] ] ] } },
{ "type": "Feature", "properties": { "Z_max": 14.6, "id": "726" }, "geometry": { "type": "Polygon", "coordinates": [ [ [ 13.83941, 52.88093 ], [ 13.83934, 52.88094 ], [ 13.83932, 52.88095 ], [ 13.83934, 52.88096 ], [ 13.83934, 52.88097 ], [ 13.8394, 52.88097 ], [ 13.83942, 52.88096 ], [ 13.83942, 52.88095 ], [ 13.83941, 52.88093 ] ] ] } },
{ "type": "Feature", "properties": { "Z_max": 14.4, "id": "727" }, "geometry": { "type": "Polygon", "coordinates": [ [ [ 13.83941, 52.88091 ], [ 13.8394, 52.8809 ], [ 13.83939, 52.8809 ], [ 13.83938, 52.8809 ], [ 13.83937, 52.8809 ], [ 13.83932, 52.88092 ], [ 13.83932, 52.88093 ], [ 13.83934, 52.88093 ], [ 13.83939, 52.88093 ], [ 13.83941, 52.88092 ], [ 13.83941, 52.88091 ] ] ] } },
{ "type": "Feature", "properties": { "Z_max": 15.1, "id": "728" }, "geometry": { "type": "Polygon", "coordinates": [ [ [ 13.83943, 52.88097 ], [ 13.83942, 52.88096 ], [ 13.83941, 52.88096 ], [ 13.83941, 52.88097 ], [ 13.8394, 52.88097 ], [ 13.8394, 52.88098 ], [ 13.83941, 52.88098 ], [ 13.83941, 52.88102 ], [ 13.83942, 52.88101 ], [ 13.83943, 52.88101 ], [ 13.83944, 52.881 ], [ 13.83943, 52.88097 ] ] ] } },
{ "type": "Feature", "properties": { "Z_max": 16.0, "id": "729" }, "geometry": { "type": "Polygon", "coordinates": [ [ [ 13.83944, 52.88079 ], [ 13.83941, 52.88077 ], [ 13.83936, 52.88078 ], [ 13.83936, 52.88079 ], [ 13.83935, 52.88081 ], [ 13.83935, 52.88085 ], [ 13.83942, 52.88086 ], [ 13.83943, 52.88085 ], [ 13.83944, 52.88085 ], [ 13.83944, 52.88079 ] ] ] } },
{ "type": "Feature", "properties": { "Z_max": 16.0, "id": "730" }, "geometry": { "type": "Polygon", "coordinates": [ [ [ 13.83941, 52.88073 ], [ 13.83938, 52.88073 ], [ 13.83937, 52.88074 ], [ 13.83934, 52.88074 ], [ 13.83934, 52.88076 ], [ 13.83936, 52.88077 ], [ 13.83937, 52.88077 ], [ 13.83937, 52.88078 ], [ 13.8394, 52.88077 ], [ 13.83941, 52.88077 ], [ 13.83941, 52.88076 ], [ 13.83943, 52.88076 ], [ 13.83943, 52.88075 ], [ 13.83941, 52.88073 ] ] ] } },
{ "type": "Feature", "properties": { "Z_max": 21.0, "id": "731" }, "geometry": { "type": "Polygon", "coordinates": [ [ [ 13.83937, 52.88055 ], [ 13.83927, 52.88055 ], [ 13.83926, 52.88055 ], [ 13.83926, 52.88055 ], [ 13.83926, 52.88057 ], [ 13.83926, 52.88057 ], [ 13.83927, 52.88058 ], [ 13.8393, 52.88058 ], [ 13.8393, 52.88059 ], [ 13.83934, 52.88059 ], [ 13.83935, 52.8806 ], [ 13.83935, 52.88063 ], [ 13.83936, 52.88064 ], [ 13.83936, 52.88061 ], [ 13.83939, 52.88057 ], [ 13.8394, 52.88058 ], [ 13.8394, 52.88057 ], [ 13.83937, 52.88055 ] ] ] } },
{ "type": "Feature", "properties": { "Z_max": 16.7, "id": "732" }, "geometry": { "type": "Polygon", "coordinates": [ [ [ 13.83936, 52.88067 ], [ 13.83936, 52.88068 ], [ 13.83937, 52.88068 ], [ 13.83937, 52.88067 ], [ 13.83936, 52.88067 ] ] ] } },
{ "type": "Feature", "properties": { "Z_max": 13.8, "id": "733" }, "geometry": { "type": "Polygon", "coordinates": [ [ [ 13.83949, 52.88106 ], [ 13.83951, 52.88105 ], [ 13.83951, 52.88104 ], [ 13.83948, 52.88102 ], [ 13.83947, 52.88102 ], [ 13.83947, 52.88103 ], [ 13.83942, 52.88107 ], [ 13.83942, 52.88108 ], [ 13.83948, 52.88108 ], [ 13.83949, 52.88106 ] ] ] } },
{ "type": "Feature", "properties": { "Z_max": 23.4, "id": "734" }, "geometry": { "type": "Polygon", "coordinates": [ [ [ 13.83933, 52.88027 ], [ 13.83934, 52.88026 ], [ 13.83932, 52.88026 ], [ 13.83932, 52.88025 ], [ 13.8393, 52.88025 ], [ 13.83929, 52.88024 ], [ 13.83928, 52.88024 ], [ 13.83926, 52.88024 ], [ 13.83924, 52.88026 ], [ 13.83928, 52.8803 ], [ 13.8393, 52.88028 ], [ 13.83931, 52.88029 ], [ 13.83931, 52.88028 ], [ 13.83932, 52.88028 ], [ 13.83932, 52.88027 ], [ 13.83933, 52.88027 ] ] ] } },
{ "type": "Feature", "properties": { "Z_max": 14.6, "id": "735" }, "geometry": { "type": "Polygon", "coordinates": [ [ [ 13.83945, 52.8809 ], [ 13.83941, 52.8809 ], [ 13.83941, 52.88092 ], [ 13.83944, 52.88092 ], [ 13.83945, 52.8809 ] ] ] } },
{ "type": "Feature", "properties": { "Z_max": 14.0, "id": "736" }, "geometry": { "type": "Polygon", "coordinates": [ [ [ 13.83945, 52.88099 ], [ 13.83947, 52.88097 ], [ 13.83948, 52.88096 ], [ 13.83947, 52.88096 ], [ 13.83946, 52.88095 ], [ 13.83943, 52.88095 ], [ 13.83943, 52.88097 ], [ 13.83943, 52.88097 ], [ 13.83944, 52.88098 ], [ 13.83944, 52.881 ], [ 13.83945, 52.881 ], [ 13.83945, 52.88099 ] ] ] } },
{ "type": "Feature", "properties": { "Z_max": 18.8, "id": "737" }, "geometry": { "type": "Polygon", "coordinates": [ [ [ 13.83938, 52.88051 ], [ 13.83935, 52.88051 ], [ 13.83934, 52.88051 ], [ 13.83933, 52.88051 ], [ 13.83929, 52.88053 ], [ 13.83927, 52.88053 ], [ 13.83927, 52.88054 ], [ 13.83926, 52.88054 ], [ 13.83926, 52.88055 ], [ 13.83937, 52.88055 ], [ 13.83937, 52.88054 ], [ 13.83939, 52.88054 ], [ 13.83939, 52.88053 ], [ 13.83938, 52.88051 ] ] ] } },
{ "type": "Feature", "properties": { "Z_max": 13.9, "id": "738" }, "geometry": { "type": "Polygon", "coordinates": [ [ [ 13.83949, 52.88092 ], [ 13.83946, 52.8809 ], [ 13.83946, 52.88091 ], [ 13.83941, 52.88093 ], [ 13.83941, 52.88093 ], [ 13.83943, 52.88094 ], [ 13.83945, 52.88094 ], [ 13.83947, 52.88095 ], [ 13.83949, 52.88094 ], [ 13.83949, 52.88092 ] ] ] } },
{ "type": "Feature", "properties": { "Z_max": 12.9, "id": "739" }, "geometry": { "type": "Polygon", "coordinates": [ [ [ 13.83947, 52.88087 ], [ 13.83946, 52.88087 ], [ 13.83942, 52.8809 ], [ 13.83947, 52.8809 ], [ 13.83948, 52.88091 ], [ 13.8395, 52.88091 ], [ 13.8395, 52.88089 ], [ 13.83947, 52.88087 ] ] ] } },
{ "type": "Feature", "properties": { "Z_max": 23.8, "id": "740" }, "geometry": { "type": "Polygon", "coordinates": [ [ [ 13.83932, 52.88008 ], [ 13.83933, 52.88007 ], [ 13.83929, 52.88005 ], [ 13.83928, 52.88006 ], [ 13.83927, 52.88006 ], [ 13.83924, 52.88008 ], [ 13.83924, 52.88009 ], [ 13.83925, 52.8801 ], [ 13.83924, 52.88011 ], [ 13.83925, 52.88011 ], [ 13.83926, 52.88013 ], [ 13.83931, 52.88013 ], [ 13.83932, 52.88008 ] ] ] } },
{ "type": "Feature", "properties": { "Z_max": 11.9, "id": "741" }, "geometry": { "type": "Polygon", "coordinates": [ [ [ 13.83939, 52.88046 ], [ 13.83939, 52.88045 ], [ 13.83938, 52.88045 ], [ 13.83937, 52.88044 ], [ 13.83937, 52.88044 ], [ 13.83937, 52.88045 ], [ 13.83935, 52.88045 ], [ 13.83935, 52.88048 ], [ 13.83936, 52.88048 ], [ 13.83937, 52.88047 ], [ 13.8394, 52.88047 ], [ 13.83941, 52.88046 ], [ 13.83939, 52.88046 ] ] ] } },
{ "type": "Feature", "properties": { "Z_max": 14.9, "id": "742" }, "geometry": { "type": "Polygon", "coordinates": [ [ [ 13.83954, 52.88099 ], [ 13.83955, 52.88098 ], [ 13.83956, 52.88096 ], [ 13.83954, 52.88096 ], [ 13.83954, 52.88096 ], [ 13.83951, 52.88096 ], [ 13.83947, 52.88097 ], [ 13.83945, 52.88099 ], [ 13.83945, 52.88101 ], [ 13.8395, 52.88103 ], [ 13.83954, 52.88099 ] ] ] } },
{ "type": "Feature", "properties": { "Z_max": 12.7, "id": "743" }, "geometry": { "type": "Polygon", "coordinates": [ [ [ 13.83948, 52.88095 ], [ 13.83949, 52.88095 ], [ 13.8395, 52.88095 ], [ 13.8395, 52.88095 ], [ 13.83948, 52.88095 ] ] ] } },
{ "type": "Feature", "properties": { "Z_max": 13.6, "id": "744" }, "geometry": { "type": "Polygon", "coordinates": [ [ [ 13.83947, 52.8808 ], [ 13.83947, 52.88081 ], [ 13.83948, 52.88081 ], [ 13.83948, 52.8808 ], [ 13.83947, 52.8808 ] ] ] } },
{ "type": "Feature", "properties": { "Z_max": 16.6, "id": "745" }, "geometry": { "type": "Polygon", "coordinates": [ [ [ 13.83947, 52.88079 ], [ 13.83952, 52.88077 ], [ 13.83952, 52.88076 ], [ 13.83947, 52.88074 ], [ 13.83944, 52.88074 ], [ 13.83942, 52.88076 ], [ 13.83941, 52.88076 ], [ 13.83941, 52.88078 ], [ 13.83943, 52.88078 ], [ 13.83943, 52.88079 ], [ 13.83946, 52.88081 ], [ 13.83947, 52.88081 ], [ 13.83947, 52.88079 ] ] ] } },
{ "type": "Feature", "properties": { "Z_max": 13.6, "id": "746" }, "geometry": { "type": "Polygon", "coordinates": [ [ [ 13.83958, 52.88104 ], [ 13.8396, 52.88104 ], [ 13.8396, 52.88103 ], [ 13.83955, 52.88103 ], [ 13.83955, 52.88103 ], [ 13.83957, 52.88103 ], [ 13.83957, 52.88104 ], [ 13.83957, 52.88105 ], [ 13.83958, 52.88105 ], [ 13.83958, 52.88104 ] ] ] } },
{ "type": "Feature", "properties": { "Z_max": 15.7, "id": "747" }, "geometry": { "type": "Polygon", "coordinates": [ [ [ 13.83954, 52.88087 ], [ 13.83947, 52.88086 ], [ 13.83947, 52.88088 ], [ 13.8395, 52.88091 ], [ 13.83953, 52.8809 ], [ 13.83954, 52.88088 ], [ 13.83954, 52.88087 ] ] ] } },
{ "type": "Feature", "properties": { "Z_max": 15.4, "id": "748" }, "geometry": { "type": "Polygon", "coordinates": [ [ [ 13.83956, 52.88084 ], [ 13.83954, 52.88084 ], [ 13.83949, 52.88081 ], [ 13.83947, 52.88081 ], [ 13.83948, 52.88082 ], [ 13.83946, 52.88083 ], [ 13.83944, 52.88083 ], [ 13.83944, 52.88085 ], [ 13.83945, 52.88085 ], [ 13.83946, 52.88084 ], [ 13.83948, 52.88084 ], [ 13.83948, 52.88085 ], [ 13.83949, 52.88085 ], [ 13.83949, 52.88086 ], [ 13.83954, 52.88086 ], [ 13.83956, 52.88085 ], [ 13.83956, 52.88084 ] ] ] } },
{ "type": "Feature", "properties": { "Z_max": 14.9, "id": "749" }, "geometry": { "type": "Polygon", "coordinates": [ [ [ 13.83949, 52.8807 ], [ 13.83947, 52.8807 ], [ 13.83948, 52.88071 ], [ 13.83946, 52.88071 ], [ 13.83944, 52.88072 ], [ 13.83942, 52.88072 ], [ 13.83941, 52.88073 ], [ 13.83949, 52.88073 ], [ 13.83949, 52.8807 ] ] ] } },
{ "type": "Feature", "properties": { "Z_max": 14.7, "id": "750" }, "geometry": { "type": "Polygon", "coordinates": [ [ [ 13.83958, 52.88108 ], [ 13.83956, 52.88107 ], [ 13.83955, 52.88107 ], [ 13.83955, 52.88108 ], [ 13.8395, 52.8811 ], [ 13.8395, 52.88111 ], [ 13.83952, 52.88112 ], [ 13.83958, 52.88112 ], [ 13.83958, 52.88108 ] ] ] } },
{ "type": "Feature", "properties": { "Z_max": 24.8, "id": "751" }, "geometry": { "type": "Polygon", "coordinates": [ [ [ 13.83942, 52.88031 ], [ 13.83937, 52.88032 ], [ 13.83934, 52.88033 ], [ 13.83934, 52.88038 ], [ 13.83938, 52.88038 ], [ 13.8394, 52.88037 ], [ 13.83942, 52.88037 ], [ 13.83943, 52.88036 ], [ 13.83945, 52.88036 ], [ 13.83945, 52.88034 ], [ 13.83942, 52.88031 ] ] ] } },
{ "type": "Feature", "properties": { "Z_max": 15.6, "id": "752" }, "geometry": { "type": "Polygon", "coordinates": [ [ [ 13.8396, 52.88091 ], [ 13.83954, 52.88089 ], [ 13.83949, 52.88091 ], [ 13.8395, 52.88092 ], [ 13.8395, 52.88095 ], [ 13.83951, 52.88094 ], [ 13.83952, 52.88095 ], [ 13.83953, 52.88095 ], [ 13.83954, 52.88096 ], [ 13.83954, 52.88096 ], [ 13.83956, 52.88096 ], [ 13.83955, 52.88093 ], [ 13.83957, 52.88093 ], [ 13.83958, 52.88094 ], [ 13.83959, 52.88094 ], [ 13.8396, 52.88092 ], [ 13.8396, 52.88091 ] ] ] } },
{ "type": "Feature", "properties": { "Z_max": 16.2, "id": "753" }, "geometry": { "type": "Polygon", "coordinates": [ [ [ 13.83952, 52.88072 ], [ 13.83952, 52.8807 ], [ 13.8395, 52.8807 ], [ 13.83949, 52.8807 ], [ 13.83949, 52.88071 ], [ 13.83948, 52.88073 ], [ 13.83942, 52.88073 ], [ 13.83941, 52.88073 ], [ 13.83946, 52.88074 ], [ 13.83949, 52.88076 ], [ 13.83953, 52.88076 ], [ 13.83953, 52.88073 ], [ 13.83952, 52.88072 ] ] ] } },
{ "type": "Feature", "properties": { "Z_max": 14.3, "id": "754" }, "geometry": { "type": "Polygon", "coordinates": [ [ [ 13.8396, 52.88098 ], [ 13.83956, 52.88096 ], [ 13.83955, 52.88099 ], [ 13.83954, 52.88099 ], [ 13.83951, 52.88101 ], [ 13.83951, 52.88104 ], [ 13.83952, 52.88104 ], [ 13.83954, 52.88104 ], [ 13.83955, 52.88103 ], [ 13.8396, 52.88102 ], [ 13.8396, 52.88098 ] ] ] } },
{ "type": "Feature", "properties": { "Z_max": 23.4, "id": "755" }, "geometry": { "type": "Polygon", "coordinates": [ [ [ 13.8394, 52.88016 ], [ 13.83938, 52.88015 ], [ 13.83936, 52.88014 ], [ 13.83931, 52.88015 ], [ 13.83931, 52.88017 ], [ 13.83933, 52.88018 ], [ 13.83936, 52.88018 ], [ 13.83937, 52.88019 ], [ 13.8394, 52.88019 ], [ 13.83941, 52.88017 ], [ 13.83941, 52.88016 ], [ 13.8394, 52.88016 ] ] ] } },
{ "type": "Feature", "properties": { "Z_max": 25.2, "id": "756" }, "geometry": { "type": "Polygon", "coordinates": [ [ [ 13.83943, 52.88008 ], [ 13.83942, 52.88008 ], [ 13.83942, 52.88007 ], [ 13.83933, 52.88007 ], [ 13.83933, 52.88009 ], [ 13.83934, 52.88009 ], [ 13.83932, 52.88011 ], [ 13.83931, 52.88011 ], [ 13.83931, 52.88014 ], [ 13.83935, 52.88014 ], [ 13.83936, 52.88013 ], [ 13.83938, 52.88013 ], [ 13.83945, 52.88009 ], [ 13.83943, 52.88008 ] ] ] } },
{ "type": "Feature", "properties": { "Z_max": 22.4, "id": "757" }, "geometry": { "type": "Polygon", "coordinates": [ [ [ 13.83942, 52.88003 ], [ 13.83939, 52.88001 ], [ 13.83938, 52.88001 ], [ 13.83937, 52.88 ], [ 13.83935, 52.88 ], [ 13.83935, 52.88001 ], [ 13.8393, 52.88004 ], [ 13.8393, 52.88006 ], [ 13.83931, 52.88007 ], [ 13.83938, 52.88007 ], [ 13.8394, 52.88006 ], [ 13.83942, 52.88006 ], [ 13.83942, 52.88003 ] ] ] } },
{ "type": "Feature", "properties": { "Z_max": 14.9, "id": "758" }, "geometry": { "type": "Polygon", "coordinates": [ [ [ 13.83964, 52.88111 ], [ 13.83966, 52.8811 ], [ 13.83967, 52.8811 ], [ 13.83967, 52.88108 ], [ 13.83962, 52.88108 ], [ 13.83958, 52.88109 ], [ 13.83958, 52.88112 ], [ 13.83962, 52.88112 ], [ 13.83963, 52.88112 ], [ 13.83964, 52.88111 ] ] ] } },
{ "type": "Feature", "properties": { "Z_max": 15.3, "id": "759" }, "geometry": { "type": "Polygon", "coordinates": [ [ [ 13.83965, 52.88107 ], [ 13.83963, 52.88106 ], [ 13.83961, 52.88105 ], [ 13.83961, 52.88105 ], [ 13.83958, 52.88105 ], [ 13.83957, 52.88106 ], [ 13.83957, 52.88108 ], [ 13.83958, 52.88109 ], [ 13.83961, 52.88109 ], [ 13.83962, 52.88108 ], [ 13.83967, 52.88108 ], [ 13.83967, 52.88107 ], [ 13.83965, 52.88107 ] ] ] } },
{ "type": "Feature", "properties": { "Z_max": 15.9, "id": "760" }, "geometry": { "type": "Polygon", "coordinates": [ [ [ 13.83959, 52.88075 ], [ 13.83954, 52.88075 ], [ 13.83951, 52.88077 ], [ 13.83951, 52.88077 ], [ 13.83952, 52.88077 ], [ 13.83953, 52.88078 ], [ 13.83956, 52.88078 ], [ 13.83957, 52.88078 ], [ 13.83959, 52.88077 ], [ 13.83959, 52.88075 ] ] ] } },
{ "type": "Feature", "properties": { "Z_max": 14.9, "id": "761" }, "geometry": { "type": "Polygon", "coordinates": [ [ [ 13.83959, 52.88085 ], [ 13.83956, 52.88085 ], [ 13.83955, 52.88086 ], [ 13.83955, 52.88089 ], [ 13.83956, 52.88091 ], [ 13.8396, 52.88091 ], [ 13.83961, 52.8809 ], [ 13.83962, 52.88088 ], [ 13.83959, 52.88085 ] ] ] } },
{ "type": "Feature", "properties": { "Z_max": 18.0, "id": "762" }, "geometry": { "type": "Polygon", "coordinates": [ [ [ 13.83948, 52.88044 ], [ 13.83949, 52.88043 ], [ 13.83951, 52.88043 ], [ 13.83951, 52.88043 ], [ 13.83948, 52.88041 ], [ 13.83945, 52.88041 ], [ 13.83946, 52.88041 ], [ 13.83944, 52.88043 ], [ 13.83944, 52.88047 ], [ 13.83948, 52.88047 ], [ 13.83948, 52.88044 ] ] ] } },
{ "type": "Feature", "properties": { "Z_max": 21.0, "id": "763" }, "geometry": { "type": "Polygon", "coordinates": [ [ [ 13.83939, 52.87998 ], [ 13.83939, 52.87997 ], [ 13.83941, 52.87997 ], [ 13.8394, 52.87996 ], [ 13.83935, 52.87996 ], [ 13.83934, 52.87997 ], [ 13.83932, 52.87997 ], [ 13.83932, 52.87998 ], [ 13.83935, 52.88 ], [ 13.83936, 52.88 ], [ 13.83937, 52.88001 ], [ 13.8394, 52.88001 ], [ 13.8394, 52.88 ], [ 13.83939, 52.88 ], [ 13.83939, 52.87998 ] ] ] } },
{ "type": "Feature", "properties": { "Z_max": 23.8, "id": "764" }, "geometry": { "type": "Polygon", "coordinates": [ [ [ 13.8395, 52.88031 ], [ 13.83948, 52.8803 ], [ 13.83948, 52.88028 ], [ 13.83948, 52.88028 ], [ 13.83944, 52.88029 ], [ 13.83944, 52.88031 ], [ 13.83943, 52.88031 ], [ 13.83943, 52.88032 ], [ 13.83945, 52.88034 ], [ 13.83946, 52.88037 ], [ 13.83948, 52.88037 ], [ 13.83948, 52.88034 ], [ 13.8395, 52.88033 ], [ 13.8395, 52.88031 ] ] ] } },
{ "type": "Feature", "properties": { "Z_max": 14.3, "id": "765" }, "geometry": { "type": "Polygon", "coordinates": [ [ [ 13.83965, 52.88095 ], [ 13.83965, 52.88092 ], [ 13.83961, 52.88091 ], [ 13.83956, 52.88096 ], [ 13.83961, 52.88099 ], [ 13.83962, 52.88098 ], [ 13.83964, 52.88098 ], [ 13.83965, 52.88097 ], [ 13.83966, 52.88097 ], [ 13.83966, 52.88095 ], [ 13.83965, 52.88095 ] ] ] } },
{ "type": "Feature", "properties": { "Z_max": 16.5, "id": "766" }, "geometry": { "type": "Polygon", "coordinates": [ [ [ 13.83969, 52.88104 ], [ 13.83968, 52.88104 ], [ 13.83967, 52.88103 ], [ 13.83963, 52.88103 ], [ 13.83963, 52.88104 ], [ 13.83962, 52.88104 ], [ 13.83959, 52.88104 ], [ 13.83959, 52.88104 ], [ 13.83965, 52.88107 ], [ 13.83967, 52.88107 ], [ 13.83968, 52.88105 ], [ 13.83969, 52.88105 ], [ 13.83969, 52.88104 ] ] ] } },
{ "type": "Feature", "properties": { "Z_max": 14.7, "id": "767" }, "geometry": { "type": "Polygon", "coordinates": [ [ [ 13.83965, 52.88082 ], [ 13.83964, 52.88082 ], [ 13.83963, 52.8808 ], [ 13.83962, 52.8808 ], [ 13.83962, 52.88081 ], [ 13.83961, 52.88082 ], [ 13.83961, 52.88082 ], [ 13.83955, 52.88083 ], [ 13.83955, 52.88084 ], [ 13.83956, 52.88084 ], [ 13.83957, 52.88085 ], [ 13.83959, 52.88084 ], [ 13.83964, 52.88085 ], [ 13.83965, 52.88082 ] ] ] } },
{ "type": "Feature", "properties": { "Z_max": 14.8, "id": "768" }, "geometry": { "type": "Polygon", "coordinates": [ [ [ 13.83968, 52.88109 ], [ 13.83967, 52.88109 ], [ 13.83968, 52.8811 ], [ 13.83965, 52.8811 ], [ 13.83964, 52.88111 ], [ 13.83967, 52.88113 ], [ 13.8397, 52.88112 ], [ 13.8397, 52.88111 ], [ 13.83968, 52.88109 ] ] ] } },
{ "type": "Feature", "properties": { "Z_max": 16.4, "id": "769" }, "geometry": { "type": "Polygon", "coordinates": [ [ [ 13.83969, 52.88099 ], [ 13.83968, 52.88099 ], [ 13.83968, 52.88098 ], [ 13.83966, 52.88098 ], [ 13.83965, 52.881 ], [ 13.83964, 52.88102 ], [ 13.83963, 52.88102 ], [ 13.83963, 52.88102 ], [ 13.83967, 52.88102 ], [ 13.83969, 52.88102 ], [ 13.83969, 52.88099 ] ] ] } },
{ "type": "Feature", "properties": { "Z_max": 14.8, "id": "770" }, "geometry": { "type": "Polygon", "coordinates": [ [ [ 13.83968, 52.88086 ], [ 13.83966, 52.88085 ], [ 13.83959, 52.88085 ], [ 13.83959, 52.88086 ], [ 13.83962, 52.88089 ], [ 13.83962, 52.8809 ], [ 13.83963, 52.8809 ], [ 13.83963, 52.88089 ], [ 13.83968, 52.88086 ], [ 13.83968, 52.88086 ] ] ] } },
{ "type": "Feature", "properties": { "Z_max": 18.6, "id": "771" }, "geometry": { "type": "Polygon", "coordinates": [ [ [ 13.83957, 52.88048 ], [ 13.8395, 52.88048 ], [ 13.8395, 52.88049 ], [ 13.83951, 52.8805 ], [ 13.83951, 52.88051 ], [ 13.83955, 52.88051 ], [ 13.83955, 52.88051 ], [ 13.83956, 52.8805 ], [ 13.83958, 52.8805 ], [ 13.83958, 52.88048 ], [ 13.83957, 52.88048 ] ] ] } },
{ "type": "Feature", "properties": { "Z_max": 18.0, "id": "772" }, "geometry": { "type": "Polygon", "coordinates": [ [ [ 13.83955, 52.88042 ], [ 13.83955, 52.88041 ], [ 13.83953, 52.88041 ], [ 13.83951, 52.88041 ], [ 13.83951, 52.88046 ], [ 13.83954, 52.88046 ], [ 13.83957, 52.88044 ], [ 13.83955, 52.88042 ] ] ] } },
{ "type": "Feature", "properties": { "Z_max": 14.8, "id": "773" }, "geometry": { "type": "Polygon", "coordinates": [ [ [ 13.83963, 52.88069 ], [ 13.83957, 52.88069 ], [ 13.83957, 52.8807 ], [ 13.83958, 52.88071 ], [ 13.83958, 52.88072 ], [ 13.83959, 52.88072 ], [ 13.8396, 52.88075 ], [ 13.83962, 52.88075 ], [ 13.83962, 52.88074 ], [ 13.83964, 52.88074 ], [ 13.83963, 52.88069 ] ] ] } },
{ "type": "Feature", "properties": { "Z_max": 24.4, "id": "774" }, "geometry": { "type": "Polygon", "coordinates": [ [ [ 13.83952, 52.88015 ], [ 13.83951, 52.88015 ], [ 13.83949, 52.88014 ], [ 13.83947, 52.88016 ], [ 13.83946, 52.88016 ], [ 13.83945, 52.88017 ], [ 13.83945, 52.88018 ], [ 13.83946, 52.88018 ], [ 13.83949, 52.88021 ], [ 13.83949, 52.88022 ], [ 13.8395, 52.88022 ], [ 13.83952, 52.8802 ], [ 13.83952, 52.88015 ] ] ] } },
{ "type": "Feature", "properties": { "Z_max": 16.2, "id": "775" }, "geometry": { "type": "Polygon", "coordinates": [ [ [ 13.83972, 52.88104 ], [ 13.8397, 52.88104 ], [ 13.8397, 52.88106 ], [ 13.83968, 52.88106 ], [ 13.83967, 52.88107 ], [ 13.83972, 52.88107 ], [ 13.83972, 52.88106 ], [ 13.83973, 52.88106 ], [ 13.83973, 52.88105 ], [ 13.83972, 52.88104 ] ] ] } },
{ "type": "Feature", "properties": { "Z_max": 16.1, "id": "776" }, "geometry": { "type": "Polygon", "coordinates": [ [ [ 13.83968, 52.88076 ], [ 13.83963, 52.88074 ], [ 13.83959, 52.88075 ], [ 13.8396, 52.88077 ], [ 13.83964, 52.8808 ], [ 13.83964, 52.8808 ], [ 13.83965, 52.8808 ], [ 13.83965, 52.88079 ], [ 13.83968, 52.88077 ], [ 13.83968, 52.88076 ] ] ] } },
{ "type": "Feature", "properties": { "Z_max": 16.4, "id": "777" }, "geometry": { "type": "Polygon", "coordinates": [ [ [ 13.83974, 52.88101 ], [ 13.83973, 52.88101 ], [ 13.83973, 52.88099 ], [ 13.83969, 52.88099 ], [ 13.83969, 52.88102 ], [ 13.83967, 52.88102 ], [ 13.83969, 52.88105 ], [ 13.83975, 52.88103 ], [ 13.83974, 52.88101 ] ] ] } },
{ "type": "Feature", "properties": { "Z_max": 15.0, "id": "778" }, "geometry": { "type": "Polygon", "coordinates": [ [ [ 13.83971, 52.88096 ], [ 13.83972, 52.88092 ], [ 13.83965, 52.88092 ], [ 13.83965, 52.88094 ], [ 13.83965, 52.88094 ], [ 13.83966, 52.88095 ], [ 13.83966, 52.88097 ], [ 13.83968, 52.88098 ], [ 13.8397, 52.88097 ], [ 13.83971, 52.88096 ], [ 13.83972, 52.88096 ], [ 13.83971, 52.88096 ] ] ] } },
{ "type": "Feature", "properties": { "Z_max": 14.5, "id": "779" }, "geometry": { "type": "Polygon", "coordinates": [ [ [ 13.8397, 52.8809 ], [ 13.83969, 52.8809 ], [ 13.83967, 52.88089 ], [ 13.83963, 52.88089 ], [ 13.83963, 52.8809 ], [ 13.8396, 52.8809 ], [ 13.8396, 52.88091 ], [ 13.83962, 52.88092 ], [ 13.83968, 52.88092 ], [ 13.8397, 52.88092 ], [ 13.8397, 52.8809 ], [ 13.8397, 52.8809 ] ] ] } },
{ "type": "Feature", "properties": { "Z_max": 15.5, "id": "780" }, "geometry": { "type": "Polygon", "coordinates": [ [ [ 13.83977, 52.88111 ], [ 13.83976, 52.88111 ], [ 13.83975, 52.8811 ], [ 13.83976, 52.8811 ], [ 13.83976, 52.88108 ], [ 13.83974, 52.88108 ], [ 13.83973, 52.88107 ], [ 13.83972, 52.88107 ], [ 13.83972, 52.88107 ], [ 13.83967, 52.88107 ], [ 13.83967, 52.88109 ], [ 13.8397, 52.88111 ], [ 13.8397, 52.88114 ], [ 13.83974, 52.88114 ], [ 13.83976, 52.88113 ], [ 13.83979, 52.88113 ], [ 13.83978, 52.88112 ], [ 13.83977, 52.88111 ] ] ] } },
{ "type": "Feature", "properties": { "Z_max": 23.8, "id": "781" }, "geometry": { "type": "Polygon", "coordinates": [ [ [ 13.83951, 52.87992 ], [ 13.83947, 52.8799 ], [ 13.83944, 52.8799 ], [ 13.83941, 52.87992 ], [ 13.83944, 52.87994 ], [ 13.83945, 52.87995 ], [ 13.83949, 52.87994 ], [ 13.83951, 52.87992 ] ] ] } },
{ "type": "Feature", "properties": { "Z_max": 15.6, "id": "782" }, "geometry": { "type": "Polygon", "coordinates": [ [ [ 13.83979, 52.88116 ], [ 13.83977, 52.88115 ], [ 13.83978, 52.88113 ], [ 13.83979, 52.88113 ], [ 13.83979, 52.88113 ], [ 13.83975, 52.88113 ], [ 13.83975, 52.88113 ], [ 13.83973, 52.88114 ], [ 13.83973, 52.88116 ], [ 13.8397, 52.88117 ], [ 13.8397, 52.88119 ], [ 13.83971, 52.88119 ], [ 13.83972, 52.8812 ], [ 13.83974, 52.88121 ], [ 13.83974, 52.88121 ], [ 13.83974, 52.88119 ], [ 13.83977, 52.88119 ], [ 13.83979, 52.88117 ], [ 13.83979, 52.88116 ] ] ] } },
{ "type": "Feature", "properties": { "Z_max": 14.8, "id": "783" }, "geometry": { "type": "Polygon", "coordinates": [ [ [ 13.83971, 52.88087 ], [ 13.83967, 52.88087 ], [ 13.83964, 52.88089 ], [ 13.83964, 52.88089 ], [ 13.83967, 52.88089 ], [ 13.83969, 52.8809 ], [ 13.83974, 52.8809 ], [ 13.83973, 52.88089 ], [ 13.83971, 52.88087 ] ] ] } },
{ "type": "Feature", "properties": { "Z_max": 25.2, "id": "784" }, "geometry": { "type": "Polygon", "coordinates": [ [ [ 13.83959, 52.88023 ], [ 13.83958, 52.88022 ], [ 13.83957, 52.88021 ], [ 13.83951, 52.88021 ], [ 13.83951, 52.88022 ], [ 13.83947, 52.88022 ], [ 13.83947, 52.88023 ], [ 13.83954, 52.88027 ], [ 13.83959, 52.88027 ], [ 13.83959, 52.88023 ] ] ] } },
{ "type": "Feature", "properties": { "Z_max": 16.5, "id": "785" }, "geometry": { "type": "Polygon", "coordinates": [ [ [ 13.83976, 52.881 ], [ 13.83976, 52.88097 ], [ 13.83976, 52.88097 ], [ 13.83975, 52.88096 ], [ 13.83972, 52.88096 ], [ 13.83969, 52.88098 ], [ 13.83969, 52.88099 ], [ 13.83968, 52.88099 ], [ 13.83968, 52.88099 ], [ 13.83973, 52.88099 ], [ 13.83974, 52.881 ], [ 13.83974, 52.88101 ], [ 13.83978, 52.88101 ], [ 13.83976, 52.881 ] ] ] } },
{ "type": "Feature", "properties": { "Z_max": 24.8, "id": "786" }, "geometry": { "type": "Polygon", "coordinates": [ [ [ 13.83957, 52.88016 ], [ 13.83954, 52.88016 ], [ 13.83952, 52.88015 ], [ 13.83952, 52.88015 ], [ 13.83952, 52.88018 ], [ 13.83958, 52.88018 ], [ 13.83957, 52.88018 ], [ 13.83959, 52.88017 ], [ 13.83959, 52.88016 ], [ 13.83957, 52.88016 ] ] ] } },
{ "type": "Feature", "properties": { "Z_max": 16.5, "id": "787" }, "geometry": { "type": "Polygon", "coordinates": [ [ [ 13.83978, 52.88103 ], [ 13.83978, 52.88101 ], [ 13.83975, 52.88101 ], [ 13.83972, 52.88104 ], [ 13.83974, 52.88106 ], [ 13.83973, 52.88107 ], [ 13.83976, 52.88107 ], [ 13.83976, 52.88107 ], [ 13.83978, 52.88106 ], [ 13.83979, 52.88106 ], [ 13.83979, 52.88104 ], [ 13.83978, 52.88103 ] ] ] } },
{ "type": "Feature", "properties": { "Z_max": 16.0, "id": "788" }, "geometry": { "type": "Polygon", "coordinates": [ [ [ 13.83975, 52.88084 ], [ 13.83973, 52.88084 ], [ 13.83972, 52.88083 ], [ 13.83965, 52.88083 ], [ 13.83965, 52.88085 ], [ 13.83968, 52.88087 ], [ 13.83972, 52.88087 ], [ 13.83974, 52.88086 ], [ 13.83975, 52.88084 ] ] ] } },
{ "type": "Feature", "properties": { "Z_max": 22.5, "id": "789" }, "geometry": { "type": "Polygon", "coordinates": [ [ [ 13.83958, 52.88011 ], [ 13.83958, 52.88009 ], [ 13.83957, 52.88009 ], [ 13.83956, 52.88008 ], [ 13.83952, 52.88008 ], [ 13.83952, 52.88011 ], [ 13.83954, 52.88013 ], [ 13.83956, 52.88014 ], [ 13.83958, 52.88014 ], [ 13.83959, 52.88013 ], [ 13.83959, 52.88011 ], [ 13.83958, 52.88011 ] ] ] } },
{ "type": "Feature", "properties": { "Z_max": 14.9, "id": "790" }, "geometry": { "type": "Polygon", "coordinates": [ [ [ 13.83975, 52.88076 ], [ 13.83973, 52.88075 ], [ 13.83969, 52.88075 ], [ 13.83969, 52.88077 ], [ 13.83968, 52.88078 ], [ 13.83967, 52.88078 ], [ 13.83967, 52.88079 ], [ 13.83968, 52.8808 ], [ 13.83968, 52.8808 ], [ 13.83972, 52.8808 ], [ 13.83975, 52.88079 ], [ 13.83975, 52.88076 ] ] ] } },
{ "type": "Feature", "properties": { "Z_max": 24.6, "id": "791" }, "geometry": { "type": "Polygon", "coordinates": [ [ [ 13.83957, 52.87997 ], [ 13.83956, 52.87998 ], [ 13.83955, 52.87997 ], [ 13.83953, 52.87997 ], [ 13.8395, 52.87998 ], [ 13.83949, 52.88 ], [ 13.83951, 52.88 ], [ 13.83955, 52.88 ], [ 13.83956, 52.87999 ], [ 13.83957, 52.87997 ] ] ] } },
{ "type": "Feature", "properties": { "Z_max": 15.4, "id": "792" }, "geometry": { "type": "Polygon", "coordinates": [ [ [ 13.83981, 52.8811 ], [ 13.8398, 52.88108 ], [ 13.83977, 52.88108 ], [ 13.83977, 52.88109 ], [ 13.83975, 52.88111 ], [ 13.83976, 52.88111 ], [ 13.83979, 52.88113 ], [ 13.8398, 52.88113 ], [ 13.83983, 52.88111 ], [ 13.83983, 52.8811 ], [ 13.83981, 52.8811 ] ] ] } },
{ "type": "Feature", "properties": { "Z_max": 15.2, "id": "793" }, "geometry": { "type": "Polygon", "coordinates": [ [ [ 13.83977, 52.88087 ], [ 13.83978, 52.88087 ], [ 13.83975, 52.88085 ], [ 13.83974, 52.88085 ], [ 13.83971, 52.88087 ], [ 13.83975, 52.8809 ], [ 13.83977, 52.88089 ], [ 13.83977, 52.88087 ] ] ] } },
{ "type": "Feature", "properties": { "Z_max": 16.4, "id": "794" }, "geometry": { "type": "Polygon", "coordinates": [ [ [ 13.83974, 52.88081 ], [ 13.83969, 52.8808 ], [ 13.83966, 52.88079 ], [ 13.83965, 52.88079 ], [ 13.83965, 52.8808 ], [ 13.83964, 52.88081 ], [ 13.83965, 52.88083 ], [ 13.8397, 52.88083 ], [ 13.83973, 52.88083 ], [ 13.83973, 52.88084 ], [ 13.83975, 52.88083 ], [ 13.83975, 52.88081 ], [ 13.83974, 52.88081 ] ] ] } },
{ "type": "Feature", "properties": { "Z_max": 23.4, "id": "795" }, "geometry": { "type": "Polygon", "coordinates": [ [ [ 13.83964, 52.88017 ], [ 13.83962, 52.88017 ], [ 13.8396, 52.88016 ], [ 13.83959, 52.88017 ], [ 13.83958, 52.88017 ], [ 13.83958, 52.88018 ], [ 13.83957, 52.88019 ], [ 13.83958, 52.8802 ], [ 13.83958, 52.88021 ], [ 13.8396, 52.88021 ], [ 13.83964, 52.88019 ], [ 13.83966, 52.88019 ], [ 13.83966, 52.88018 ], [ 13.83964, 52.88017 ] ] ] } },
{ "type": "Feature", "properties": { "Z_max": 14.2, "id": "796" }, "geometry": { "type": "Polygon", "coordinates": [ [ [ 13.83983, 52.88112 ], [ 13.83981, 52.88112 ], [ 13.83978, 52.88114 ], [ 13.83978, 52.88115 ], [ 13.83979, 52.88115 ], [ 13.83981, 52.88116 ], [ 13.83983, 52.88116 ], [ 13.83986, 52.88114 ], [ 13.83983, 52.88112 ] ] ] } },
{ "type": "Feature", "properties": { "Z_max": 15.7, "id": "797" }, "geometry": { "type": "Polygon", "coordinates": [ [ [ 13.83982, 52.88105 ], [ 13.8398, 52.88105 ], [ 13.83978, 52.88106 ], [ 13.83978, 52.88106 ], [ 13.83976, 52.88107 ], [ 13.83976, 52.88108 ], [ 13.83981, 52.88109 ], [ 13.83981, 52.8811 ], [ 13.83982, 52.8811 ], [ 13.83982, 52.88105 ] ] ] } },
{ "type": "Feature", "properties": { "Z_max": 16.6, "id": "798" }, "geometry": { "type": "Polygon", "coordinates": [ [ [ 13.83984, 52.88101 ], [ 13.83981, 52.881 ], [ 13.83978, 52.881 ], [ 13.83978, 52.88103 ], [ 13.8398, 52.88104 ], [ 13.83983, 52.88105 ], [ 13.83985, 52.88104 ], [ 13.83987, 52.88104 ], [ 13.83984, 52.88101 ] ] ] } },
{ "type": "Feature", "properties": { "Z_max": 15.5, "id": "799" }, "geometry": { "type": "Polygon", "coordinates": [ [ [ 13.83981, 52.88094 ], [ 13.83981, 52.88092 ], [ 13.83978, 52.88092 ], [ 13.83977, 52.88093 ], [ 13.83977, 52.88095 ], [ 13.83975, 52.88096 ], [ 13.83975, 52.88096 ], [ 13.83978, 52.88096 ], [ 13.83978, 52.88098 ], [ 13.83979, 52.88098 ], [ 13.83982, 52.88096 ], [ 13.83982, 52.88095 ], [ 13.83981, 52.88094 ] ] ] } },
{ "type": "Feature", "properties": { "Z_max": 14.8, "id": "800" }, "geometry": { "type": "Polygon", "coordinates": [ [ [ 13.8398, 52.8808 ], [ 13.83977, 52.88078 ], [ 13.83974, 52.88079 ], [ 13.83974, 52.8808 ], [ 13.83972, 52.8808 ], [ 13.83975, 52.88082 ], [ 13.8398, 52.88081 ], [ 13.8398, 52.8808 ] ] ] } },
{ "type": "Feature", "properties": { "Z_max": 24.5, "id": "801" }, "geometry": { "type": "Polygon", "coordinates": [ [ [ 13.83966, 52.88015 ], [ 13.83962, 52.88012 ], [ 13.83961, 52.88012 ], [ 13.83959, 52.88013 ], [ 13.83958, 52.88013 ], [ 13.83958, 52.88016 ], [ 13.8396, 52.88016 ], [ 13.83961, 52.88017 ], [ 13.83965, 52.88018 ], [ 13.83966, 52.88018 ], [ 13.83967, 52.88018 ], [ 13.83966, 52.88015 ] ] ] } },
{ "type": "Feature", "properties": { "Z_max": 14.6, "id": "802" }, "geometry": { "type": "Polygon", "coordinates": [ [ [ 13.83984, 52.88085 ], [ 13.83982, 52.88084 ], [ 13.83979, 52.88084 ], [ 13.83978, 52.88085 ], [ 13.83976, 52.88085 ], [ 13.83976, 52.88086 ], [ 13.83977, 52.88087 ], [ 13.83981, 52.88087 ], [ 13.83981, 52.88088 ], [ 13.83984, 52.88087 ], [ 13.83984, 52.88085 ] ] ] } },
{ "type": "Feature", "properties": { "Z_max": 15.2, "id": "803" }, "geometry": { "type": "Polygon", "coordinates": [ [ [ 13.83982, 52.88083 ], [ 13.83981, 52.88082 ], [ 13.8398, 52.88081 ], [ 13.83977, 52.88081 ], [ 13.83974, 52.88083 ], [ 13.83974, 52.88084 ], [ 13.83975, 52.88085 ], [ 13.83977, 52.88085 ], [ 13.83978, 52.88085 ], [ 13.8398, 52.88084 ], [ 13.83983, 52.88084 ], [ 13.83983, 52.88083 ], [ 13.83982, 52.88083 ] ] ] } },
{ "type": "Feature", "properties": { "Z_max": 15.7, "id": "804" }, "geometry": { "type": "Polygon", "coordinates": [ [ [ 13.83965, 52.8803 ], [ 13.83965, 52.8803 ], [ 13.83966, 52.88031 ], [ 13.83966, 52.8803 ], [ 13.83965, 52.8803 ] ] ] } },
{ "type": "Feature", "properties": { "Z_max": 22.9, "id": "805" }, "geometry": { "type": "Polygon", "coordinates": [ [ [ 13.83963, 52.87995 ], [ 13.83963, 52.87993 ], [ 13.83954, 52.87993 ], [ 13.83954, 52.87995 ], [ 13.83955, 52.87996 ], [ 13.83956, 52.87997 ], [ 13.83957, 52.87998 ], [ 13.83959, 52.87998 ], [ 13.83961, 52.87997 ], [ 13.83963, 52.87996 ], [ 13.83964, 52.87996 ], [ 13.83964, 52.87995 ], [ 13.83963, 52.87995 ] ] ] } },
{ "type": "Feature", "properties": { "Z_max": 14.7, "id": "806" }, "geometry": { "type": "Polygon", "coordinates": [ [ [ 13.83971, 52.88046 ], [ 13.83971, 52.88047 ], [ 13.83972, 52.88047 ], [ 13.83972, 52.88046 ], [ 13.83971, 52.88046 ] ] ] } },
{ "type": "Feature", "properties": { "Z_max": 16.6, "id": "807" }, "geometry": { "type": "Polygon", "coordinates": [ [ [ 13.83968, 52.88043 ], [ 13.83968, 52.88043 ], [ 13.8397, 52.88043 ], [ 13.8397, 52.88043 ], [ 13.83968, 52.88043 ] ] ] } },
{ "type": "Feature", "properties": { "Z_max": 19.9, "id": "808" }, "geometry": { "type": "Polygon", "coordinates": [ [ [ 13.83965, 52.88006 ], [ 13.83964, 52.88006 ], [ 13.83961, 52.88006 ], [ 13.8396, 52.88007 ], [ 13.8396, 52.88008 ], [ 13.83961, 52.88008 ], [ 13.83961, 52.8801 ], [ 13.83964, 52.88009 ], [ 13.83964, 52.88008 ], [ 13.83965, 52.88008 ], [ 13.83965, 52.88006 ] ] ] } },
{ "type": "Feature", "properties": { "Z_max": 15.8, "id": "809" }, "geometry": { "type": "Polygon", "coordinates": [ [ [ 13.83987, 52.88105 ], [ 13.83984, 52.88104 ], [ 13.83982, 52.88105 ], [ 13.83982, 52.8811 ], [ 13.83986, 52.8811 ], [ 13.83987, 52.88105 ] ] ] } },
{ "type": "Feature", "properties": { "Z_max": 15.0, "id": "810" }, "geometry": { "type": "Polygon", "coordinates": [ [ [ 13.83972, 52.88053 ], [ 13.83972, 52.88053 ], [ 13.83973, 52.88053 ], [ 13.83973, 52.88053 ], [ 13.83972, 52.88053 ] ] ] } },
{ "type": "Feature", "properties": { "Z_max": 14.1, "id": "811" }, "geometry": { "type": "Polygon", "coordinates": [ [ [ 13.83979, 52.88063 ], [ 13.83977, 52.88063 ], [ 13.83975, 52.88062 ], [ 13.83973, 52.88063 ], [ 13.83972, 52.88063 ], [ 13.8397, 52.88063 ], [ 13.8397, 52.88065 ], [ 13.83977, 52.88065 ], [ 13.83979, 52.88064 ], [ 13.83979, 52.88063 ] ] ] } },
{ "type": "Feature", "properties": { "Z_max": 23.4, "id": "812" }, "geometry": { "type": "Polygon", "coordinates": [ [ [ 13.83963, 52.87989 ], [ 13.8396, 52.87988 ], [ 13.83956, 52.87988 ], [ 13.83956, 52.87989 ], [ 13.83955, 52.87991 ], [ 13.83954, 52.87991 ], [ 13.83954, 52.87993 ], [ 13.83963, 52.87993 ], [ 13.83963, 52.87989 ] ] ] } },
{ "type": "Feature", "properties": { "Z_max": 15.4, "id": "813" }, "geometry": { "type": "Polygon", "coordinates": [ [ [ 13.83992, 52.88112 ], [ 13.83992, 52.8811 ], [ 13.83984, 52.8811 ], [ 13.83983, 52.88111 ], [ 13.83982, 52.88111 ], [ 13.83987, 52.88114 ], [ 13.83988, 52.88114 ], [ 13.83991, 52.88112 ], [ 13.83992, 52.88112 ] ] ] } },
{ "type": "Feature", "properties": { "Z_max": 17.1, "id": "814" }, "geometry": { "type": "Polygon", "coordinates": [ [ [ 13.83987, 52.88099 ], [ 13.83987, 52.88097 ], [ 13.83981, 52.88097 ], [ 13.83981, 52.88097 ], [ 13.8398, 52.88098 ], [ 13.8398, 52.881 ], [ 13.83984, 52.88102 ], [ 13.83985, 52.88102 ], [ 13.83987, 52.88099 ] ] ] } },
{ "type": "Feature", "properties": { "Z_max": 15.6, "id": "815" }, "geometry": { "type": "Polygon", "coordinates": [ [ [ 13.8397, 52.88033 ], [ 13.83968, 52.88034 ], [ 13.83965, 52.88034 ], [ 13.83965, 52.88034 ], [ 13.83968, 52.88036 ], [ 13.83971, 52.88035 ], [ 13.8397, 52.88033 ] ] ] } },
{ "type": "Feature", "properties": { "Z_max": 14.6, "id": "816" }, "geometry": { "type": "Polygon", "coordinates": [ [ [ 13.83981, 52.8808 ], [ 13.83983, 52.88079 ], [ 13.83983, 52.88079 ], [ 13.83986, 52.88077 ], [ 13.83983, 52.88075 ], [ 13.8398, 52.88075 ], [ 13.8398, 52.88076 ], [ 13.83977, 52.88078 ], [ 13.8398, 52.88081 ], [ 13.83981, 52.88081 ], [ 13.83981, 52.8808 ] ] ] } },
{ "type": "Feature", "properties": { "Z_max": 16.4, "id": "817" }, "geometry": { "type": "Polygon", "coordinates": [ [ [ 13.8399, 52.88092 ], [ 13.83981, 52.88092 ], [ 13.83981, 52.88095 ], [ 13.83983, 52.88095 ], [ 13.83983, 52.88096 ], [ 13.83988, 52.88096 ], [ 13.8399, 52.88096 ], [ 13.8399, 52.88092 ] ] ] } },
{ "type": "Feature", "properties": { "Z_max": 15.9, "id": "818" }, "geometry": { "type": "Polygon", "coordinates": [ [ [ 13.83989, 52.88101 ], [ 13.83991, 52.881 ], [ 13.83991, 52.88099 ], [ 13.8399, 52.881 ], [ 13.83989, 52.88099 ], [ 13.8399, 52.88098 ], [ 13.83988, 52.88097 ], [ 13.83987, 52.88097 ], [ 13.83987, 52.88099 ], [ 13.83986, 52.881 ], [ 13.83985, 52.881 ], [ 13.83986, 52.88103 ], [ 13.83988, 52.88103 ], [ 13.83989, 52.88101 ] ] ] } },
{ "type": "Feature", "properties": { "Z_max": 15.6, "id": "819" }, "geometry": { "type": "Polygon", "coordinates": [ [ [ 13.83991, 52.8809 ], [ 13.83986, 52.88087 ], [ 13.83984, 52.88087 ], [ 13.8398, 52.88091 ], [ 13.8398, 52.88092 ], [ 13.8399, 52.88092 ], [ 13.83991, 52.8809 ] ] ] } },
{ "type": "Feature", "properties": { "Z_max": 16.0, "id": "820" }, "geometry": { "type": "Polygon", "coordinates": [ [ [ 13.83996, 52.88103 ], [ 13.83993, 52.88103 ], [ 13.83992, 52.88102 ], [ 13.83989, 52.88102 ], [ 13.83985, 52.88104 ], [ 13.83987, 52.88106 ], [ 13.83994, 52.88106 ], [ 13.83995, 52.88105 ], [ 13.83996, 52.88103 ] ] ] } },
{ "type": "Feature", "properties": { "Z_max": 15.1, "id": "821" }, "geometry": { "type": "Polygon", "coordinates": [ [ [ 13.83997, 52.88113 ], [ 13.83996, 52.88113 ], [ 13.83994, 52.88109 ], [ 13.83993, 52.8811 ], [ 13.83993, 52.88111 ], [ 13.83992, 52.88112 ], [ 13.8399, 52.88112 ], [ 13.8399, 52.88114 ], [ 13.83988, 52.88115 ], [ 13.83988, 52.88115 ], [ 13.83989, 52.88115 ], [ 13.83991, 52.88116 ], [ 13.83995, 52.88115 ], [ 13.83997, 52.88115 ], [ 13.83997, 52.88113 ] ] ] } },
{ "type": "Feature", "properties": { "Z_max": 16.0, "id": "822" }, "geometry": { "type": "Polygon", "coordinates": [ [ [ 13.83992, 52.88106 ], [ 13.83987, 52.88106 ], [ 13.83987, 52.8811 ], [ 13.83989, 52.88109 ], [ 13.83992, 52.88109 ], [ 13.83992, 52.88106 ] ] ] } },
{ "type": "Feature", "properties": { "Z_max": 15.8, "id": "823" }, "geometry": { "type": "Polygon", "coordinates": [ [ [ 13.83984, 52.88067 ], [ 13.83979, 52.88067 ], [ 13.83976, 52.88069 ], [ 13.83976, 52.88071 ], [ 13.83985, 52.88071 ], [ 13.83987, 52.88069 ], [ 13.83984, 52.88067 ] ] ] } },
{ "type": "Feature", "properties": { "Z_max": 24.2, "id": "824" }, "geometry": { "type": "Polygon", "coordinates": [ [ [ 13.83969, 52.88016 ], [ 13.83969, 52.88015 ], [ 13.83973, 52.88014 ], [ 13.83973, 52.88012 ], [ 13.83971, 52.88011 ], [ 13.8397, 52.88011 ], [ 13.83967, 52.88011 ], [ 13.83966, 52.88012 ], [ 13.83963, 52.88012 ], [ 13.83963, 52.88013 ], [ 13.83964, 52.88013 ], [ 13.83967, 52.88016 ], [ 13.83967, 52.88017 ], [ 13.83969, 52.88017 ], [ 13.8397, 52.88017 ], [ 13.83969, 52.88016 ] ] ] } },
{ "type": "Feature", "properties": { "Z_max": 17.8, "id": "825" }, "geometry": { "type": "Polygon", "coordinates": [ [ [ 13.83975, 52.88029 ], [ 13.83975, 52.88028 ], [ 13.83976, 52.88026 ], [ 13.83978, 52.88026 ], [ 13.83978, 52.88025 ], [ 13.83978, 52.88025 ], [ 13.83972, 52.88025 ], [ 13.83972, 52.88027 ], [ 13.83971, 52.88028 ], [ 13.83965, 52.88026 ], [ 13.83965, 52.88026 ], [ 13.83962, 52.88025 ], [ 13.83962, 52.88026 ], [ 13.83962, 52.88028 ], [ 13.83964, 52.88028 ], [ 13.83963, 52.8803 ], [ 13.83969, 52.8803 ], [ 13.83971, 52.88031 ], [ 13.83972, 52.88031 ], [ 13.83973, 52.8803 ], [ 13.83976, 52.8803 ], [ 13.83977, 52.8803 ], [ 13.83975, 52.88029 ] ] ] } },
{ "type": "Feature", "properties": { "Z_max": 15.8, "id": "826" }, "geometry": { "type": "Polygon", "coordinates": [ [ [ 13.83992, 52.88083 ], [ 13.83992, 52.88082 ], [ 13.83983, 52.88081 ], [ 13.83982, 52.88082 ], [ 13.83981, 52.88083 ], [ 13.83983, 52.88083 ], [ 13.83983, 52.88085 ], [ 13.8399, 52.88084 ], [ 13.83991, 52.88083 ], [ 13.83993, 52.88083 ], [ 13.83993, 52.88083 ], [ 13.83992, 52.88083 ] ] ] } },
{ "type": "Feature", "properties": { "Z_max": 17.1, "id": "827" }, "geometry": { "type": "Polygon", "coordinates": [ [ [ 13.83978, 52.8804 ], [ 13.83976, 52.88039 ], [ 13.83977, 52.88038 ], [ 13.83975, 52.88038 ], [ 13.83975, 52.88041 ], [ 13.83977, 52.88041 ], [ 13.83976, 52.88043 ], [ 13.83977, 52.88043 ], [ 13.83978, 52.88042 ], [ 13.83979, 52.88041 ], [ 13.83979, 52.88041 ], [ 13.83979, 52.8804 ], [ 13.83978, 52.8804 ] ] ] } },
{ "type": "Feature", "properties": { "Z_max": 26.6, "id": "828" }, "geometry": { "type": "Polygon", "coordinates": [ [ [ 13.83976, 52.88018 ], [ 13.83974, 52.88018 ], [ 13.83974, 52.88017 ], [ 13.83967, 52.88018 ], [ 13.83967, 52.88021 ], [ 13.8397, 52.88022 ], [ 13.83973, 52.88024 ], [ 13.83973, 52.88024 ], [ 13.83975, 52.88025 ], [ 13.83975, 52.88024 ], [ 13.83976, 52.88018 ] ] ] } },
{ "type": "Feature", "properties": { "Z_max": 15.7, "id": "829" }, "geometry": { "type": "Polygon", "coordinates": [ [ [ 13.8399, 52.88077 ], [ 13.83986, 52.88077 ], [ 13.83982, 52.8808 ], [ 13.83982, 52.88081 ], [ 13.83991, 52.88081 ], [ 13.83993, 52.8808 ], [ 13.83993, 52.88079 ], [ 13.8399, 52.88077 ] ] ] } },
{ "type": "Feature", "properties": { "Z_max": 15.6, "id": "830" }, "geometry": { "type": "Polygon", "coordinates": [ [ [ 13.8399, 52.88071 ], [ 13.83989, 52.88071 ], [ 13.83989, 52.8807 ], [ 13.83986, 52.8807 ], [ 13.83983, 52.88071 ], [ 13.83983, 52.88074 ], [ 13.83987, 52.88074 ], [ 13.83988, 52.88073 ], [ 13.83992, 52.88073 ], [ 13.83993, 52.88073 ], [ 13.83993, 52.88073 ], [ 13.8399, 52.88071 ] ] ] } },
{ "type": "Feature", "properties": { "Z_max": 16.0, "id": "831" }, "geometry": { "type": "Polygon", "coordinates": [ [ [ 13.83994, 52.88098 ], [ 13.83991, 52.88098 ], [ 13.8399, 52.88099 ], [ 13.83991, 52.88099 ], [ 13.83992, 52.881 ], [ 13.83994, 52.881 ], [ 13.83994, 52.88098 ] ] ] } },
{ "type": "Feature", "properties": { "Z_max": 15.5, "id": "832" }, "geometry": { "type": "Polygon", "coordinates": [ [ [ 13.83992, 52.88075 ], [ 13.83993, 52.88075 ], [ 13.83993, 52.88073 ], [ 13.83988, 52.88073 ], [ 13.83988, 52.88074 ], [ 13.83986, 52.88074 ], [ 13.83983, 52.88074 ], [ 13.83983, 52.88075 ], [ 13.83986, 52.88077 ], [ 13.83991, 52.88077 ], [ 13.83992, 52.88075 ] ] ] } },
{ "type": "Feature", "properties": { "Z_max": 16.3, "id": "833" }, "geometry": { "type": "Polygon", "coordinates": [ [ [ 13.83986, 52.88057 ], [ 13.8398, 52.88057 ], [ 13.83979, 52.88057 ], [ 13.83979, 52.88059 ], [ 13.83982, 52.88062 ], [ 13.83985, 52.88062 ], [ 13.83988, 52.88063 ], [ 13.83989, 52.88062 ], [ 13.83989, 52.88059 ], [ 13.83986, 52.88057 ] ] ] } },
{ "type": "Feature", "properties": { "Z_max": 18.5, "id": "834" }, "geometry": { "type": "Polygon", "coordinates": [ [ [ 13.83984, 52.88036 ], [ 13.83982, 52.88035 ], [ 13.83983, 52.88035 ], [ 13.83981, 52.88035 ], [ 13.8398, 52.88035 ], [ 13.83976, 52.88037 ], [ 13.83974, 52.88036 ], [ 13.83974, 52.88037 ], [ 13.83977, 52.8804 ], [ 13.83979, 52.8804 ], [ 13.83984, 52.88037 ], [ 13.83984, 52.88036 ] ] ] } },
{ "type": "Feature", "properties": { "Z_max": 23.4, "id": "835" }, "geometry": { "type": "Polygon", "coordinates": [ [ [ 13.83976, 52.88005 ], [ 13.83974, 52.88005 ], [ 13.83971, 52.88006 ], [ 13.83972, 52.88006 ], [ 13.83971, 52.88007 ], [ 13.8397, 52.88007 ], [ 13.8397, 52.88007 ], [ 13.83974, 52.8801 ], [ 13.83979, 52.88007 ], [ 13.83976, 52.88005 ] ] ] } },
{ "type": "Feature", "properties": { "Z_max": 14.6, "id": "836" }, "geometry": { "type": "Polygon", "coordinates": [ [ [ 13.83997, 52.88106 ], [ 13.83997, 52.88105 ], [ 13.83994, 52.88105 ], [ 13.83993, 52.88107 ], [ 13.83993, 52.88109 ], [ 13.83998, 52.88108 ], [ 13.83998, 52.88107 ], [ 13.83997, 52.88106 ] ] ] } },
{ "type": "Feature", "properties": { "Z_max": 16.1, "id": "837" }, "geometry": { "type": "Polygon", "coordinates": [ [ [ 13.83997, 52.88095 ], [ 13.83996, 52.88094 ], [ 13.83995, 52.88094 ], [ 13.83995, 52.88095 ], [ 13.8399, 52.88095 ], [ 13.8399, 52.88096 ], [ 13.83989, 52.88096 ], [ 13.83989, 52.88097 ], [ 13.83996, 52.88098 ], [ 13.83997, 52.88098 ], [ 13.83997, 52.88095 ] ] ] } },
{ "type": "Feature", "properties": { "Z_max": 13.7, "id": "838" }, "geometry": { "type": "Polygon", "coordinates": [ [ [ 13.83993, 52.88092 ], [ 13.8399, 52.88091 ], [ 13.83991, 52.88095 ], [ 13.83994, 52.88095 ], [ 13.83994, 52.88093 ], [ 13.83994, 52.88093 ], [ 13.83993, 52.88092 ] ] ] } },
{ "type": "Feature", "properties": { "Z_max": 13.1, "id": "839" }, "geometry": { "type": "Polygon", "coordinates": [ [ [ 13.83992, 52.88089 ], [ 13.83992, 52.88089 ], [ 13.83993, 52.88089 ], [ 13.83992, 52.88089 ] ] ] } },
{ "type": "Feature", "properties": { "Z_max": 27.5, "id": "840" }, "geometry": { "type": "Polygon", "coordinates": [ [ [ 13.83978, 52.88008 ], [ 13.83978, 52.88008 ], [ 13.83977, 52.88009 ], [ 13.83976, 52.88008 ], [ 13.83975, 52.8801 ], [ 13.83975, 52.88009 ], [ 13.83974, 52.8801 ], [ 13.83975, 52.88011 ], [ 13.83975, 52.88013 ], [ 13.83976, 52.88013 ], [ 13.83976, 52.88014 ], [ 13.83977, 52.88014 ], [ 13.83977, 52.88015 ], [ 13.83979, 52.88015 ], [ 13.83982, 52.88013 ], [ 13.83984, 52.88013 ], [ 13.83978, 52.88008 ] ] ] } },
{ "type": "Feature", "properties": { "Z_max": 14.9, "id": "841" }, "geometry": { "type": "Polygon", "coordinates": [ [ [ 13.84003, 52.88111 ], [ 13.83999, 52.88111 ], [ 13.83998, 52.88112 ], [ 13.83996, 52.88112 ], [ 13.83996, 52.88113 ], [ 13.83997, 52.88113 ], [ 13.83997, 52.88116 ], [ 13.84, 52.88116 ], [ 13.84001, 52.88115 ], [ 13.84004, 52.88113 ], [ 13.84003, 52.88111 ] ] ] } },
{ "type": "Feature", "properties": { "Z_max": 15.5, "id": "842" }, "geometry": { "type": "Polygon", "coordinates": [ [ [ 13.83993, 52.88065 ], [ 13.83992, 52.88064 ], [ 13.83987, 52.88064 ], [ 13.83986, 52.88064 ], [ 13.83987, 52.88065 ], [ 13.83985, 52.88066 ], [ 13.83985, 52.88066 ], [ 13.83985, 52.88068 ], [ 13.83987, 52.88069 ], [ 13.83992, 52.88069 ], [ 13.83993, 52.88068 ], [ 13.83993, 52.88068 ], [ 13.83993, 52.88065 ] ] ] } },
{ "type": "Feature", "properties": { "Z_max": 23.4, "id": "843" }, "geometry": { "type": "Polygon", "coordinates": [ [ [ 13.83978, 52.87998 ], [ 13.83978, 52.87997 ], [ 13.83976, 52.87997 ], [ 13.83976, 52.87993 ], [ 13.83975, 52.87993 ], [ 13.83975, 52.87995 ], [ 13.8397, 52.87998 ], [ 13.8397, 52.87998 ], [ 13.83975, 52.88001 ], [ 13.83978, 52.88001 ], [ 13.83978, 52.88 ], [ 13.83979, 52.88 ], [ 13.83979, 52.87998 ], [ 13.83978, 52.87998 ] ] ] } },
{ "type": "Feature", "properties": { "Z_max": 15.2, "id": "844" }, "geometry": { "type": "Polygon", "coordinates": [ [ [ 13.84001, 52.8811 ], [ 13.84, 52.8811 ], [ 13.83999, 52.88111 ], [ 13.84, 52.88111 ], [ 13.84002, 52.88111 ], [ 13.84001, 52.8811 ] ] ] } },
{ "type": "Feature", "properties": { "Z_max": 17.1, "id": "845" }, "geometry": { "type": "Polygon", "coordinates": [ [ [ 13.84002, 52.88094 ], [ 13.83999, 52.88094 ], [ 13.83997, 52.88095 ], [ 13.83997, 52.88097 ], [ 13.84, 52.88099 ], [ 13.84001, 52.88099 ], [ 13.84002, 52.88094 ] ] ] } },
{ "type": "Feature", "properties": { "Z_max": 14.8, "id": "846" }, "geometry": { "type": "Polygon", "coordinates": [ [ [ 13.83998, 52.88103 ], [ 13.83997, 52.88103 ], [ 13.83997, 52.88106 ], [ 13.83999, 52.88107 ], [ 13.84001, 52.88107 ], [ 13.84003, 52.88106 ], [ 13.84003, 52.88106 ], [ 13.83998, 52.88103 ] ] ] } },
{ "type": "Feature", "properties": { "Z_max": 15.8, "id": "847" }, "geometry": { "type": "Polygon", "coordinates": [ [ [ 13.83998, 52.88087 ], [ 13.84001, 52.88086 ], [ 13.84, 52.88085 ], [ 13.84002, 52.88084 ], [ 13.83995, 52.88083 ], [ 13.83992, 52.88088 ], [ 13.83992, 52.88089 ], [ 13.83996, 52.88089 ], [ 13.83997, 52.88088 ], [ 13.83998, 52.88087 ] ] ] } },
{ "type": "Feature", "properties": { "Z_max": 14.3, "id": "848" }, "geometry": { "type": "Polygon", "coordinates": [ [ [ 13.84002, 52.88092 ], [ 13.84001, 52.88091 ], [ 13.84, 52.8809 ], [ 13.83999, 52.8809 ], [ 13.83997, 52.88089 ], [ 13.83993, 52.88089 ], [ 13.83993, 52.88089 ], [ 13.83995, 52.8809 ], [ 13.83994, 52.88091 ], [ 13.83993, 52.88092 ], [ 13.83993, 52.88093 ], [ 13.83995, 52.88094 ], [ 13.83998, 52.88095 ], [ 13.84, 52.88094 ], [ 13.84001, 52.88094 ], [ 13.84002, 52.88092 ] ] ] } },
{ "type": "Feature", "properties": { "Z_max": 18.1, "id": "849" }, "geometry": { "type": "Polygon", "coordinates": [ [ [ 13.83992, 52.88041 ], [ 13.83991, 52.88041 ], [ 13.8399, 52.88041 ], [ 13.8399, 52.88039 ], [ 13.83987, 52.88039 ], [ 13.83984, 52.88041 ], [ 13.83984, 52.88042 ], [ 13.83989, 52.88045 ], [ 13.83989, 52.88044 ], [ 13.8399, 52.88044 ], [ 13.83992, 52.88043 ], [ 13.83992, 52.88041 ] ] ] } },
{ "type": "Feature", "properties": { "Z_max": 22.8, "id": "850" }, "geometry": { "type": "Polygon", "coordinates": [ [ [ 13.83985, 52.88002 ], [ 13.83979, 52.88 ], [ 13.83978, 52.88001 ], [ 13.83977, 52.88004 ], [ 13.83979, 52.88005 ], [ 13.83979, 52.88006 ], [ 13.83985, 52.88004 ], [ 13.83985, 52.88002 ] ] ] } },
{ "type": "Feature", "properties": { "Z_max": 14.8, "id": "851" }, "geometry": { "type": "Polygon", "coordinates": [ [ [ 13.84008, 52.88112 ], [ 13.84004, 52.88112 ], [ 13.84001, 52.88114 ], [ 13.84002, 52.88115 ], [ 13.84004, 52.88117 ], [ 13.84007, 52.88117 ], [ 13.84009, 52.88114 ], [ 13.84008, 52.88112 ] ] ] } },
{ "type": "Feature", "properties": { "Z_max": 16.4, "id": "852" }, "geometry": { "type": "Polygon", "coordinates": [ [ [ 13.84003, 52.88099 ], [ 13.84002, 52.88099 ], [ 13.84002, 52.881 ], [ 13.84, 52.881 ], [ 13.83999, 52.881 ], [ 13.83997, 52.88099 ], [ 13.83997, 52.88098 ], [ 13.83994, 52.88098 ], [ 13.83995, 52.88099 ], [ 13.83994, 52.881 ], [ 13.83994, 52.88101 ], [ 13.83999, 52.88103 ], [ 13.83999, 52.88105 ], [ 13.84001, 52.88106 ], [ 13.84008, 52.88101 ], [ 13.84003, 52.88099 ] ] ] } },
{ "type": "Feature", "properties": { "Z_max": 16.0, "id": "853" }, "geometry": { "type": "Polygon", "coordinates": [ [ [ 13.84001, 52.88081 ], [ 13.84, 52.88079 ], [ 13.83996, 52.88079 ], [ 13.83993, 52.88079 ], [ 13.83992, 52.88082 ], [ 13.83994, 52.88083 ], [ 13.84002, 52.88083 ], [ 13.84004, 52.88083 ], [ 13.84003, 52.88082 ], [ 13.84003, 52.88082 ], [ 13.84001, 52.88081 ] ] ] } },
{ "type": "Feature", "properties": { "Z_max": 15.9, "id": "854" }, "geometry": { "type": "Polygon", "coordinates": [ [ [ 13.83998, 52.88069 ], [ 13.83995, 52.88067 ], [ 13.8399, 52.88069 ], [ 13.83988, 52.88069 ], [ 13.83992, 52.88072 ], [ 13.83993, 52.88072 ], [ 13.83994, 52.88073 ], [ 13.83995, 52.88073 ], [ 13.83996, 52.88072 ], [ 13.83997, 52.88072 ], [ 13.83998, 52.88071 ], [ 13.83998, 52.88069 ] ] ] } },
{ "type": "Feature", "properties": { "Z_max": 15.6, "id": "855" }, "geometry": { "type": "Polygon", "coordinates": [ [ [ 13.84008, 52.88108 ], [ 13.84002, 52.88109 ], [ 13.84003, 52.88112 ], [ 13.84005, 52.88112 ], [ 13.84008, 52.88112 ], [ 13.84012, 52.8811 ], [ 13.84008, 52.88108 ] ] ] } },
{ "type": "Feature", "properties": { "Z_max": 26.2, "id": "856" }, "geometry": { "type": "Polygon", "coordinates": [ [ [ 13.83986, 52.88013 ], [ 13.8398, 52.88013 ], [ 13.8398, 52.88014 ], [ 13.83982, 52.88014 ], [ 13.83982, 52.88016 ], [ 13.8398, 52.88017 ], [ 13.83977, 52.88017 ], [ 13.83977, 52.88017 ], [ 13.83979, 52.88017 ], [ 13.83983, 52.8802 ], [ 13.83986, 52.8802 ], [ 13.83987, 52.8802 ], [ 13.83987, 52.88019 ], [ 13.83989, 52.88018 ], [ 13.83989, 52.88015 ], [ 13.83986, 52.88013 ] ] ] } },
{ "type": "Feature", "properties": { "Z_max": 14.8, "id": "857" }, "geometry": { "type": "Polygon", "coordinates": [ [ [ 13.83999, 52.88073 ], [ 13.83998, 52.88074 ], [ 13.83998, 52.88072 ], [ 13.83997, 52.88072 ], [ 13.83997, 52.88073 ], [ 13.83995, 52.88073 ], [ 13.83995, 52.88073 ], [ 13.83993, 52.88074 ], [ 13.83994, 52.88075 ], [ 13.83992, 52.88075 ], [ 13.83992, 52.88077 ], [ 13.83991, 52.88077 ], [ 13.83991, 52.88078 ], [ 13.83993, 52.88079 ], [ 13.83999, 52.88079 ], [ 13.83999, 52.88073 ] ] ] } },
{ "type": "Feature", "properties": { "Z_max": 23.6, "id": "858" }, "geometry": { "type": "Polygon", "coordinates": [ [ [ 13.83988, 52.88006 ], [ 13.83986, 52.88004 ], [ 13.83985, 52.88004 ], [ 13.83982, 52.88004 ], [ 13.83979, 52.88006 ], [ 13.83979, 52.88008 ], [ 13.83983, 52.88008 ], [ 13.83988, 52.88006 ] ] ] } },
{ "type": "Feature", "properties": { "Z_max": 14.3, "id": "859" }, "geometry": { "type": "Polygon", "coordinates": [ [ [ 13.84003, 52.88086 ], [ 13.84002, 52.88086 ], [ 13.84002, 52.88085 ], [ 13.84003, 52.88085 ], [ 13.84003, 52.88085 ], [ 13.84001, 52.88084 ], [ 13.84001, 52.88086 ], [ 13.83998, 52.88087 ], [ 13.83998, 52.8809 ], [ 13.84002, 52.88089 ], [ 13.84002, 52.88088 ], [ 13.84003, 52.88087 ], [ 13.84003, 52.88086 ] ] ] } },
{ "type": "Feature", "properties": { "Z_max": 14.6, "id": "860" }, "geometry": { "type": "Polygon", "coordinates": [ [ [ 13.84001, 52.88063 ], [ 13.83999, 52.88062 ], [ 13.84, 52.88061 ], [ 13.83996, 52.8806 ], [ 13.83996, 52.88061 ], [ 13.83994, 52.88062 ], [ 13.83994, 52.88064 ], [ 13.83992, 52.88064 ], [ 13.83992, 52.88065 ], [ 13.83996, 52.88065 ], [ 13.84001, 52.88063 ] ] ] } },
{ "type": "Feature", "properties": { "Z_max": 17.8, "id": "861" }, "geometry": { "type": "Polygon", "coordinates": [ [ [ 13.8399, 52.88027 ], [ 13.83989, 52.88027 ], [ 13.83989, 52.88028 ], [ 13.83988, 52.88027 ], [ 13.83988, 52.88029 ], [ 13.83986, 52.88029 ], [ 13.83986, 52.88031 ], [ 13.83992, 52.88031 ], [ 13.83993, 52.88031 ], [ 13.83993, 52.8803 ], [ 13.8399, 52.88027 ] ] ] } },
{ "type": "Feature", "properties": { "Z_max": 14.1, "id": "862" }, "geometry": { "type": "Polygon", "coordinates": [ [ [ 13.84008, 52.8809 ], [ 13.84007, 52.8809 ], [ 13.84001, 52.8809 ], [ 13.84, 52.8809 ], [ 13.84002, 52.88094 ], [ 13.84004, 52.88094 ], [ 13.84004, 52.88094 ], [ 13.84006, 52.88093 ], [ 13.84007, 52.88092 ], [ 13.84008, 52.88092 ], [ 13.84008, 52.8809 ] ] ] } },
{ "type": "Feature", "properties": { "Z_max": 15.3, "id": "863" }, "geometry": { "type": "Polygon", "coordinates": [ [ [ 13.84008, 52.88096 ], [ 13.84006, 52.88095 ], [ 13.84002, 52.88095 ], [ 13.84002, 52.88099 ], [ 13.84006, 52.881 ], [ 13.84007, 52.881 ], [ 13.84008, 52.88096 ] ] ] } },
{ "type": "Feature", "properties": { "Z_max": 15.9, "id": "864" }, "geometry": { "type": "Polygon", "coordinates": [ [ [ 13.84012, 52.88114 ], [ 13.84009, 52.88114 ], [ 13.84007, 52.88115 ], [ 13.84007, 52.88116 ], [ 13.8401, 52.88118 ], [ 13.84011, 52.88118 ], [ 13.84011, 52.88117 ], [ 13.84013, 52.88117 ], [ 13.84013, 52.88116 ], [ 13.84012, 52.88114 ] ] ] } },
{ "type": "Feature", "properties": { "Z_max": 13.9, "id": "865" }, "geometry": { "type": "Polygon", "coordinates": [ [ [ 13.84008, 52.88075 ], [ 13.84007, 52.88075 ], [ 13.84006, 52.88074 ], [ 13.84005, 52.88075 ], [ 13.84, 52.88074 ], [ 13.83999, 52.88079 ], [ 13.84008, 52.88077 ], [ 13.84008, 52.88075 ] ] ] } },
{ "type": "Feature", "properties": { "Z_max": 16.0, "id": "866" }, "geometry": { "type": "Polygon", "coordinates": [ [ [ 13.84007, 52.88101 ], [ 13.84006, 52.88101 ], [ 13.84005, 52.88102 ], [ 13.84005, 52.88105 ], [ 13.84009, 52.88108 ], [ 13.8401, 52.88106 ], [ 13.84012, 52.88104 ], [ 13.84012, 52.88104 ], [ 13.84007, 52.88101 ] ] ] } },
{ "type": "Feature", "properties": { "Z_max": 15.6, "id": "867" }, "geometry": { "type": "Polygon", "coordinates": [ [ [ 13.83994, 52.8804 ], [ 13.83992, 52.8804 ], [ 13.83991, 52.88041 ], [ 13.83994, 52.88042 ], [ 13.83996, 52.88042 ], [ 13.83995, 52.88041 ], [ 13.83994, 52.8804 ] ] ] } },
{ "type": "Feature", "properties": { "Z_max": 17.3, "id": "868" }, "geometry": { "type": "Polygon", "coordinates": [ [ [ 13.84, 52.88048 ], [ 13.84, 52.88047 ], [ 13.83997, 52.88046 ], [ 13.83996, 52.88046 ], [ 13.83993, 52.88048 ], [ 13.83993, 52.88051 ], [ 13.83997, 52.88051 ], [ 13.84001, 52.88049 ], [ 13.84002, 52.88049 ], [ 13.84, 52.88048 ] ] ] } },
{ "type": "Feature", "properties": { "Z_max": 15.1, "id": "869" }, "geometry": { "type": "Polygon", "coordinates": [ [ [ 13.84008, 52.88088 ], [ 13.84007, 52.88088 ], [ 13.84006, 52.88087 ], [ 13.84004, 52.88087 ], [ 13.84004, 52.88087 ], [ 13.84002, 52.88088 ], [ 13.84002, 52.88089 ], [ 13.84008, 52.8809 ], [ 13.84008, 52.88088 ] ] ] } },
{ "type": "Feature", "properties": { "Z_max": 14.2, "id": "870" }, "geometry": { "type": "Polygon", "coordinates": [ [ [ 13.84009, 52.8808 ], [ 13.84007, 52.88079 ], [ 13.84006, 52.88079 ], [ 13.84005, 52.8808 ], [ 13.84002, 52.8808 ], [ 13.84001, 52.88081 ], [ 13.84001, 52.88082 ], [ 13.84001, 52.88082 ], [ 13.84002, 52.88082 ], [ 13.84002, 52.88084 ], [ 13.84006, 52.88083 ], [ 13.84009, 52.88081 ], [ 13.84009, 52.8808 ] ] ] } },
{ "type": "Feature", "properties": { "Z_max": 25.7, "id": "871" }, "geometry": { "type": "Polygon", "coordinates": [ [ [ 13.83995, 52.88012 ], [ 13.83996, 52.88011 ], [ 13.83996, 52.8801 ], [ 13.83996, 52.8801 ], [ 13.83995, 52.88009 ], [ 13.83993, 52.88009 ], [ 13.83992, 52.88008 ], [ 13.8399, 52.88008 ], [ 13.83989, 52.88009 ], [ 13.83986, 52.8801 ], [ 13.83986, 52.88014 ], [ 13.83989, 52.88016 ], [ 13.8399, 52.88016 ], [ 13.83995, 52.88013 ], [ 13.83995, 52.88012 ] ] ] } },
{ "type": "Feature", "properties": { "Z_max": 15.4, "id": "872" }, "geometry": { "type": "Polygon", "coordinates": [ [ [ 13.8402, 52.88114 ], [ 13.84021, 52.88112 ], [ 13.84016, 52.8811 ], [ 13.84013, 52.88109 ], [ 13.84009, 52.88111 ], [ 13.84009, 52.88114 ], [ 13.84014, 52.88116 ], [ 13.84022, 52.88116 ], [ 13.84021, 52.88114 ], [ 13.84022, 52.88114 ], [ 13.84022, 52.88113 ], [ 13.8402, 52.88114 ] ] ] } },
{ "type": "Feature", "properties": { "Z_max": 16.1, "id": "873" }, "geometry": { "type": "Polygon", "coordinates": [ [ [ 13.84013, 52.88097 ], [ 13.84013, 52.88097 ], [ 13.84012, 52.88097 ], [ 13.84012, 52.88096 ], [ 13.84011, 52.88096 ], [ 13.8401, 52.88097 ], [ 13.84008, 52.88097 ], [ 13.84008, 52.88099 ], [ 13.8401, 52.881 ], [ 13.84013, 52.88097 ] ] ] } },
{ "type": "Feature", "properties": { "Z_max": 16.5, "id": "874" }, "geometry": { "type": "Polygon", "coordinates": [ [ [ 13.84014, 52.88093 ], [ 13.84011, 52.88094 ], [ 13.8401, 52.88092 ], [ 13.84007, 52.88093 ], [ 13.84002, 52.88094 ], [ 13.84002, 52.88095 ], [ 13.84004, 52.88095 ], [ 13.84008, 52.88097 ], [ 13.8401, 52.88097 ], [ 13.84014, 52.88095 ], [ 13.84014, 52.88093 ] ] ] } },
{ "type": "Feature", "properties": { "Z_max": 15.8, "id": "875" }, "geometry": { "type": "Polygon", "coordinates": [ [ [ 13.84009, 52.88086 ], [ 13.8401, 52.88083 ], [ 13.84011, 52.88083 ], [ 13.84009, 52.88082 ], [ 13.84008, 52.88082 ], [ 13.84009, 52.88082 ], [ 13.84007, 52.88083 ], [ 13.84004, 52.88084 ], [ 13.84005, 52.88086 ], [ 13.84004, 52.88086 ], [ 13.84004, 52.88087 ], [ 13.84008, 52.88088 ], [ 13.84008, 52.8809 ], [ 13.84009, 52.8809 ], [ 13.84012, 52.88088 ], [ 13.84012, 52.88087 ], [ 13.84009, 52.88086 ] ] ] } },
{ "type": "Feature", "properties": { "Z_max": 16.8, "id": "876" }, "geometry": { "type": "Polygon", "coordinates": [ [ [ 13.84014, 52.88104 ], [ 13.84012, 52.88104 ], [ 13.84009, 52.88106 ], [ 13.84009, 52.88108 ], [ 13.8401, 52.88108 ], [ 13.8401, 52.88109 ], [ 13.84016, 52.88109 ], [ 13.84016, 52.88106 ], [ 13.84014, 52.88104 ] ] ] } },
{ "type": "Feature", "properties": { "Z_max": 14.9, "id": "877" }, "geometry": { "type": "Polygon", "coordinates": [ [ [ 13.84003, 52.88053 ], [ 13.84002, 52.88053 ], [ 13.83999, 52.88056 ], [ 13.83998, 52.88056 ], [ 13.83998, 52.88057 ], [ 13.84003, 52.88057 ], [ 13.84004, 52.88056 ], [ 13.84004, 52.88054 ], [ 13.84003, 52.88053 ] ] ] } },
{ "type": "Feature", "properties": { "Z_max": 17.5, "id": "878" }, "geometry": { "type": "Polygon", "coordinates": [ [ [ 13.84003, 52.88044 ], [ 13.84001, 52.88044 ], [ 13.84, 52.88045 ], [ 13.83995, 52.88045 ], [ 13.83994, 52.88045 ], [ 13.83999, 52.88047 ], [ 13.84, 52.88048 ], [ 13.84001, 52.88048 ], [ 13.84001, 52.88046 ], [ 13.84003, 52.88045 ], [ 13.84003, 52.88044 ] ] ] } },
{ "type": "Feature", "properties": { "Z_max": 17.1, "id": "879" }, "geometry": { "type": "Polygon", "coordinates": [ [ [ 13.84018, 52.88102 ], [ 13.84019, 52.88102 ], [ 13.84019, 52.88101 ], [ 13.84018, 52.88102 ], [ 13.84018, 52.881 ], [ 13.84015, 52.881 ], [ 13.84015, 52.881 ], [ 13.84014, 52.88101 ], [ 13.84012, 52.88101 ], [ 13.84012, 52.88101 ], [ 13.84011, 52.88101 ], [ 13.84011, 52.88103 ], [ 13.84012, 52.88104 ], [ 13.84016, 52.88104 ], [ 13.84018, 52.88102 ] ] ] } },
{ "type": "Feature", "properties": { "Z_max": 16.1, "id": "880" }, "geometry": { "type": "Polygon", "coordinates": [ [ [ 13.84018, 52.88089 ], [ 13.84014, 52.88089 ], [ 13.84013, 52.88088 ], [ 13.84011, 52.88088 ], [ 13.84008, 52.8809 ], [ 13.84008, 52.88092 ], [ 13.8401, 52.88092 ], [ 13.84011, 52.88093 ], [ 13.84018, 52.88093 ], [ 13.84018, 52.88089 ] ] ] } },
{ "type": "Feature", "properties": { "Z_max": 16.4, "id": "881" }, "geometry": { "type": "Polygon", "coordinates": [ [ [ 13.84017, 52.88094 ], [ 13.84014, 52.88094 ], [ 13.84014, 52.88095 ], [ 13.84013, 52.88095 ], [ 13.84012, 52.88097 ], [ 13.84018, 52.88097 ], [ 13.84018, 52.88095 ], [ 13.84017, 52.88094 ] ] ] } },
{ "type": "Feature", "properties": { "Z_max": 16.1, "id": "882" }, "geometry": { "type": "Polygon", "coordinates": [ [ [ 13.8401, 52.88068 ], [ 13.84013, 52.88066 ], [ 13.84013, 52.88065 ], [ 13.8401, 52.88063 ], [ 13.84009, 52.88063 ], [ 13.84006, 52.88065 ], [ 13.84005, 52.88069 ], [ 13.84007, 52.88069 ], [ 13.84007, 52.8807 ], [ 13.84009, 52.88071 ], [ 13.84009, 52.88071 ], [ 13.8401, 52.8807 ], [ 13.8401, 52.88068 ] ] ] } },
{ "type": "Feature", "properties": { "Z_max": 13.3, "id": "883" }, "geometry": { "type": "Polygon", "coordinates": [ [ [ 13.84013, 52.88083 ], [ 13.84013, 52.88083 ], [ 13.84014, 52.88083 ], [ 13.84014, 52.88083 ], [ 13.84013, 52.88083 ] ] ] } },
{ "type": "Feature", "properties": { "Z_max": 9.2, "id": "884" }, "geometry": { "type": "Polygon", "coordinates": [ [ [ 13.84002, 52.88035 ], [ 13.84002, 52.88035 ], [ 13.84003, 52.88036 ], [ 13.84003, 52.88035 ], [ 13.84002, 52.88035 ] ] ] } },
{ "type": "Feature", "properties": { "Z_max": 16.3, "id": "885" }, "geometry": { "type": "Polygon", "coordinates": [ [ [ 13.84022, 52.88104 ], [ 13.84019, 52.88102 ], [ 13.84018, 52.88102 ], [ 13.84015, 52.88104 ], [ 13.84015, 52.88106 ], [ 13.84017, 52.88107 ], [ 13.84017, 52.88108 ], [ 13.84019, 52.88108 ], [ 13.84019, 52.88107 ], [ 13.8402, 52.88107 ], [ 13.84022, 52.88105 ], [ 13.84022, 52.88104 ] ] ] } },
{ "type": "Feature", "properties": { "Z_max": 15.1, "id": "886" }, "geometry": { "type": "Polygon", "coordinates": [ [ [ 13.84015, 52.88078 ], [ 13.84014, 52.88076 ], [ 13.84013, 52.88076 ], [ 13.84011, 52.88075 ], [ 13.84009, 52.88075 ], [ 13.84008, 52.88077 ], [ 13.84007, 52.88077 ], [ 13.84007, 52.88079 ], [ 13.84009, 52.8808 ], [ 13.84015, 52.8808 ], [ 13.84015, 52.88078 ], [ 13.84015, 52.88078 ] ] ] } },
{ "type": "Feature", "properties": { "Z_max": 14.9, "id": "887" }, "geometry": { "type": "Polygon", "coordinates": [ [ [ 13.84017, 52.88079 ], [ 13.84016, 52.88079 ], [ 13.84014, 52.8808 ], [ 13.8401, 52.8808 ], [ 13.8401, 52.88082 ], [ 13.84013, 52.88082 ], [ 13.84014, 52.88083 ], [ 13.84014, 52.88084 ], [ 13.84015, 52.88084 ], [ 13.84018, 52.88082 ], [ 13.84018, 52.8808 ], [ 13.84017, 52.88079 ] ] ] } },
{ "type": "Feature", "properties": { "Z_max": 26.3, "id": "888" }, "geometry": { "type": "Polygon", "coordinates": [ [ [ 13.84, 52.87993 ], [ 13.83996, 52.87991 ], [ 13.83991, 52.87991 ], [ 13.83991, 52.87995 ], [ 13.83994, 52.87997 ], [ 13.83994, 52.88001 ], [ 13.83995, 52.88001 ], [ 13.84, 52.87995 ], [ 13.84, 52.87993 ] ] ] } },
{ "type": "Feature", "properties": { "Z_max": 15.0, "id": "889" }, "geometry": { "type": "Polygon", "coordinates": [ [ [ 13.84024, 52.88108 ], [ 13.84024, 52.88107 ], [ 13.84022, 52.88107 ], [ 13.84022, 52.88106 ], [ 13.84021, 52.88106 ], [ 13.84021, 52.88107 ], [ 13.84016, 52.88108 ], [ 13.84016, 52.8811 ], [ 13.84019, 52.88111 ], [ 13.84022, 52.88111 ], [ 13.84025, 52.8811 ], [ 13.84025, 52.88108 ], [ 13.84024, 52.88108 ] ] ] } },
{ "type": "Feature", "properties": { "Z_max": 16.3, "id": "890" }, "geometry": { "type": "Polygon", "coordinates": [ [ [ 13.84022, 52.88092 ], [ 13.84019, 52.8809 ], [ 13.84018, 52.88093 ], [ 13.84016, 52.88093 ], [ 13.84014, 52.88094 ], [ 13.84015, 52.88094 ], [ 13.84018, 52.88097 ], [ 13.84019, 52.88097 ], [ 13.84021, 52.88096 ], [ 13.84022, 52.88095 ], [ 13.84022, 52.88092 ] ] ] } },
{ "type": "Feature", "properties": { "Z_max": 16.0, "id": "891" }, "geometry": { "type": "Polygon", "coordinates": [ [ [ 13.84019, 52.88086 ], [ 13.84018, 52.88085 ], [ 13.84015, 52.88085 ], [ 13.84013, 52.88086 ], [ 13.84012, 52.88088 ], [ 13.84014, 52.88089 ], [ 13.84017, 52.88089 ], [ 13.8402, 52.8809 ], [ 13.84019, 52.88086 ] ] ] } },
{ "type": "Feature", "properties": { "Z_max": 15.2, "id": "892" }, "geometry": { "type": "Polygon", "coordinates": [ [ [ 13.8402, 52.88076 ], [ 13.84018, 52.88075 ], [ 13.84019, 52.88074 ], [ 13.84018, 52.88074 ], [ 13.84014, 52.88076 ], [ 13.84014, 52.88078 ], [ 13.84016, 52.88079 ], [ 13.84018, 52.88079 ], [ 13.84019, 52.88078 ], [ 13.8402, 52.88078 ], [ 13.8402, 52.88076 ] ] ] } },
{ "type": "Feature", "properties": { "Z_max": 16.9, "id": "893" }, "geometry": { "type": "Polygon", "coordinates": [ [ [ 13.84027, 52.881 ], [ 13.84027, 52.881 ], [ 13.84023, 52.88099 ], [ 13.84021, 52.88099 ], [ 13.84021, 52.881 ], [ 13.84019, 52.88101 ], [ 13.84019, 52.881 ], [ 13.84018, 52.881 ], [ 13.84018, 52.88101 ], [ 13.8402, 52.88102 ], [ 13.8402, 52.88103 ], [ 13.84022, 52.88104 ], [ 13.84023, 52.88104 ], [ 13.84024, 52.88103 ], [ 13.84025, 52.88103 ], [ 13.84028, 52.88102 ], [ 13.84028, 52.88101 ], [ 13.84027, 52.881 ] ] ] } },
{ "type": "Feature", "properties": { "Z_max": 16.3, "id": "894" }, "geometry": { "type": "Polygon", "coordinates": [ [ [ 13.84025, 52.88096 ], [ 13.84021, 52.88095 ], [ 13.8402, 52.88097 ], [ 13.8402, 52.88099 ], [ 13.84023, 52.88098 ], [ 13.84025, 52.88099 ], [ 13.84025, 52.88096 ] ] ] } },
{ "type": "Feature", "properties": { "Z_max": 14.7, "id": "895" }, "geometry": { "type": "Polygon", "coordinates": [ [ [ 13.84031, 52.88108 ], [ 13.84029, 52.88109 ], [ 13.84027, 52.88109 ], [ 13.84025, 52.8811 ], [ 13.84019, 52.88111 ], [ 13.84019, 52.88112 ], [ 13.84021, 52.88113 ], [ 13.84022, 52.88113 ], [ 13.84022, 52.88114 ], [ 13.84029, 52.88114 ], [ 13.8403, 52.88112 ], [ 13.84031, 52.88112 ], [ 13.84031, 52.88108 ] ] ] } },
{ "type": "Feature", "properties": { "Z_max": 17.1, "id": "896" }, "geometry": { "type": "Polygon", "coordinates": [ [ [ 13.84014, 52.8804 ], [ 13.84011, 52.88038 ], [ 13.84009, 52.88038 ], [ 13.8401, 52.88039 ], [ 13.84009, 52.88039 ], [ 13.84008, 52.88039 ], [ 13.84008, 52.88041 ], [ 13.84006, 52.88042 ], [ 13.84006, 52.88043 ], [ 13.84008, 52.88044 ], [ 13.8401, 52.88044 ], [ 13.8401, 52.88043 ], [ 13.84013, 52.88042 ], [ 13.84014, 52.8804 ] ] ] } },
{ "type": "Feature", "properties": { "Z_max": 15.4, "id": "897" }, "geometry": { "type": "Polygon", "coordinates": [ [ [ 13.84031, 52.88106 ], [ 13.84029, 52.88104 ], [ 13.84028, 52.88105 ], [ 13.84026, 52.88104 ], [ 13.84024, 52.88104 ], [ 13.84022, 52.88105 ], [ 13.84022, 52.88107 ], [ 13.84024, 52.88108 ], [ 13.84026, 52.8811 ], [ 13.84027, 52.88109 ], [ 13.8403, 52.88109 ], [ 13.84031, 52.88107 ], [ 13.84031, 52.88106 ] ] ] } },
{ "type": "Feature", "properties": { "Z_max": 15.1, "id": "898" }, "geometry": { "type": "Polygon", "coordinates": [ [ [ 13.84023, 52.88083 ], [ 13.84022, 52.88083 ], [ 13.84021, 52.88082 ], [ 13.84019, 52.88082 ], [ 13.84019, 52.88082 ], [ 13.84017, 52.88083 ], [ 13.84014, 52.88084 ], [ 13.84014, 52.88085 ], [ 13.84018, 52.88085 ], [ 13.8402, 52.88088 ], [ 13.8402, 52.88089 ], [ 13.84021, 52.88089 ], [ 13.84022, 52.88087 ], [ 13.84024, 52.88087 ], [ 13.84024, 52.88085 ], [ 13.84025, 52.88085 ], [ 13.84026, 52.88085 ], [ 13.84023, 52.88083 ] ] ] } },
{ "type": "Feature", "properties": { "Z_max": 16.4, "id": "899" }, "geometry": { "type": "Polygon", "coordinates": [ [ [ 13.84025, 52.88079 ], [ 13.84024, 52.88078 ], [ 13.84021, 52.88076 ], [ 13.84021, 52.88075 ], [ 13.84019, 52.88075 ], [ 13.8402, 52.88076 ], [ 13.84021, 52.88078 ], [ 13.84017, 52.88079 ], [ 13.84018, 52.88082 ], [ 13.84023, 52.88082 ], [ 13.84026, 52.8808 ], [ 13.84025, 52.88079 ] ] ] } },
{ "type": "Feature", "properties": { "Z_max": 12.3, "id": "900" }, "geometry": { "type": "Polygon", "coordinates": [ [ [ 13.84031, 52.88113 ], [ 13.8403, 52.88113 ], [ 13.84028, 52.88114 ], [ 13.84028, 52.88115 ], [ 13.84031, 52.88115 ], [ 13.84031, 52.88113 ] ] ] } },
{ "type": "Feature", "properties": { "Z_max": 15.7, "id": "901" }, "geometry": { "type": "Polygon", "coordinates": [ [ [ 13.84026, 52.88087 ], [ 13.84024, 52.88087 ], [ 13.84025, 52.88089 ], [ 13.84021, 52.88089 ], [ 13.84021, 52.88089 ], [ 13.8402, 52.88089 ], [ 13.8402, 52.8809 ], [ 13.84023, 52.88093 ], [ 13.84027, 52.88092 ], [ 13.84029, 52.88091 ], [ 13.84033, 52.88091 ], [ 13.84026, 52.88087 ] ] ] } },
{ "type": "Feature", "properties": { "Z_max": 15.0, "id": "902" }, "geometry": { "type": "Polygon", "coordinates": [ [ [ 13.84028, 52.88095 ], [ 13.84026, 52.88095 ], [ 13.84025, 52.88099 ], [ 13.84027, 52.881 ], [ 13.84028, 52.881 ], [ 13.84031, 52.88099 ], [ 13.84031, 52.88097 ], [ 13.84028, 52.88095 ] ] ] } },
{ "type": "Feature", "properties": { "Z_max": 12.6, "id": "903" }, "geometry": { "type": "Polygon", "coordinates": [ [ [ 13.84034, 52.88103 ], [ 13.84032, 52.88103 ], [ 13.84031, 52.88102 ], [ 13.8403, 52.88102 ], [ 13.84029, 52.88103 ], [ 13.84026, 52.88103 ], [ 13.84028, 52.88104 ], [ 13.84033, 52.88104 ], [ 13.84034, 52.88103 ] ] ] } },
{ "type": "Feature", "properties": { "Z_max": 16.2, "id": "904" }, "geometry": { "type": "Polygon", "coordinates": [ [ [ 13.84025, 52.88065 ], [ 13.84025, 52.88064 ], [ 13.84025, 52.88063 ], [ 13.84024, 52.88063 ], [ 13.84021, 52.88063 ], [ 13.84016, 52.88065 ], [ 13.84016, 52.88065 ], [ 13.84021, 52.88067 ], [ 13.84022, 52.88067 ], [ 13.84024, 52.88067 ], [ 13.84025, 52.88066 ], [ 13.84026, 52.88066 ], [ 13.84026, 52.88065 ], [ 13.84025, 52.88065 ] ] ] } },
{ "type": "Feature", "properties": { "Z_max": 15.8, "id": "905" }, "geometry": { "type": "Polygon", "coordinates": [ [ [ 13.84031, 52.88091 ], [ 13.8403, 52.88091 ], [ 13.84031, 52.88092 ], [ 13.84027, 52.88092 ], [ 13.84027, 52.88093 ], [ 13.84026, 52.88093 ], [ 13.84026, 52.88095 ], [ 13.84029, 52.88096 ], [ 13.8403, 52.88096 ], [ 13.84031, 52.88095 ], [ 13.84031, 52.88091 ] ] ] } },
{ "type": "Feature", "properties": { "Z_max": 16.4, "id": "906" }, "geometry": { "type": "Polygon", "coordinates": [ [ [ 13.8403, 52.88082 ], [ 13.84029, 52.88082 ], [ 13.84028, 52.8808 ], [ 13.84026, 52.88079 ], [ 13.84021, 52.88082 ], [ 13.84027, 52.88085 ], [ 13.84029, 52.88084 ], [ 13.8403, 52.88082 ] ] ] } },
{ "type": "Feature", "properties": { "Z_max": 16.3, "id": "907" }, "geometry": { "type": "Polygon", "coordinates": [ [ [ 13.84026, 52.88069 ], [ 13.84023, 52.88069 ], [ 13.84023, 52.8807 ], [ 13.84019, 52.88072 ], [ 13.84019, 52.88073 ], [ 13.84021, 52.88073 ], [ 13.8402, 52.88074 ], [ 13.84022, 52.88075 ], [ 13.84022, 52.88075 ], [ 13.84024, 52.88075 ], [ 13.84025, 52.88074 ], [ 13.84026, 52.88074 ], [ 13.84026, 52.88069 ] ] ] } },
{ "type": "Feature", "properties": { "Z_max": 18.6, "id": "908" }, "geometry": { "type": "Polygon", "coordinates": [ [ [ 13.84016, 52.88007 ], [ 13.84013, 52.88006 ], [ 13.84013, 52.88004 ], [ 13.84009, 52.88004 ], [ 13.84006, 52.88006 ], [ 13.84006, 52.88008 ], [ 13.84007, 52.88008 ], [ 13.84009, 52.88009 ], [ 13.84009, 52.88009 ], [ 13.84011, 52.88009 ], [ 13.84013, 52.88011 ], [ 13.84014, 52.8801 ], [ 13.84016, 52.88011 ], [ 13.84016, 52.88007 ] ] ] } },
{ "type": "Feature", "properties": { "Z_max": 22.4, "id": "909" }, "geometry": { "type": "Polygon", "coordinates": [ [ [ 13.84017, 52.88021 ], [ 13.84013, 52.88021 ], [ 13.84013, 52.8802 ], [ 13.8401, 52.8802 ], [ 13.8401, 52.88021 ], [ 13.84011, 52.88021 ], [ 13.84011, 52.88023 ], [ 13.84014, 52.88025 ], [ 13.84015, 52.88025 ], [ 13.84019, 52.88023 ], [ 13.84017, 52.88021 ] ] ] } },
{ "type": "Feature", "properties": { "Z_max": 17.7, "id": "910" }, "geometry": { "type": "Polygon", "coordinates": [ [ [ 13.84017, 52.88014 ], [ 13.84016, 52.88013 ], [ 13.84016, 52.88012 ], [ 13.84015, 52.88013 ], [ 13.84011, 52.88015 ], [ 13.8401, 52.88015 ], [ 13.8401, 52.88016 ], [ 13.84011, 52.88016 ], [ 13.84012, 52.88018 ], [ 13.84014, 52.88018 ], [ 13.84014, 52.88017 ], [ 13.84016, 52.88017 ], [ 13.84016, 52.88016 ], [ 13.84017, 52.88016 ], [ 13.84017, 52.88014 ] ] ] } },
{ "type": "Feature", "properties": { "Z_max": 13.5, "id": "911" }, "geometry": { "type": "Polygon", "coordinates": [ [ [ 13.84038, 52.88112 ], [ 13.84037, 52.88111 ], [ 13.84036, 52.88111 ], [ 13.84034, 52.88112 ], [ 13.84034, 52.88113 ], [ 13.84037, 52.88113 ], [ 13.84038, 52.88112 ] ] ] } },
{ "type": "Feature", "properties": { "Z_max": 14.9, "id": "912" }, "geometry": { "type": "Polygon", "coordinates": [ [ [ 13.84033, 52.88076 ], [ 13.84032, 52.88075 ], [ 13.84032, 52.88075 ], [ 13.8403, 52.88074 ], [ 13.84031, 52.88074 ], [ 13.84026, 52.88074 ], [ 13.84025, 52.88075 ], [ 13.84022, 52.88075 ], [ 13.84022, 52.88077 ], [ 13.84028, 52.8808 ], [ 13.84029, 52.8808 ], [ 13.84033, 52.88077 ], [ 13.84033, 52.88076 ] ] ] } },
{ "type": "Feature", "properties": { "Z_max": 14.3, "id": "913" }, "geometry": { "type": "Polygon", "coordinates": [ [ [ 13.84023, 52.88037 ], [ 13.84022, 52.88036 ], [ 13.84017, 52.88036 ], [ 13.84016, 52.88037 ], [ 13.84015, 52.88039 ], [ 13.84017, 52.8804 ], [ 13.84021, 52.8804 ], [ 13.84024, 52.88038 ], [ 13.84024, 52.88037 ], [ 13.84023, 52.88037 ] ] ] } },
{ "type": "Feature", "properties": { "Z_max": 19.8, "id": "914" }, "geometry": { "type": "Polygon", "coordinates": [ [ [ 13.84017, 52.88027 ], [ 13.84017, 52.88028 ], [ 13.84019, 52.88028 ], [ 13.8402, 52.88027 ], [ 13.84017, 52.88027 ] ] ] } },
{ "type": "Feature", "properties": { "Z_max": 14.1, "id": "915" }, "geometry": { "type": "Polygon", "coordinates": [ [ [ 13.84039, 52.88096 ], [ 13.84037, 52.88096 ], [ 13.84036, 52.88094 ], [ 13.84032, 52.88095 ], [ 13.8403, 52.88096 ], [ 13.8403, 52.88097 ], [ 13.84033, 52.88101 ], [ 13.84034, 52.88101 ], [ 13.84037, 52.88099 ], [ 13.84038, 52.88098 ], [ 13.84039, 52.88098 ], [ 13.84039, 52.88096 ] ] ] } },
{ "type": "Feature", "properties": { "Z_max": 17.2, "id": "916" }, "geometry": { "type": "Polygon", "coordinates": [ [ [ 13.84037, 52.88086 ], [ 13.84038, 52.88085 ], [ 13.84038, 52.88085 ], [ 13.84036, 52.88084 ], [ 13.84036, 52.88084 ], [ 13.84029, 52.88084 ], [ 13.84024, 52.88086 ], [ 13.84025, 52.88087 ], [ 13.84026, 52.88087 ], [ 13.84031, 52.88089 ], [ 13.84031, 52.8809 ], [ 13.84033, 52.8809 ], [ 13.84037, 52.88086 ] ] ] } },
{ "type": "Feature", "properties": { "Z_max": 16.2, "id": "917" }, "geometry": { "type": "Polygon", "coordinates": [ [ [ 13.84026, 52.88058 ], [ 13.84016, 52.88058 ], [ 13.84016, 52.88059 ], [ 13.8402, 52.88059 ], [ 13.84023, 52.88062 ], [ 13.84025, 52.88063 ], [ 13.84026, 52.88062 ], [ 13.84026, 52.88058 ] ] ] } },
{ "type": "Feature", "properties": { "Z_max": 15.9, "id": "918" }, "geometry": { "type": "Polygon", "coordinates": [ [ [ 13.84032, 52.88071 ], [ 13.84029, 52.88069 ], [ 13.84029, 52.88068 ], [ 13.84028, 52.88068 ], [ 13.84026, 52.88069 ], [ 13.84027, 52.88074 ], [ 13.84031, 52.88074 ], [ 13.84032, 52.88073 ], [ 13.84032, 52.88071 ] ] ] } },
{ "type": "Feature", "properties": { "Z_max": 15.0, "id": "919" }, "geometry": { "type": "Polygon", "coordinates": [ [ [ 13.84034, 52.88092 ], [ 13.84032, 52.88093 ], [ 13.84032, 52.88094 ], [ 13.84036, 52.88094 ], [ 13.84034, 52.88092 ] ] ] } },
{ "type": "Feature", "properties": { "Z_max": 15.6, "id": "920" }, "geometry": { "type": "Polygon", "coordinates": [ [ [ 13.84039, 52.88105 ], [ 13.84038, 52.88105 ], [ 13.84037, 52.88104 ], [ 13.84036, 52.88103 ], [ 13.84033, 52.88104 ], [ 13.84033, 52.88104 ], [ 13.8403, 52.88104 ], [ 13.8403, 52.88105 ], [ 13.84031, 52.88105 ], [ 13.84032, 52.88109 ], [ 13.84037, 52.88107 ], [ 13.84039, 52.88105 ] ] ] } },
{ "type": "Feature", "properties": { "Z_max": 15.5, "id": "921" }, "geometry": { "type": "Polygon", "coordinates": [ [ [ 13.84038, 52.88101 ], [ 13.84038, 52.88101 ], [ 13.84035, 52.88101 ], [ 13.84033, 52.88102 ], [ 13.84033, 52.88103 ], [ 13.84035, 52.88103 ], [ 13.84036, 52.88103 ], [ 13.84038, 52.88101 ] ] ] } },
{ "type": "Feature", "properties": { "Z_max": 15.5, "id": "922" }, "geometry": { "type": "Polygon", "coordinates": [ [ [ 13.84038, 52.88078 ], [ 13.84033, 52.88079 ], [ 13.84033, 52.88078 ], [ 13.84031, 52.88078 ], [ 13.84029, 52.88079 ], [ 13.84029, 52.8808 ], [ 13.84029, 52.88081 ], [ 13.84031, 52.88084 ], [ 13.84036, 52.88083 ], [ 13.84039, 52.88082 ], [ 13.84039, 52.8808 ], [ 13.84038, 52.88078 ] ] ] } },
{ "type": "Feature", "properties": { "Z_max": 23.0, "id": "923" }, "geometry": { "type": "Polygon", "coordinates": [ [ [ 13.84019, 52.88023 ], [ 13.84017, 52.88023 ], [ 13.84013, 52.88026 ], [ 13.84013, 52.88027 ], [ 13.84014, 52.88027 ], [ 13.84014, 52.88028 ], [ 13.84017, 52.88028 ], [ 13.84018, 52.88027 ], [ 13.84021, 52.88027 ], [ 13.84023, 52.88025 ], [ 13.84019, 52.88023 ] ] ] } },
{ "type": "Feature", "properties": { "Z_max": 18.3, "id": "924" }, "geometry": { "type": "Polygon", "coordinates": [ [ [ 13.8402, 52.88028 ], [ 13.8402, 52.88028 ], [ 13.84021, 52.88028 ], [ 13.84021, 52.88028 ], [ 13.8402, 52.88028 ] ] ] } },
{ "type": "Feature", "properties": { "Z_max": 23.1, "id": "925" }, "geometry": { "type": "Polygon", "coordinates": [ [ [ 13.84022, 52.88019 ], [ 13.84021, 52.88016 ], [ 13.84016, 52.88016 ], [ 13.84013, 52.88018 ], [ 13.8401, 52.88018 ], [ 13.8401, 52.8802 ], [ 13.84012, 52.8802 ], [ 13.84013, 52.88022 ], [ 13.84015, 52.88022 ], [ 13.84016, 52.8802 ], [ 13.8402, 52.88021 ], [ 13.84022, 52.88019 ] ] ] } },
{ "type": "Feature", "properties": { "Z_max": 15.4, "id": "926" }, "geometry": { "type": "Polygon", "coordinates": [ [ [ 13.84043, 52.88101 ], [ 13.84042, 52.881 ], [ 13.8404, 52.881 ], [ 13.8404, 52.88099 ], [ 13.84037, 52.88099 ], [ 13.84034, 52.881 ], [ 13.84034, 52.88101 ], [ 13.84038, 52.88101 ], [ 13.84039, 52.88102 ], [ 13.84038, 52.88102 ], [ 13.84037, 52.88103 ], [ 13.84036, 52.88103 ], [ 13.84039, 52.88106 ], [ 13.84041, 52.88106 ], [ 13.84041, 52.88105 ], [ 13.84043, 52.88103 ], [ 13.84043, 52.88101 ] ] ] } },
{ "type": "Feature", "properties": { "Z_max": 16.9, "id": "927" }, "geometry": { "type": "Polygon", "coordinates": [ [ [ 13.84038, 52.88061 ], [ 13.84027, 52.88061 ], [ 13.84025, 52.88063 ], [ 13.84025, 52.88064 ], [ 13.84026, 52.88065 ], [ 13.84027, 52.88066 ], [ 13.84029, 52.88066 ], [ 13.84029, 52.88067 ], [ 13.84031, 52.88067 ], [ 13.84031, 52.88066 ], [ 13.84036, 52.88065 ], [ 13.84038, 52.88064 ], [ 13.84038, 52.88061 ] ] ] } },
{ "type": "Feature", "properties": { "Z_max": 14.4, "id": "928" }, "geometry": { "type": "Polygon", "coordinates": [ [ [ 13.84025, 52.88033 ], [ 13.84024, 52.88033 ], [ 13.84025, 52.88033 ], [ 13.84026, 52.88032 ], [ 13.84025, 52.88033 ] ] ] } },
{ "type": "Feature", "properties": { "Z_max": 20.1, "id": "929" }, "geometry": { "type": "Polygon", "coordinates": [ [ [ 13.84025, 52.8801 ], [ 13.84021, 52.8801 ], [ 13.84021, 52.88011 ], [ 13.84016, 52.88013 ], [ 13.84016, 52.88014 ], [ 13.84018, 52.88016 ], [ 13.84023, 52.88016 ], [ 13.84023, 52.88014 ], [ 13.84025, 52.88013 ], [ 13.84025, 52.8801 ] ] ] } },
{ "type": "Feature", "properties": { "Z_max": 14.9, "id": "930" }, "geometry": { "type": "Polygon", "coordinates": [ [ [ 13.84043, 52.8809 ], [ 13.84039, 52.8809 ], [ 13.84039, 52.88089 ], [ 13.84033, 52.88089 ], [ 13.84033, 52.88089 ], [ 13.84033, 52.8809 ], [ 13.84038, 52.88093 ], [ 13.8404, 52.88093 ], [ 13.84041, 52.88092 ], [ 13.84043, 52.88092 ], [ 13.84043, 52.8809 ] ] ] } },
{ "type": "Feature", "properties": { "Z_max": 16.3, "id": "931" }, "geometry": { "type": "Polygon", "coordinates": [ [ [ 13.84028, 52.88038 ], [ 13.84027, 52.88038 ], [ 13.84028, 52.88039 ], [ 13.84029, 52.88038 ], [ 13.84028, 52.88038 ] ] ] } },
{ "type": "Feature", "properties": { "Z_max": 19.7, "id": "932" }, "geometry": { "type": "Polygon", "coordinates": [ [ [ 13.84025, 52.88024 ], [ 13.84024, 52.88025 ], [ 13.84026, 52.88025 ], [ 13.84026, 52.88024 ], [ 13.84025, 52.88024 ] ] ] } },
{ "type": "Feature", "properties": { "Z_max": 15.6, "id": "933" }, "geometry": { "type": "Polygon", "coordinates": [ [ [ 13.84046, 52.88094 ], [ 13.84046, 52.88094 ], [ 13.84043, 52.88092 ], [ 13.84041, 52.88092 ], [ 13.84039, 52.88093 ], [ 13.84039, 52.88095 ], [ 13.84037, 52.88095 ], [ 13.84038, 52.88095 ], [ 13.84039, 52.88096 ], [ 13.84039, 52.88097 ], [ 13.84041, 52.88097 ], [ 13.84042, 52.88096 ], [ 13.84043, 52.88096 ], [ 13.84046, 52.88094 ] ] ] } },
{ "type": "Feature", "properties": { "Z_max": 15.6, "id": "934" }, "geometry": { "type": "Polygon", "coordinates": [ [ [ 13.84038, 52.88071 ], [ 13.84037, 52.88071 ], [ 13.84032, 52.88074 ], [ 13.84031, 52.88074 ], [ 13.84031, 52.88075 ], [ 13.84034, 52.88076 ], [ 13.84038, 52.88076 ], [ 13.84038, 52.88071 ] ] ] } },
{ "type": "Feature", "properties": { "Z_max": 15.6, "id": "935" }, "geometry": { "type": "Polygon", "coordinates": [ [ [ 13.84023, 52.88001 ], [ 13.84022, 52.88001 ], [ 13.84019, 52.88002 ], [ 13.84018, 52.88002 ], [ 13.84018, 52.88003 ], [ 13.84019, 52.88003 ], [ 13.8402, 52.88004 ], [ 13.84022, 52.88004 ], [ 13.84023, 52.88003 ], [ 13.84023, 52.88004 ], [ 13.84023, 52.88001 ] ] ] } },
{ "type": "Feature", "properties": { "Z_max": 14.4, "id": "936" }, "geometry": { "type": "Polygon", "coordinates": [ [ [ 13.84043, 52.88101 ], [ 13.84043, 52.88103 ], [ 13.84042, 52.88104 ], [ 13.84042, 52.88106 ], [ 13.84044, 52.88105 ], [ 13.84046, 52.88105 ], [ 13.84046, 52.88105 ], [ 13.84049, 52.88104 ], [ 13.84046, 52.88101 ], [ 13.84043, 52.88101 ] ] ] } },
{ "type": "Feature", "properties": { "Z_max": 15.0, "id": "937" }, "geometry": { "type": "Polygon", "coordinates": [ [ [ 13.84043, 52.88087 ], [ 13.84043, 52.88086 ], [ 13.84042, 52.88085 ], [ 13.84038, 52.88085 ], [ 13.84037, 52.88088 ], [ 13.84035, 52.88088 ], [ 13.84035, 52.88089 ], [ 13.84039, 52.88089 ], [ 13.84039, 52.8809 ], [ 13.84044, 52.8809 ], [ 13.84045, 52.8809 ], [ 13.84045, 52.88088 ], [ 13.84043, 52.88087 ] ] ] } },
{ "type": "Feature", "properties": { "Z_max": 13.8, "id": "938" }, "geometry": { "type": "Polygon", "coordinates": [ [ [ 13.84049, 52.88104 ], [ 13.84046, 52.88105 ], [ 13.84045, 52.88106 ], [ 13.84045, 52.88108 ], [ 13.84046, 52.88109 ], [ 13.84049, 52.88108 ], [ 13.84052, 52.88108 ], [ 13.84053, 52.88107 ], [ 13.84049, 52.88104 ] ] ] } },
{ "type": "Feature", "properties": { "Z_max": 15.3, "id": "939" }, "geometry": { "type": "Polygon", "coordinates": [ [ [ 13.84046, 52.88096 ], [ 13.84042, 52.88096 ], [ 13.84041, 52.88097 ], [ 13.84039, 52.88097 ], [ 13.84037, 52.88099 ], [ 13.84037, 52.88099 ], [ 13.84039, 52.88099 ], [ 13.84042, 52.88101 ], [ 13.84047, 52.88101 ], [ 13.84049, 52.88099 ], [ 13.84049, 52.88098 ], [ 13.84046, 52.88096 ] ] ] } },
{ "type": "Feature", "properties": { "Z_max": 13.2, "id": "940" }, "geometry": { "type": "Polygon", "coordinates": [ [ [ 13.8404, 52.88061 ], [ 13.84039, 52.88061 ], [ 13.84038, 52.88063 ], [ 13.84037, 52.88065 ], [ 13.84037, 52.88067 ], [ 13.84038, 52.88068 ], [ 13.84038, 52.88067 ], [ 13.8404, 52.88066 ], [ 13.8404, 52.88061 ] ] ] } },
{ "type": "Feature", "properties": { "Z_max": 15.1, "id": "941" }, "geometry": { "type": "Polygon", "coordinates": [ [ [ 13.84052, 52.88108 ], [ 13.8405, 52.88108 ], [ 13.84049, 52.88107 ], [ 13.84048, 52.88107 ], [ 13.84047, 52.88109 ], [ 13.84046, 52.88109 ], [ 13.84046, 52.8811 ], [ 13.84048, 52.88111 ], [ 13.84048, 52.88111 ], [ 13.8405, 52.88111 ], [ 13.84052, 52.88111 ], [ 13.84052, 52.88108 ] ] ] } },
{ "type": "Feature", "properties": { "Z_max": 16.6, "id": "942" }, "geometry": { "type": "Polygon", "coordinates": [ [ [ 13.84042, 52.88069 ], [ 13.84041, 52.8807 ], [ 13.8404, 52.88071 ], [ 13.84038, 52.88071 ], [ 13.84038, 52.88076 ], [ 13.84039, 52.88076 ], [ 13.84039, 52.88076 ], [ 13.84042, 52.88073 ], [ 13.84042, 52.88069 ] ] ] } },
{ "type": "Feature", "properties": { "Z_max": 18.4, "id": "943" }, "geometry": { "type": "Polygon", "coordinates": [ [ [ 13.8403, 52.88026 ], [ 13.84029, 52.88026 ], [ 13.84029, 52.88027 ], [ 13.8403, 52.88027 ], [ 13.8403, 52.88026 ] ] ] } },
{ "type": "Feature", "properties": { "Z_max": 21.0, "id": "944" }, "geometry": { "type": "Polygon", "coordinates": [ [ [ 13.84032, 52.88021 ], [ 13.8403, 52.8802 ], [ 13.84029, 52.8802 ], [ 13.84029, 52.88021 ], [ 13.84028, 52.88022 ], [ 13.84028, 52.88023 ], [ 13.84026, 52.88024 ], [ 13.84026, 52.88025 ], [ 13.8403, 52.88025 ], [ 13.8403, 52.88024 ], [ 13.84032, 52.88023 ], [ 13.84032, 52.88021 ] ] ] } },
{ "type": "Feature", "properties": { "Z_max": 16.2, "id": "945" }, "geometry": { "type": "Polygon", "coordinates": [ [ [ 13.8404, 52.8808 ], [ 13.84036, 52.88083 ], [ 13.84036, 52.88084 ], [ 13.8404, 52.88084 ], [ 13.84045, 52.88086 ], [ 13.84048, 52.88084 ], [ 13.84048, 52.88083 ], [ 13.84043, 52.8808 ], [ 13.8404, 52.8808 ] ] ] } },
{ "type": "Feature", "properties": { "Z_max": 16.4, "id": "946" }, "geometry": { "type": "Polygon", "coordinates": [ [ [ 13.84027, 52.88003 ], [ 13.84026, 52.88003 ], [ 13.84024, 52.88003 ], [ 13.84023, 52.88004 ], [ 13.84022, 52.88004 ], [ 13.84022, 52.88004 ], [ 13.84024, 52.88004 ], [ 13.84026, 52.88006 ], [ 13.84026, 52.88006 ], [ 13.84027, 52.88003 ] ] ] } },
{ "type": "Feature", "properties": { "Z_max": 13.4, "id": "947" }, "geometry": { "type": "Polygon", "coordinates": [ [ [ 13.84049, 52.88104 ], [ 13.84049, 52.88105 ], [ 13.84051, 52.88105 ], [ 13.84049, 52.88104 ] ] ] } },
{ "type": "Feature", "properties": { "Z_max": 8.6, "id": "948" }, "geometry": { "type": "Polygon", "coordinates": [ [ [ 13.84027, 52.87998 ], [ 13.84024, 52.87998 ], [ 13.84023, 52.87999 ], [ 13.84022, 52.87999 ], [ 13.84022, 52.88001 ], [ 13.84026, 52.88001 ], [ 13.84027, 52.87998 ] ] ] } },
{ "type": "Feature", "properties": { "Z_max": 13.9, "id": "949" }, "geometry": { "type": "Polygon", "coordinates": [ [ [ 13.84053, 52.88101 ], [ 13.84053, 52.88099 ], [ 13.84051, 52.88099 ], [ 13.8405, 52.88099 ], [ 13.84048, 52.881 ], [ 13.84047, 52.88101 ], [ 13.84046, 52.88102 ], [ 13.8405, 52.88104 ], [ 13.84051, 52.88103 ], [ 13.84053, 52.88104 ], [ 13.84054, 52.88103 ], [ 13.84055, 52.88102 ], [ 13.84053, 52.88101 ] ] ] } },
{ "type": "Feature", "properties": { "Z_max": 15.7, "id": "950" }, "geometry": { "type": "Polygon", "coordinates": [ [ [ 13.84029, 52.88004 ], [ 13.84027, 52.88004 ], [ 13.84024, 52.88007 ], [ 13.84024, 52.88009 ], [ 13.84024, 52.8801 ], [ 13.84025, 52.88009 ], [ 13.84028, 52.88009 ], [ 13.84029, 52.8801 ], [ 13.84032, 52.8801 ], [ 13.84035, 52.88009 ], [ 13.84029, 52.88004 ] ] ] } },
{ "type": "Feature", "properties": { "Z_max": 17.2, "id": "951" }, "geometry": { "type": "Polygon", "coordinates": [ [ [ 13.84048, 52.88077 ], [ 13.84048, 52.88076 ], [ 13.84039, 52.88076 ], [ 13.84039, 52.88076 ], [ 13.84038, 52.88076 ], [ 13.84038, 52.88079 ], [ 13.84039, 52.8808 ], [ 13.84043, 52.8808 ], [ 13.84047, 52.88078 ], [ 13.84046, 52.88078 ], [ 13.84048, 52.88077 ] ] ] } },
{ "type": "Feature", "properties": { "Z_max": 14.3, "id": "952" }, "geometry": { "type": "Polygon", "coordinates": [ [ [ 13.84052, 52.88107 ], [ 13.8405, 52.88111 ], [ 13.84051, 52.88113 ], [ 13.84052, 52.88113 ], [ 13.84055, 52.88113 ], [ 13.84055, 52.88113 ], [ 13.84055, 52.88108 ], [ 13.84052, 52.88107 ] ] ] } },
{ "type": "Feature", "properties": { "Z_max": 16.1, "id": "953" }, "geometry": { "type": "Polygon", "coordinates": [ [ [ 13.84049, 52.8809 ], [ 13.84044, 52.8809 ], [ 13.84043, 52.88092 ], [ 13.84047, 52.88095 ], [ 13.84049, 52.88094 ], [ 13.84049, 52.88094 ], [ 13.8405, 52.88093 ], [ 13.84052, 52.88094 ], [ 13.84052, 52.88093 ], [ 13.84054, 52.88092 ], [ 13.84049, 52.8809 ] ] ] } },
{ "type": "Feature", "properties": { "Z_max": 14.9, "id": "954" }, "geometry": { "type": "Polygon", "coordinates": [ [ [ 13.84051, 52.88095 ], [ 13.84051, 52.88094 ], [ 13.8405, 52.88094 ], [ 13.84049, 52.88094 ], [ 13.84049, 52.88095 ], [ 13.84045, 52.88095 ], [ 13.84044, 52.88096 ], [ 13.84044, 52.88096 ], [ 13.84045, 52.88096 ], [ 13.84048, 52.88098 ], [ 13.84049, 52.88098 ], [ 13.8405, 52.88099 ], [ 13.84052, 52.88099 ], [ 13.84052, 52.88095 ], [ 13.84051, 52.88095 ] ] ] } },
{ "type": "Feature", "properties": { "Z_max": 13.3, "id": "955" }, "geometry": { "type": "Polygon", "coordinates": [ [ [ 13.84049, 52.88086 ], [ 13.84048, 52.88085 ], [ 13.84047, 52.88085 ], [ 13.84046, 52.88086 ], [ 13.84044, 52.88086 ], [ 13.84045, 52.88089 ], [ 13.8405, 52.88089 ], [ 13.84051, 52.88088 ], [ 13.84049, 52.88087 ], [ 13.84049, 52.88086 ] ] ] } },
{ "type": "Feature", "properties": { "Z_max": 17.8, "id": "956" }, "geometry": { "type": "Polygon", "coordinates": [ [ [ 13.84056, 52.88072 ], [ 13.84053, 52.8807 ], [ 13.84049, 52.88069 ], [ 13.84047, 52.88068 ], [ 13.84044, 52.88068 ], [ 13.84044, 52.88069 ], [ 13.84043, 52.88068 ], [ 13.84043, 52.88072 ], [ 13.8404, 52.88075 ], [ 13.8404, 52.88075 ], [ 13.84054, 52.88076 ], [ 13.84056, 52.88075 ], [ 13.84056, 52.88072 ] ] ] } },
{ "type": "Feature", "properties": { "Z_max": 14.7, "id": "957" }, "geometry": { "type": "Polygon", "coordinates": [ [ [ 13.84029, 52.87997 ], [ 13.84028, 52.87997 ], [ 13.84029, 52.87998 ], [ 13.84029, 52.87998 ], [ 13.84029, 52.87997 ] ] ] } },
{ "type": "Feature", "properties": { "Z_max": 24.8, "id": "958" }, "geometry": { "type": "Polygon", "coordinates": [ [ [ 13.84035, 52.88016 ], [ 13.84034, 52.88016 ], [ 13.84033, 52.88016 ], [ 13.84031, 52.88016 ], [ 13.84029, 52.88017 ], [ 13.84029, 52.88019 ], [ 13.84032, 52.88021 ], [ 13.84035, 52.88022 ], [ 13.84038, 52.8802 ], [ 13.84038, 52.88018 ], [ 13.84035, 52.88016 ] ] ] } },
{ "type": "Feature", "properties": { "Z_max": 16.7, "id": "959" }, "geometry": { "type": "Polygon", "coordinates": [ [ [ 13.84053, 52.88078 ], [ 13.84054, 52.88077 ], [ 13.84054, 52.88076 ], [ 13.84049, 52.88076 ], [ 13.84046, 52.88079 ], [ 13.84045, 52.8808 ], [ 13.84046, 52.8808 ], [ 13.84047, 52.88082 ], [ 13.84049, 52.88082 ], [ 13.84053, 52.88078 ] ] ] } },
{ "type": "Feature", "properties": { "Z_max": 15.7, "id": "960" }, "geometry": { "type": "Polygon", "coordinates": [ [ [ 13.84055, 52.88089 ], [ 13.84057, 52.88089 ], [ 13.84057, 52.88089 ], [ 13.84054, 52.88087 ], [ 13.84051, 52.88087 ], [ 13.84048, 52.88089 ], [ 13.84045, 52.88089 ], [ 13.84046, 52.8809 ], [ 13.84049, 52.8809 ], [ 13.84052, 52.88092 ], [ 13.84052, 52.88092 ], [ 13.84055, 52.88089 ] ] ] } },
{ "type": "Feature", "properties": { "Z_max": 13.9, "id": "961" }, "geometry": { "type": "Polygon", "coordinates": [ [ [ 13.84048, 52.88082 ], [ 13.84048, 52.88083 ], [ 13.8405, 52.88083 ], [ 13.8405, 52.88082 ], [ 13.84048, 52.88082 ] ] ] } },
{ "type": "Feature", "properties": { "Z_max": 16.4, "id": "962" }, "geometry": { "type": "Polygon", "coordinates": [ [ [ 13.84047, 52.8805 ], [ 13.84046, 52.88049 ], [ 13.84042, 52.88049 ], [ 13.84042, 52.88052 ], [ 13.84043, 52.88052 ], [ 13.84043, 52.88053 ], [ 13.84046, 52.88053 ], [ 13.84046, 52.88052 ], [ 13.84048, 52.88052 ], [ 13.84047, 52.8805 ] ] ] } },
{ "type": "Feature", "properties": { "Z_max": 16.0, "id": "963" }, "geometry": { "type": "Polygon", "coordinates": [ [ [ 13.84057, 52.88092 ], [ 13.84054, 52.88092 ], [ 13.84051, 52.88094 ], [ 13.84051, 52.88095 ], [ 13.84053, 52.88096 ], [ 13.84053, 52.88099 ], [ 13.84054, 52.881 ], [ 13.84055, 52.881 ], [ 13.84055, 52.88099 ], [ 13.84057, 52.88099 ], [ 13.84057, 52.88092 ] ] ] } },
{ "type": "Feature", "properties": { "Z_max": 14.4, "id": "964" }, "geometry": { "type": "Polygon", "coordinates": [ [ [ 13.84056, 52.88107 ], [ 13.84058, 52.88105 ], [ 13.84058, 52.88105 ], [ 13.84056, 52.88104 ], [ 13.84056, 52.88102 ], [ 13.84055, 52.88102 ], [ 13.84054, 52.88103 ], [ 13.84055, 52.88107 ], [ 13.84054, 52.88107 ], [ 13.84054, 52.88107 ], [ 13.84054, 52.88108 ], [ 13.84056, 52.88108 ], [ 13.84056, 52.88107 ] ] ] } },
{ "type": "Feature", "properties": { "Z_max": 14.1, "id": "965" }, "geometry": { "type": "Polygon", "coordinates": [ [ [ 13.84061, 52.88106 ], [ 13.84057, 52.88105 ], [ 13.84057, 52.88107 ], [ 13.84058, 52.88107 ], [ 13.84057, 52.88108 ], [ 13.84055, 52.88109 ], [ 13.84055, 52.8811 ], [ 13.84062, 52.88111 ], [ 13.84062, 52.88109 ], [ 13.84064, 52.88109 ], [ 13.84064, 52.88108 ], [ 13.84061, 52.88106 ] ] ] } },
{ "type": "Feature", "properties": { "Z_max": 27.2, "id": "966" }, "geometry": { "type": "Polygon", "coordinates": [ [ [ 13.8405, 52.88016 ], [ 13.84047, 52.88014 ], [ 13.84045, 52.88014 ], [ 13.8404, 52.88014 ], [ 13.84039, 52.88015 ], [ 13.84037, 52.88014 ], [ 13.84035, 52.88016 ], [ 13.84038, 52.88018 ], [ 13.84038, 52.88019 ], [ 13.84039, 52.88019 ], [ 13.84039, 52.8802 ], [ 13.84042, 52.8802 ], [ 13.84042, 52.88019 ], [ 13.84045, 52.88019 ], [ 13.8405, 52.88016 ] ] ] } },
{ "type": "Feature", "properties": { "Z_max": 26.7, "id": "967" }, "geometry": { "type": "Polygon", "coordinates": [ [ [ 13.84048, 52.88022 ], [ 13.84047, 52.88022 ], [ 13.84046, 52.88021 ], [ 13.84044, 52.88019 ], [ 13.84043, 52.88019 ], [ 13.84042, 52.88023 ], [ 13.84039, 52.88023 ], [ 13.84039, 52.88028 ], [ 13.84043, 52.88028 ], [ 13.84045, 52.88027 ], [ 13.84047, 52.88027 ], [ 13.84047, 52.88025 ], [ 13.84048, 52.88025 ], [ 13.84048, 52.88022 ] ] ] } },
{ "type": "Feature", "properties": { "Z_max": 16.3, "id": "968" }, "geometry": { "type": "Polygon", "coordinates": [ [ [ 13.84057, 52.88078 ], [ 13.84056, 52.88079 ], [ 13.84056, 52.88081 ], [ 13.84054, 52.88081 ], [ 13.84055, 52.88083 ], [ 13.84056, 52.88083 ], [ 13.84065, 52.88083 ], [ 13.84064, 52.88081 ], [ 13.8406, 52.88078 ], [ 13.84057, 52.88078 ] ] ] } },
{ "type": "Feature", "properties": { "Z_max": 15.3, "id": "969" }, "geometry": { "type": "Polygon", "coordinates": [ [ [ 13.84065, 52.88098 ], [ 13.84064, 52.88097 ], [ 13.84061, 52.88097 ], [ 13.84061, 52.88098 ], [ 13.84059, 52.88098 ], [ 13.84058, 52.88098 ], [ 13.84057, 52.88098 ], [ 13.84055, 52.88099 ], [ 13.84055, 52.88101 ], [ 13.84057, 52.88102 ], [ 13.84059, 52.88102 ], [ 13.84059, 52.88101 ], [ 13.8406, 52.881 ], [ 13.84064, 52.881 ], [ 13.84065, 52.88099 ], [ 13.84065, 52.88098 ] ] ] } },
{ "type": "Feature", "properties": { "Z_max": 15.8, "id": "970" }, "geometry": { "type": "Polygon", "coordinates": [ [ [ 13.84061, 52.88093 ], [ 13.84061, 52.8809 ], [ 13.8406, 52.8809 ], [ 13.8406, 52.8809 ], [ 13.84057, 52.88091 ], [ 13.84057, 52.88098 ], [ 13.84058, 52.88098 ], [ 13.84058, 52.88097 ], [ 13.84061, 52.88097 ], [ 13.84064, 52.88095 ], [ 13.84064, 52.88094 ], [ 13.84061, 52.88093 ] ] ] } },
{ "type": "Feature", "properties": { "Z_max": 14.1, "id": "971" }, "geometry": { "type": "Polygon", "coordinates": [ [ [ 13.84059, 52.8809 ], [ 13.8406, 52.8809 ], [ 13.84059, 52.88089 ], [ 13.84059, 52.8809 ] ] ] } },
{ "type": "Feature", "properties": { "Z_max": 17.1, "id": "972" }, "geometry": { "type": "Polygon", "coordinates": [ [ [ 13.84061, 52.88086 ], [ 13.84063, 52.88085 ], [ 13.84063, 52.88082 ], [ 13.84058, 52.88082 ], [ 13.84056, 52.88083 ], [ 13.84051, 52.88083 ], [ 13.84051, 52.88085 ], [ 13.84057, 52.88089 ], [ 13.84058, 52.88089 ], [ 13.84061, 52.88087 ], [ 13.84061, 52.88086 ] ] ] } },
{ "type": "Feature", "properties": { "Z_max": 13.9, "id": "973" }, "geometry": { "type": "Polygon", "coordinates": [ [ [ 13.84068, 52.88104 ], [ 13.84065, 52.88102 ], [ 13.84061, 52.88103 ], [ 13.8406, 52.88104 ], [ 13.84058, 52.88104 ], [ 13.84058, 52.88105 ], [ 13.8406, 52.88105 ], [ 13.84063, 52.88107 ], [ 13.84065, 52.88107 ], [ 13.84068, 52.88105 ], [ 13.84068, 52.88104 ] ] ] } },
{ "type": "Feature", "properties": { "Z_max": 12.9, "id": "974" }, "geometry": { "type": "Polygon", "coordinates": [ [ [ 13.84063, 52.88088 ], [ 13.84063, 52.88088 ], [ 13.84064, 52.88088 ], [ 13.84063, 52.88088 ] ] ] } },
{ "type": "Feature", "properties": { "Z_max": 30.2, "id": "975" }, "geometry": { "type": "Polygon", "coordinates": [ [ [ 13.8405, 52.88006 ], [ 13.84045, 52.88003 ], [ 13.84039, 52.88003 ], [ 13.84039, 52.88003 ], [ 13.8404, 52.88004 ], [ 13.8404, 52.88008 ], [ 13.84043, 52.8801 ], [ 13.84046, 52.8801 ], [ 13.84046, 52.88009 ], [ 13.84047, 52.88009 ], [ 13.8405, 52.88007 ], [ 13.8405, 52.88006 ] ] ] } },
{ "type": "Feature", "properties": { "Z_max": 14.6, "id": "976" }, "geometry": { "type": "Polygon", "coordinates": [ [ [ 13.8407, 52.881 ], [ 13.84069, 52.881 ], [ 13.84068, 52.881 ], [ 13.84066, 52.881 ], [ 13.84064, 52.88102 ], [ 13.84066, 52.88102 ], [ 13.84067, 52.88104 ], [ 13.84068, 52.88104 ], [ 13.8407, 52.88102 ], [ 13.8407, 52.881 ] ] ] } },
{ "type": "Feature", "properties": { "Z_max": 27.5, "id": "977" }, "geometry": { "type": "Polygon", "coordinates": [ [ [ 13.8405, 52.87999 ], [ 13.84047, 52.87999 ], [ 13.84047, 52.87998 ], [ 13.84044, 52.87995 ], [ 13.84044, 52.87995 ], [ 13.84037, 52.87998 ], [ 13.84037, 52.88 ], [ 13.84037, 52.88001 ], [ 13.84039, 52.88002 ], [ 13.84038, 52.88003 ], [ 13.8404, 52.88003 ], [ 13.84047, 52.88003 ], [ 13.8405, 52.88001 ], [ 13.8405, 52.87999 ] ] ] } },
{ "type": "Feature", "properties": { "Z_max": 18.0, "id": "978" }, "geometry": { "type": "Polygon", "coordinates": [ [ [ 13.84044, 52.87994 ], [ 13.84043, 52.87995 ], [ 13.84045, 52.87994 ], [ 13.84044, 52.87994 ] ] ] } },
{ "type": "Feature", "properties": { "Z_max": 25.5, "id": "979" }, "geometry": { "type": "Polygon", "coordinates": [ [ [ 13.8406, 52.88041 ], [ 13.84058, 52.88041 ], [ 13.84058, 52.8804 ], [ 13.84047, 52.8804 ], [ 13.84047, 52.88041 ], [ 13.84048, 52.88041 ], [ 13.84051, 52.88043 ], [ 13.84051, 52.88045 ], [ 13.84055, 52.88045 ], [ 13.84058, 52.88043 ], [ 13.8406, 52.88042 ], [ 13.8406, 52.88041 ] ] ] } },
{ "type": "Feature", "properties": { "Z_max": 13.9, "id": "980" }, "geometry": { "type": "Polygon", "coordinates": [ [ [ 13.84067, 52.88094 ], [ 13.84066, 52.88094 ], [ 13.84063, 52.88096 ], [ 13.84064, 52.88098 ], [ 13.84068, 52.88098 ], [ 13.84068, 52.88097 ], [ 13.8407, 52.88096 ], [ 13.84067, 52.88094 ] ] ] } },
{ "type": "Feature", "properties": { "Z_max": 27.0, "id": "981" }, "geometry": { "type": "Polygon", "coordinates": [ [ [ 13.84054, 52.88025 ], [ 13.84053, 52.88024 ], [ 13.84053, 52.88024 ], [ 13.84048, 52.88024 ], [ 13.84047, 52.88026 ], [ 13.84047, 52.88025 ], [ 13.84047, 52.88027 ], [ 13.84049, 52.88027 ], [ 13.84051, 52.88029 ], [ 13.84052, 52.88029 ], [ 13.84054, 52.88028 ], [ 13.84054, 52.88025 ] ] ] } },
{ "type": "Feature", "properties": { "Z_max": 13.8, "id": "982" }, "geometry": { "type": "Polygon", "coordinates": [ [ [ 13.84065, 52.88073 ], [ 13.84065, 52.88071 ], [ 13.84064, 52.88071 ], [ 13.84061, 52.88072 ], [ 13.8406, 52.88074 ], [ 13.84062, 52.88076 ], [ 13.84065, 52.88076 ], [ 13.84064, 52.88075 ], [ 13.84066, 52.88075 ], [ 13.84066, 52.88074 ], [ 13.84065, 52.88073 ] ] ] } },
{ "type": "Feature", "properties": { "Z_max": 17.0, "id": "983" }, "geometry": { "type": "Polygon", "coordinates": [ [ [ 13.84062, 52.88062 ], [ 13.84059, 52.88061 ], [ 13.84056, 52.88063 ], [ 13.84056, 52.88067 ], [ 13.84059, 52.88067 ], [ 13.84059, 52.88066 ], [ 13.84062, 52.88066 ], [ 13.84062, 52.88062 ] ] ] } },
{ "type": "Feature", "properties": { "Z_max": 13.7, "id": "984" }, "geometry": { "type": "Polygon", "coordinates": [ [ [ 13.84074, 52.88105 ], [ 13.84073, 52.88105 ], [ 13.84073, 52.88104 ], [ 13.84071, 52.88103 ], [ 13.84069, 52.88103 ], [ 13.84069, 52.88105 ], [ 13.84067, 52.88106 ], [ 13.84067, 52.88107 ], [ 13.84068, 52.88108 ], [ 13.84069, 52.88108 ], [ 13.8407, 52.88109 ], [ 13.84071, 52.88109 ], [ 13.84074, 52.88107 ], [ 13.84074, 52.88105 ] ] ] } },
{ "type": "Feature", "properties": { "Z_max": 25.8, "id": "985" }, "geometry": { "type": "Polygon", "coordinates": [ [ [ 13.8406, 52.8803 ], [ 13.8406, 52.8803 ], [ 13.84059, 52.8803 ], [ 13.84058, 52.88029 ], [ 13.84058, 52.88029 ], [ 13.84055, 52.88029 ], [ 13.84054, 52.88029 ], [ 13.84054, 52.88028 ], [ 13.84053, 52.88028 ], [ 13.84052, 52.88029 ], [ 13.84051, 52.88029 ], [ 13.84052, 52.8803 ], [ 13.8405, 52.88031 ], [ 13.8405, 52.88032 ], [ 13.84051, 52.88033 ], [ 13.84057, 52.88034 ], [ 13.8406, 52.88032 ], [ 13.84061, 52.88032 ], [ 13.84061, 52.88031 ], [ 13.8406, 52.8803 ] ] ] } },
{ "type": "Feature", "properties": { "Z_max": 15.3, "id": "986" }, "geometry": { "type": "Polygon", "coordinates": [ [ [ 13.84072, 52.88091 ], [ 13.84071, 52.88091 ], [ 13.8407, 52.88091 ], [ 13.84068, 52.88091 ], [ 13.84067, 52.8809 ], [ 13.84062, 52.8809 ], [ 13.84061, 52.8809 ], [ 13.84061, 52.88092 ], [ 13.84065, 52.88095 ], [ 13.84066, 52.88095 ], [ 13.84066, 52.88094 ], [ 13.84067, 52.88094 ], [ 13.84068, 52.88095 ], [ 13.8407, 52.88095 ], [ 13.84071, 52.88093 ], [ 13.84072, 52.88091 ] ] ] } },
{ "type": "Feature", "properties": { "Z_max": 15.3, "id": "987" }, "geometry": { "type": "Polygon", "coordinates": [ [ [ 13.84045, 52.87988 ], [ 13.84045, 52.87988 ], [ 13.84046, 52.87988 ], [ 13.84046, 52.87988 ], [ 13.84045, 52.87988 ] ] ] } },
{ "type": "Feature", "properties": { "Z_max": 15.6, "id": "988" }, "geometry": { "type": "Polygon", "coordinates": [ [ [ 13.84072, 52.88101 ], [ 13.84071, 52.88099 ], [ 13.84072, 52.88099 ], [ 13.84073, 52.88099 ], [ 13.84074, 52.88098 ], [ 13.84076, 52.88098 ], [ 13.84074, 52.88097 ], [ 13.84072, 52.88098 ], [ 13.8407, 52.88098 ], [ 13.84069, 52.88099 ], [ 13.84069, 52.881 ], [ 13.8407, 52.88103 ], [ 13.84071, 52.88103 ], [ 13.84073, 52.88101 ], [ 13.84072, 52.88101 ] ] ] } },
{ "type": "Feature", "properties": { "Z_max": 32.7, "id": "989" }, "geometry": { "type": "Polygon", "coordinates": [ [ [ 13.84095, 52.88014 ], [ 13.84094, 52.88013 ], [ 13.8409, 52.88013 ], [ 13.84089, 52.88014 ], [ 13.84088, 52.88015 ], [ 13.84087, 52.88015 ], [ 13.84087, 52.88018 ], [ 13.84086, 52.88019 ], [ 13.84086, 52.88019 ], [ 13.84087, 52.88019 ], [ 13.84087, 52.8802 ], [ 13.84088, 52.8802 ], [ 13.84089, 52.88021 ], [ 13.84091, 52.88021 ], [ 13.84096, 52.88019 ], [ 13.84096, 52.88014 ], [ 13.84095, 52.88014 ] ] ] } },
{ "type": "Feature", "properties": { "Z_max": 28.7, "id": "990" }, "geometry": { "type": "Polygon", "coordinates": [ [ [ 13.84058, 52.88017 ], [ 13.84057, 52.88017 ], [ 13.84056, 52.88017 ], [ 13.84056, 52.88016 ], [ 13.84053, 52.88016 ], [ 13.84049, 52.88016 ], [ 13.84044, 52.8802 ], [ 13.84045, 52.8802 ], [ 13.84046, 52.88021 ], [ 13.84047, 52.88022 ], [ 13.84055, 52.88022 ], [ 13.84056, 52.88021 ], [ 13.84061, 52.88021 ], [ 13.84062, 52.88019 ], [ 13.84058, 52.88017 ] ] ] } },
{ "type": "Feature", "properties": { "Z_max": 17.2, "id": "991" }, "geometry": { "type": "Polygon", "coordinates": [ [ [ 13.84067, 52.88064 ], [ 13.84063, 52.88063 ], [ 13.84062, 52.88063 ], [ 13.84062, 52.88066 ], [ 13.84063, 52.88066 ], [ 13.84064, 52.88065 ], [ 13.84066, 52.88065 ], [ 13.84067, 52.88064 ] ] ] } },
{ "type": "Feature", "properties": { "Z_max": 2.4, "id": "992" }, "geometry": { "type": "Polygon", "coordinates": [ [ [ 13.84048, 52.87991 ], [ 13.84048, 52.87992 ], [ 13.84049, 52.87992 ], [ 13.84049, 52.87991 ], [ 13.84048, 52.87991 ] ] ] } },
{ "type": "Feature", "properties": { "Z_max": 26.3, "id": "993" }, "geometry": { "type": "Polygon", "coordinates": [ [ [ 13.8406, 52.88021 ], [ 13.84056, 52.88021 ], [ 13.84056, 52.88022 ], [ 13.84049, 52.88022 ], [ 13.84048, 52.88023 ], [ 13.84053, 52.88024 ], [ 13.84053, 52.88024 ], [ 13.8406, 52.88024 ], [ 13.8406, 52.88024 ], [ 13.84062, 52.88024 ], [ 13.84062, 52.88022 ], [ 13.8406, 52.88021 ] ] ] } },
{ "type": "Feature", "properties": { "Z_max": 31.4, "id": "994" }, "geometry": { "type": "Polygon", "coordinates": [ [ [ 13.84086, 52.88004 ], [ 13.84087, 52.88004 ], [ 13.8409, 52.88002 ], [ 13.84096, 52.88002 ], [ 13.84096, 52.88002 ], [ 13.84096, 52.88001 ], [ 13.84092, 52.88001 ], [ 13.84087, 52.87998 ], [ 13.84085, 52.87998 ], [ 13.84081, 52.88 ], [ 13.84079, 52.88001 ], [ 13.84079, 52.88002 ], [ 13.84083, 52.88005 ], [ 13.84086, 52.88005 ], [ 13.84086, 52.88004 ] ] ] } },
{ "type": "Feature", "properties": { "Z_max": 12.9, "id": "995" }, "geometry": { "type": "Polygon", "coordinates": [ [ [ 13.84072, 52.88093 ], [ 13.84072, 52.88093 ], [ 13.84073, 52.88093 ], [ 13.84073, 52.88092 ], [ 13.84072, 52.88093 ] ] ] } },
{ "type": "Feature", "properties": { "Z_max": 18.1, "id": "996" }, "geometry": { "type": "Polygon", "coordinates": [ [ [ 13.84068, 52.88059 ], [ 13.84066, 52.88059 ], [ 13.84065, 52.88058 ], [ 13.84061, 52.88058 ], [ 13.84061, 52.88061 ], [ 13.84062, 52.88061 ], [ 13.84062, 52.88062 ], [ 13.84066, 52.88064 ], [ 13.84067, 52.88064 ], [ 13.84066, 52.88063 ], [ 13.84068, 52.88063 ], [ 13.84071, 52.88061 ], [ 13.84071, 52.88061 ], [ 13.84068, 52.88059 ] ] ] } },
{ "type": "Feature", "properties": { "Z_max": 14.8, "id": "997" }, "geometry": { "type": "Polygon", "coordinates": [ [ [ 13.8407, 52.88074 ], [ 13.84069, 52.88074 ], [ 13.84069, 52.88075 ], [ 13.84065, 52.88075 ], [ 13.84064, 52.88076 ], [ 13.84064, 52.88076 ], [ 13.84064, 52.88077 ], [ 13.84065, 52.88077 ], [ 13.8407, 52.88078 ], [ 13.84071, 52.88077 ], [ 13.84072, 52.88077 ], [ 13.84072, 52.88075 ], [ 13.8407, 52.88074 ] ] ] } },
{ "type": "Feature", "properties": { "Z_max": 30.0, "id": "998" }, "geometry": { "type": "Polygon", "coordinates": [ [ [ 13.8406, 52.88004 ], [ 13.84061, 52.88004 ], [ 13.84061, 52.88002 ], [ 13.8406, 52.88002 ], [ 13.84059, 52.88002 ], [ 13.84058, 52.88 ], [ 13.84056, 52.88 ], [ 13.84051, 52.88 ], [ 13.84048, 52.88002 ], [ 13.84048, 52.88003 ], [ 13.84046, 52.88003 ], [ 13.84047, 52.88004 ], [ 13.84047, 52.88005 ], [ 13.84048, 52.88004 ], [ 13.84049, 52.88005 ], [ 13.8405, 52.88005 ], [ 13.84052, 52.88006 ], [ 13.84055, 52.88006 ], [ 13.84059, 52.88005 ], [ 13.8406, 52.88004 ] ] ] } },
{ "type": "Feature", "properties": { "Z_max": 30.3, "id": "999" }, "geometry": { "type": "Polygon", "coordinates": [ [ [ 13.84094, 52.88031 ], [ 13.84091, 52.88031 ], [ 13.84089, 52.88032 ], [ 13.84085, 52.88032 ], [ 13.84085, 52.88034 ], [ 13.84087, 52.88036 ], [ 13.8409, 52.88036 ], [ 13.8409, 52.88036 ], [ 13.84091, 52.88036 ], [ 13.84094, 52.88033 ], [ 13.84094, 52.88031 ] ] ] } },
{ "type": "Feature", "properties": { "Z_max": 14.6, "id": "1000" }, "geometry": { "type": "Polygon", "coordinates": [ [ [ 13.84072, 52.88072 ], [ 13.84072, 52.88072 ], [ 13.84071, 52.88072 ], [ 13.8407, 52.88071 ], [ 13.84065, 52.88071 ], [ 13.84065, 52.88073 ], [ 13.84066, 52.88073 ], [ 13.84066, 52.88075 ], [ 13.84068, 52.88075 ], [ 13.84069, 52.88075 ], [ 13.8407, 52.88074 ], [ 13.84072, 52.88074 ], [ 13.84073, 52.88073 ], [ 13.84074, 52.88073 ], [ 13.84072, 52.88072 ] ] ] } },
{ "type": "Feature", "properties": { "Z_max": 32.8, "id": "1001" }, "geometry": { "type": "Polygon", "coordinates": [ [ [ 13.84087, 52.87994 ], [ 13.84087, 52.87994 ], [ 13.84086, 52.87994 ], [ 13.84082, 52.87991 ], [ 13.84079, 52.87991 ], [ 13.84076, 52.87992 ], [ 13.84076, 52.87997 ], [ 13.84077, 52.87996 ], [ 13.84078, 52.87998 ], [ 13.84077, 52.87999 ], [ 13.84079, 52.88 ], [ 13.84081, 52.88 ], [ 13.84084, 52.87999 ], [ 13.84086, 52.87998 ], [ 13.84087, 52.87997 ], [ 13.84087, 52.87994 ] ] ] } },
{ "type": "Feature", "properties": { "Z_max": 30.2, "id": "1002" }, "geometry": { "type": "Polygon", "coordinates": [ [ [ 13.84094, 52.88029 ], [ 13.84091, 52.88028 ], [ 13.8409, 52.88028 ], [ 13.8409, 52.88027 ], [ 13.84084, 52.88027 ], [ 13.84084, 52.88028 ], [ 13.84082, 52.88028 ], [ 13.84082, 52.8803 ], [ 13.84084, 52.88031 ], [ 13.84085, 52.88031 ], [ 13.84085, 52.88032 ], [ 13.84089, 52.88032 ], [ 13.84089, 52.88031 ], [ 13.84094, 52.88031 ], [ 13.84095, 52.8803 ], [ 13.84096, 52.8803 ], [ 13.84094, 52.88029 ] ] ] } },
{ "type": "Feature", "properties": { "Z_max": 13.2, "id": "1003" }, "geometry": { "type": "Polygon", "coordinates": [ [ [ 13.84079, 52.88102 ], [ 13.84077, 52.88101 ], [ 13.84077, 52.88099 ], [ 13.84075, 52.88099 ], [ 13.84075, 52.88099 ], [ 13.84076, 52.881 ], [ 13.84076, 52.88101 ], [ 13.84076, 52.88101 ], [ 13.84073, 52.88101 ], [ 13.84071, 52.88102 ], [ 13.84072, 52.88103 ], [ 13.84075, 52.88106 ], [ 13.84077, 52.88106 ], [ 13.84077, 52.88105 ], [ 13.8408, 52.88105 ], [ 13.8408, 52.88102 ], [ 13.84079, 52.88102 ] ] ] } },
{ "type": "Feature", "properties": { "Z_max": 16.2, "id": "1004" }, "geometry": { "type": "Polygon", "coordinates": [ [ [ 13.84076, 52.8808 ], [ 13.84066, 52.8808 ], [ 13.84065, 52.88081 ], [ 13.84065, 52.88082 ], [ 13.84069, 52.88084 ], [ 13.84074, 52.88084 ], [ 13.84076, 52.88083 ], [ 13.84076, 52.8808 ] ] ] } },
{ "type": "Feature", "properties": { "Z_max": 29.9, "id": "1005" }, "geometry": { "type": "Polygon", "coordinates": [ [ [ 13.84087, 52.88008 ], [ 13.84084, 52.88006 ], [ 13.84083, 52.88006 ], [ 13.84083, 52.88005 ], [ 13.84082, 52.88005 ], [ 13.84079, 52.88008 ], [ 13.84079, 52.8801 ], [ 13.8408, 52.88011 ], [ 13.84083, 52.88011 ], [ 13.84083, 52.8801 ], [ 13.84087, 52.88008 ] ] ] } },
{ "type": "Feature", "properties": { "Z_max": 15.3, "id": "1006" }, "geometry": { "type": "Polygon", "coordinates": [ [ [ 13.84073, 52.88076 ], [ 13.84072, 52.88076 ], [ 13.84069, 52.88078 ], [ 13.84066, 52.88078 ], [ 13.84066, 52.88079 ], [ 13.84069, 52.88079 ], [ 13.84076, 52.8808 ], [ 13.84076, 52.88078 ], [ 13.84073, 52.88076 ] ] ] } },
{ "type": "Feature", "properties": { "Z_max": 24.8, "id": "1007" }, "geometry": { "type": "Polygon", "coordinates": [ [ [ 13.84076, 52.88054 ], [ 13.84072, 52.88055 ], [ 13.84071, 52.88053 ], [ 13.84071, 52.88053 ], [ 13.8407, 52.88053 ], [ 13.84069, 52.88052 ], [ 13.84068, 52.88052 ], [ 13.84067, 52.88053 ], [ 13.84061, 52.88054 ], [ 13.84061, 52.88055 ], [ 13.84061, 52.88056 ], [ 13.84062, 52.88056 ], [ 13.84061, 52.88057 ], [ 13.84062, 52.88058 ], [ 13.84069, 52.8806 ], [ 13.84071, 52.8806 ], [ 13.84074, 52.8806 ], [ 13.84078, 52.88061 ], [ 13.84079, 52.88056 ], [ 13.84076, 52.88054 ] ] ] } },
{ "type": "Feature", "properties": { "Z_max": 11.8, "id": "1008" }, "geometry": { "type": "Polygon", "coordinates": [ [ [ 13.84074, 52.88068 ], [ 13.84072, 52.88067 ], [ 13.8407, 52.88067 ], [ 13.84069, 52.88068 ], [ 13.84066, 52.88068 ], [ 13.84065, 52.88069 ], [ 13.84065, 52.8807 ], [ 13.84072, 52.8807 ], [ 13.84074, 52.88069 ], [ 13.84074, 52.88068 ] ] ] } },
{ "type": "Feature", "properties": { "Z_max": 14.3, "id": "1009" }, "geometry": { "type": "Polygon", "coordinates": [ [ [ 13.84079, 52.88087 ], [ 13.84077, 52.88087 ], [ 13.84076, 52.88086 ], [ 13.84074, 52.88086 ], [ 13.84074, 52.88087 ], [ 13.84072, 52.88088 ], [ 13.84074, 52.88088 ], [ 13.84077, 52.88089 ], [ 13.84079, 52.88088 ], [ 13.84079, 52.88087 ] ] ] } },
{ "type": "Feature", "properties": { "Z_max": 14.3, "id": "1010" }, "geometry": { "type": "Polygon", "coordinates": [ [ [ 13.84077, 52.88072 ], [ 13.84078, 52.88071 ], [ 13.8408, 52.88071 ], [ 13.8408, 52.88069 ], [ 13.84079, 52.88069 ], [ 13.84076, 52.88069 ], [ 13.84074, 52.88069 ], [ 13.84074, 52.8807 ], [ 13.84072, 52.8807 ], [ 13.84071, 52.88071 ], [ 13.84073, 52.88072 ], [ 13.8408, 52.88072 ], [ 13.8408, 52.88072 ], [ 13.84077, 52.88072 ] ] ] } },
{ "type": "Feature", "properties": { "Z_max": 29.0, "id": "1011" }, "geometry": { "type": "Polygon", "coordinates": [ [ [ 13.84088, 52.88046 ], [ 13.84088, 52.88044 ], [ 13.84085, 52.88044 ], [ 13.84081, 52.88047 ], [ 13.8408, 52.88047 ], [ 13.84081, 52.88048 ], [ 13.84086, 52.8805 ], [ 13.84086, 52.88051 ], [ 13.84089, 52.88051 ], [ 13.84089, 52.88047 ], [ 13.84088, 52.88046 ] ] ] } },
{ "type": "Feature", "properties": { "Z_max": 16.5, "id": "1012" }, "geometry": { "type": "Polygon", "coordinates": [ [ [ 13.8409, 52.88061 ], [ 13.8409, 52.88059 ], [ 13.8409, 52.88058 ], [ 13.84085, 52.88058 ], [ 13.84085, 52.88059 ], [ 13.84083, 52.88059 ], [ 13.84084, 52.88061 ], [ 13.84083, 52.88063 ], [ 13.84082, 52.88063 ], [ 13.84081, 52.88064 ], [ 13.8409, 52.88064 ], [ 13.8409, 52.88064 ], [ 13.84092, 52.88064 ], [ 13.84092, 52.88062 ], [ 13.8409, 52.88061 ] ] ] } },
{ "type": "Feature", "properties": { "Z_max": 16.2, "id": "1013" }, "geometry": { "type": "Polygon", "coordinates": [ [ [ 13.84081, 52.88081 ], [ 13.8408, 52.8808 ], [ 13.84075, 52.88083 ], [ 13.84075, 52.88085 ], [ 13.84076, 52.88085 ], [ 13.84077, 52.88087 ], [ 13.84081, 52.88086 ], [ 13.84084, 52.88085 ], [ 13.84084, 52.88083 ], [ 13.84081, 52.88081 ] ] ] } },
{ "type": "Feature", "properties": { "Z_max": 29.7, "id": "1014" }, "geometry": { "type": "Polygon", "coordinates": [ [ [ 13.8408, 52.88007 ], [ 13.8408, 52.88006 ], [ 13.84074, 52.88006 ], [ 13.8407, 52.88007 ], [ 13.84069, 52.88008 ], [ 13.84071, 52.88009 ], [ 13.84071, 52.88009 ], [ 13.84078, 52.88009 ], [ 13.8408, 52.88007 ] ] ] } },
{ "type": "Feature", "properties": { "Z_max": 16.4, "id": "1015" }, "geometry": { "type": "Polygon", "coordinates": [ [ [ 13.84091, 52.88066 ], [ 13.84091, 52.88065 ], [ 13.84091, 52.88065 ], [ 13.8409, 52.88064 ], [ 13.8408, 52.88065 ], [ 13.8408, 52.88066 ], [ 13.84081, 52.88066 ], [ 13.84081, 52.88067 ], [ 13.84085, 52.88068 ], [ 13.84084, 52.88068 ], [ 13.84086, 52.88069 ], [ 13.8409, 52.88069 ], [ 13.84092, 52.88069 ], [ 13.84092, 52.88068 ], [ 13.84093, 52.88068 ], [ 13.84093, 52.88066 ], [ 13.84091, 52.88066 ] ] ] } },
{ "type": "Feature", "properties": { "Z_max": 10.3, "id": "1016" }, "geometry": { "type": "Polygon", "coordinates": [ [ [ 13.84082, 52.88095 ], [ 13.84082, 52.88096 ], [ 13.84083, 52.88096 ], [ 13.84083, 52.88095 ], [ 13.84082, 52.88095 ] ] ] } },
{ "type": "Feature", "properties": { "Z_max": 14.5, "id": "1017" }, "geometry": { "type": "Polygon", "coordinates": [ [ [ 13.84081, 52.88075 ], [ 13.84078, 52.88075 ], [ 13.84075, 52.88077 ], [ 13.84075, 52.88078 ], [ 13.84076, 52.88078 ], [ 13.84078, 52.88079 ], [ 13.84081, 52.88079 ], [ 13.84081, 52.88075 ] ] ] } },
{ "type": "Feature", "properties": { "Z_max": 28.6, "id": "1018" }, "geometry": { "type": "Polygon", "coordinates": [ [ [ 13.84062, 52.87994 ], [ 13.84061, 52.87992 ], [ 13.84055, 52.87992 ], [ 13.84055, 52.87994 ], [ 13.84057, 52.87996 ], [ 13.84058, 52.87996 ], [ 13.84058, 52.87997 ], [ 13.8406, 52.87997 ], [ 13.84061, 52.87998 ], [ 13.84061, 52.87996 ], [ 13.84064, 52.87996 ], [ 13.84064, 52.87994 ], [ 13.84062, 52.87994 ] ] ] } },
{ "type": "Feature", "properties": { "Z_max": 31.4, "id": "1019" }, "geometry": { "type": "Polygon", "coordinates": [ [ [ 13.84076, 52.87997 ], [ 13.84076, 52.87994 ], [ 13.84076, 52.87993 ], [ 13.84074, 52.87993 ], [ 13.84072, 52.87993 ], [ 13.84071, 52.87994 ], [ 13.84069, 52.87994 ], [ 13.84065, 52.87996 ], [ 13.84065, 52.87997 ], [ 13.84068, 52.87997 ], [ 13.84069, 52.87998 ], [ 13.84077, 52.87998 ], [ 13.84077, 52.87997 ], [ 13.84076, 52.87997 ] ] ] } },
{ "type": "Feature", "properties": { "Z_max": 26.3, "id": "1020" }, "geometry": { "type": "Polygon", "coordinates": [ [ [ 13.84076, 52.88046 ], [ 13.8407, 52.88046 ], [ 13.8407, 52.88053 ], [ 13.84073, 52.88053 ], [ 13.84073, 52.88051 ], [ 13.84076, 52.88052 ], [ 13.84078, 52.88051 ], [ 13.8408, 52.88051 ], [ 13.8408, 52.88048 ], [ 13.84076, 52.88046 ] ] ] } },
{ "type": "Feature", "properties": { "Z_max": 13.4, "id": "1021" }, "geometry": { "type": "Polygon", "coordinates": [ [ [ 13.8408, 52.88079 ], [ 13.84079, 52.88079 ], [ 13.84077, 52.88079 ], [ 13.84077, 52.88079 ], [ 13.84079, 52.88079 ], [ 13.8408, 52.8808 ], [ 13.84081, 52.8808 ], [ 13.84082, 52.88079 ], [ 13.8408, 52.88079 ] ] ] } },
{ "type": "Feature", "properties": { "Z_max": 12.5, "id": "1022" }, "geometry": { "type": "Polygon", "coordinates": [ [ [ 13.84079, 52.88071 ], [ 13.84078, 52.88071 ], [ 13.84078, 52.88071 ], [ 13.8408, 52.88071 ], [ 13.84079, 52.88071 ] ] ] } },
{ "type": "Feature", "properties": { "Z_max": 28.9, "id": "1023" }, "geometry": { "type": "Polygon", "coordinates": [ [ [ 13.84074, 52.88003 ], [ 13.84073, 52.88002 ], [ 13.84071, 52.88003 ], [ 13.84071, 52.88003 ], [ 13.84068, 52.88003 ], [ 13.84068, 52.88005 ], [ 13.84069, 52.88005 ], [ 13.8407, 52.88005 ], [ 13.8407, 52.88007 ], [ 13.84072, 52.88007 ], [ 13.84073, 52.88005 ], [ 13.84074, 52.88005 ], [ 13.84074, 52.88003 ] ] ] } },
{ "type": "Feature", "properties": { "Z_max": 10.6, "id": "1024" }, "geometry": { "type": "Polygon", "coordinates": [ [ [ 13.84085, 52.88098 ], [ 13.84085, 52.88098 ], [ 13.84086, 52.88098 ], [ 13.84086, 52.88098 ], [ 13.84085, 52.88098 ] ] ] } },
{ "type": "Feature", "properties": { "Z_max": 27.9, "id": "1025" }, "geometry": { "type": "Polygon", "coordinates": [ [ [ 13.8409, 52.88052 ], [ 13.8409, 52.88051 ], [ 13.84086, 52.8805 ], [ 13.84084, 52.8805 ], [ 13.84084, 52.88049 ], [ 13.84083, 52.88049 ], [ 13.84083, 52.88048 ], [ 13.8408, 52.88048 ], [ 13.84081, 52.8805 ], [ 13.84079, 52.88051 ], [ 13.84079, 52.88052 ], [ 13.8408, 52.88052 ], [ 13.84079, 52.88054 ], [ 13.84074, 52.88054 ], [ 13.84076, 52.88055 ], [ 13.84078, 52.88056 ], [ 13.84079, 52.88058 ], [ 13.84079, 52.8806 ], [ 13.8408, 52.8806 ], [ 13.84083, 52.8806 ], [ 13.84084, 52.88059 ], [ 13.84084, 52.88058 ], [ 13.84086, 52.88057 ], [ 13.84086, 52.88057 ], [ 13.8409, 52.88052 ] ] ] } },
{ "type": "Feature", "properties": { "Z_max": 16.4, "id": "1026" }, "geometry": { "type": "Polygon", "coordinates": [ [ [ 13.84088, 52.8807 ], [ 13.84087, 52.8807 ], [ 13.84086, 52.8807 ], [ 13.84086, 52.88072 ], [ 13.84085, 52.88073 ], [ 13.84081, 52.88073 ], [ 13.84081, 52.88073 ], [ 13.84084, 52.88075 ], [ 13.84086, 52.88076 ], [ 13.84087, 52.88076 ], [ 13.84088, 52.88077 ], [ 13.8409, 52.88077 ], [ 13.84093, 52.88074 ], [ 13.84093, 52.88073 ], [ 13.84088, 52.8807 ] ] ] } },
{ "type": "Feature", "properties": { "Z_max": 15.5, "id": "1027" }, "geometry": { "type": "Polygon", "coordinates": [ [ [ 13.84087, 52.88087 ], [ 13.84086, 52.88086 ], [ 13.84085, 52.88085 ], [ 13.84082, 52.88085 ], [ 13.84076, 52.8809 ], [ 13.84076, 52.88092 ], [ 13.84078, 52.88093 ], [ 13.84081, 52.88093 ], [ 13.84084, 52.8809 ], [ 13.84085, 52.8809 ], [ 13.84086, 52.88089 ], [ 13.84088, 52.88089 ], [ 13.84088, 52.88088 ], [ 13.84087, 52.88087 ] ] ] } },
{ "type": "Feature", "properties": { "Z_max": 14.8, "id": "1028" }, "geometry": { "type": "Polygon", "coordinates": [ [ [ 13.84081, 52.88066 ], [ 13.84083, 52.88063 ], [ 13.84083, 52.8806 ], [ 13.84082, 52.8806 ], [ 13.84077, 52.88063 ], [ 13.84077, 52.88064 ], [ 13.84075, 52.88064 ], [ 13.84077, 52.88066 ], [ 13.84077, 52.88068 ], [ 13.84078, 52.88068 ], [ 13.84079, 52.88068 ], [ 13.84081, 52.88068 ], [ 13.84081, 52.88068 ], [ 13.84081, 52.88066 ] ] ] } },
{ "type": "Feature", "properties": { "Z_max": 29.6, "id": "1029" }, "geometry": { "type": "Polygon", "coordinates": [ [ [ 13.84071, 52.88008 ], [ 13.84068, 52.88008 ], [ 13.84068, 52.88008 ], [ 13.84067, 52.88008 ], [ 13.84067, 52.88009 ], [ 13.84066, 52.88011 ], [ 13.84064, 52.88011 ], [ 13.84064, 52.88012 ], [ 13.84068, 52.88014 ], [ 13.84071, 52.88014 ], [ 13.84071, 52.88013 ], [ 13.84072, 52.88013 ], [ 13.84072, 52.88011 ], [ 13.84071, 52.88008 ] ] ] } },
{ "type": "Feature", "properties": { "Z_max": 14.3, "id": "1030" }, "geometry": { "type": "Polygon", "coordinates": [ [ [ 13.84091, 52.88084 ], [ 13.8409, 52.88084 ], [ 13.8409, 52.88083 ], [ 13.8409, 52.88082 ], [ 13.84084, 52.88083 ], [ 13.84084, 52.88085 ], [ 13.84086, 52.88086 ], [ 13.84087, 52.88086 ], [ 13.8409, 52.88086 ], [ 13.84091, 52.88085 ], [ 13.84091, 52.88084 ] ] ] } },
{ "type": "Feature", "properties": { "Z_max": 27.3, "id": "1031" }, "geometry": { "type": "Polygon", "coordinates": [ [ [ 13.84085, 52.88042 ], [ 13.8408, 52.88039 ], [ 13.84078, 52.88039 ], [ 13.84075, 52.88042 ], [ 13.84073, 52.88043 ], [ 13.84073, 52.88044 ], [ 13.84072, 52.88044 ], [ 13.84072, 52.88046 ], [ 13.84074, 52.88046 ], [ 13.84077, 52.88048 ], [ 13.8408, 52.88048 ], [ 13.84081, 52.88046 ], [ 13.84082, 52.88046 ], [ 13.84082, 52.88045 ], [ 13.84083, 52.88045 ], [ 13.84083, 52.88045 ], [ 13.84085, 52.88044 ], [ 13.84085, 52.88042 ] ] ] } },
{ "type": "Feature", "properties": { "Z_max": 30.6, "id": "1032" }, "geometry": { "type": "Polygon", "coordinates": [ [ [ 13.8407, 52.87999 ], [ 13.84068, 52.87999 ], [ 13.84068, 52.87998 ], [ 13.84064, 52.87998 ], [ 13.84061, 52.87999 ], [ 13.84061, 52.88003 ], [ 13.8407, 52.88003 ], [ 13.8407, 52.87999 ] ] ] } },
{ "type": "Feature", "properties": { "Z_max": 13.7, "id": "1033" }, "geometry": { "type": "Polygon", "coordinates": [ [ [ 13.84094, 52.88092 ], [ 13.84094, 52.88091 ], [ 13.8409, 52.8809 ], [ 13.84089, 52.8809 ], [ 13.84086, 52.8809 ], [ 13.84084, 52.88091 ], [ 13.84086, 52.88092 ], [ 13.84085, 52.88094 ], [ 13.84086, 52.88094 ], [ 13.84095, 52.88092 ], [ 13.84095, 52.88092 ], [ 13.84094, 52.88092 ] ] ] } },
{ "type": "Feature", "properties": { "Z_max": 14.8, "id": "1034" }, "geometry": { "type": "Polygon", "coordinates": [ [ [ 13.84088, 52.88076 ], [ 13.84086, 52.88076 ], [ 13.84085, 52.88075 ], [ 13.84081, 52.88075 ], [ 13.84081, 52.88079 ], [ 13.84085, 52.88079 ], [ 13.84086, 52.88078 ], [ 13.84088, 52.88078 ], [ 13.84088, 52.88076 ] ] ] } },
{ "type": "Feature", "properties": { "Z_max": 14.3, "id": "1035" }, "geometry": { "type": "Polygon", "coordinates": [ [ [ 13.84086, 52.8808 ], [ 13.84086, 52.88081 ], [ 13.84081, 52.88081 ], [ 13.84081, 52.88082 ], [ 13.84083, 52.88082 ], [ 13.84083, 52.88083 ], [ 13.84087, 52.88083 ], [ 13.84088, 52.88082 ], [ 13.84088, 52.88081 ], [ 13.84086, 52.8808 ] ] ] } }
]
}
